2026-06-23 12:50:40,768 [Worker-3: Loading available Gradle versions] INFO  o.e.b.c.i.u.g.PublishedGradleVersions - Gradle version information cache is not available. Remote download required.
2026-06-23 12:50:54,428 [Worker-7: Importing Maven projects] INFO  o.e.m.c.i.e.AbstractTransferListenerAdapter - Downloading https://repo.maven.apache.org/maven2/org/springframework/boot/spring-boot-starter-parent/4.0.0/spring-boot-starter-parent-4.0.0.pom
2026-06-23 12:50:54,478 [Worker-7: Importing Maven projects] INFO  o.e.m.c.i.e.AbstractTransferListenerAdapter - Downloaded https://repo.maven.apache.org/maven2/org/springframework/boot/spring-boot-starter-parent/4.0.0/spring-boot-starter-parent-4.0.0.pom
2026-06-23 12:50:54,532 [Worker-7: Importing Maven projects] INFO  o.e.m.c.i.e.AbstractTransferListenerAdapter - Downloading https://repo.maven.apache.org/maven2/org/springframework/boot/spring-boot-dependencies/4.0.0/spring-boot-dependencies-4.0.0.pom
2026-06-23 12:50:54,578 [Worker-7: Importing Maven projects] INFO  o.e.m.c.i.e.AbstractTransferListenerAdapter - Downloaded https://repo.maven.apache.org/maven2/org/springframework/boot/spring-boot-dependencies/4.0.0/spring-boot-dependencies-4.0.0.pom
2026-06-23 12:50:54,695 [Worker-7: Importing Maven projects] INFO  o.e.m.c.i.e.AbstractTransferListenerAdapter - Downloading https://repo.maven.apache.org/maven2/org/apache/activemq/activemq-bom/6.1.8/activemq-bom-6.1.8.pom
2026-06-23 12:50:54,735 [Worker-7: Importing Maven projects] INFO  o.e.m.c.i.e.AbstractTransferListenerAdapter - Downloaded https://repo.maven.apache.org/maven2/org/apache/activemq/activemq-bom/6.1.8/activemq-bom-6.1.8.pom
2026-06-23 12:50:54,789 [Worker-7: Importing Maven projects] INFO  o.e.m.c.i.e.AbstractTransferListenerAdapter - Downloading https://repo.maven.apache.org/maven2/org/apache/activemq/artemis-bom/2.43.0/artemis-bom-2.43.0.pom
2026-06-23 12:50:54,816 [Worker-7: Importing Maven projects] INFO  o.e.m.c.i.e.AbstractTransferListenerAdapter - Downloaded https://repo.maven.apache.org/maven2/org/apache/activemq/artemis-bom/2.43.0/artemis-bom-2.43.0.pom
2026-06-23 12:50:54,868 [Worker-7: Importing Maven projects] INFO  o.e.m.c.i.e.AbstractTransferListenerAdapter - Downloading https://repo.maven.apache.org/maven2/org/apache/activemq/artemis-project/2.43.0/artemis-project-2.43.0.pom
2026-06-23 12:50:54,907 [Worker-7: Importing Maven projects] INFO  o.e.m.c.i.e.AbstractTransferListenerAdapter - Downloaded https://repo.maven.apache.org/maven2/org/apache/activemq/artemis-project/2.43.0/artemis-project-2.43.0.pom
2026-06-23 12:50:54,973 [Worker-7: Importing Maven projects] INFO  o.e.m.c.i.e.AbstractTransferListenerAdapter - Downloading https://repo.maven.apache.org/maven2/org/assertj/assertj-bom/3.27.6/assertj-bom-3.27.6.pom
2026-06-23 12:50:55,008 [Worker-7: Importing Maven projects] INFO  o.e.m.c.i.e.AbstractTransferListenerAdapter - Downloaded https://repo.maven.apache.org/maven2/org/assertj/assertj-bom/3.27.6/assertj-bom-3.27.6.pom
2026-06-23 12:50:55,051 [Worker-7: Importing Maven projects] INFO  o.e.m.c.i.e.AbstractTransferListenerAdapter - Downloading https://repo.maven.apache.org/maven2/io/zipkin/reporter2/zipkin-reporter-bom/3.5.1/zipkin-reporter-bom-3.5.1.pom
2026-06-23 12:50:55,089 [Worker-7: Importing Maven projects] INFO  o.e.m.c.i.e.AbstractTransferListenerAdapter - Downloaded https://repo.maven.apache.org/maven2/io/zipkin/reporter2/zipkin-reporter-bom/3.5.1/zipkin-reporter-bom-3.5.1.pom
2026-06-23 12:50:55,129 [Worker-7: Importing Maven projects] INFO  o.e.m.c.i.e.AbstractTransferListenerAdapter - Downloading https://repo.maven.apache.org/maven2/io/zipkin/brave/brave-bom/6.3.0/brave-bom-6.3.0.pom
2026-06-23 12:50:55,171 [Worker-7: Importing Maven projects] INFO  o.e.m.c.i.e.AbstractTransferListenerAdapter - Downloaded https://repo.maven.apache.org/maven2/io/zipkin/brave/brave-bom/6.3.0/brave-bom-6.3.0.pom
2026-06-23 12:50:55,222 [Worker-7: Importing Maven projects] INFO  o.e.m.c.i.e.AbstractTransferListenerAdapter - Downloading https://repo.maven.apache.org/maven2/org/apache/cassandra/java-driver-bom/4.19.2/java-driver-bom-4.19.2.pom
2026-06-23 12:50:55,254 [Worker-7: Importing Maven projects] INFO  o.e.m.c.i.e.AbstractTransferListenerAdapter - Downloaded https://repo.maven.apache.org/maven2/org/apache/cassandra/java-driver-bom/4.19.2/java-driver-bom-4.19.2.pom
2026-06-23 12:50:55,295 [Worker-7: Importing Maven projects] INFO  o.e.m.c.i.e.AbstractTransferListenerAdapter - Downloading https://repo.maven.apache.org/maven2/org/apache/groovy/groovy-bom/5.0.2/groovy-bom-5.0.2.pom
2026-06-23 12:50:55,324 [Worker-7: Importing Maven projects] INFO  o.e.m.c.i.e.AbstractTransferListenerAdapter - Downloaded https://repo.maven.apache.org/maven2/org/apache/groovy/groovy-bom/5.0.2/groovy-bom-5.0.2.pom
2026-06-23 12:50:55,376 [Worker-7: Importing Maven projects] INFO  o.e.m.c.i.e.AbstractTransferListenerAdapter - Downloading https://repo.maven.apache.org/maven2/org/infinispan/infinispan-bom/15.2.6.Final/infinispan-bom-15.2.6.Final.pom
2026-06-23 12:50:55,432 [Worker-7: Importing Maven projects] INFO  o.e.m.c.i.e.AbstractTransferListenerAdapter - Downloaded https://repo.maven.apache.org/maven2/org/infinispan/infinispan-bom/15.2.6.Final/infinispan-bom-15.2.6.Final.pom
2026-06-23 12:50:55,483 [Worker-7: Importing Maven projects] INFO  o.e.m.c.i.e.AbstractTransferListenerAdapter - Downloading https://repo.maven.apache.org/maven2/org/infinispan/infinispan-build-configuration-parent/15.2.6.Final/infinispan-build-configuration-parent-15.2.6.Final.pom
2026-06-23 12:50:55,517 [Worker-7: Importing Maven projects] INFO  o.e.m.c.i.e.AbstractTransferListenerAdapter - Downloaded https://repo.maven.apache.org/maven2/org/infinispan/infinispan-build-configuration-parent/15.2.6.Final/infinispan-build-configuration-parent-15.2.6.Final.pom
2026-06-23 12:50:55,571 [Worker-7: Importing Maven projects] INFO  o.e.m.c.i.e.AbstractTransferListenerAdapter - Downloading https://repo.maven.apache.org/maven2/com/fasterxml/jackson/jackson-bom/2.20.1/jackson-bom-2.20.1.pom
2026-06-23 12:50:55,606 [Worker-7: Importing Maven projects] INFO  o.e.m.c.i.e.AbstractTransferListenerAdapter - Downloaded https://repo.maven.apache.org/maven2/com/fasterxml/jackson/jackson-bom/2.20.1/jackson-bom-2.20.1.pom
2026-06-23 12:50:55,661 [Worker-7: Importing Maven projects] INFO  o.e.m.c.i.e.AbstractTransferListenerAdapter - Downloading https://repo.maven.apache.org/maven2/com/fasterxml/jackson/jackson-parent/2.20/jackson-parent-2.20.pom
2026-06-23 12:50:55,698 [Worker-7: Importing Maven projects] INFO  o.e.m.c.i.e.AbstractTransferListenerAdapter - Downloaded https://repo.maven.apache.org/maven2/com/fasterxml/jackson/jackson-parent/2.20/jackson-parent-2.20.pom
2026-06-23 12:50:55,745 [Worker-7: Importing Maven projects] INFO  o.e.m.c.i.e.AbstractTransferListenerAdapter - Downloading https://repo.maven.apache.org/maven2/com/fasterxml/oss-parent/70/oss-parent-70.pom
2026-06-23 12:50:55,782 [Worker-7: Importing Maven projects] INFO  o.e.m.c.i.e.AbstractTransferListenerAdapter - Downloaded https://repo.maven.apache.org/maven2/com/fasterxml/oss-parent/70/oss-parent-70.pom
2026-06-23 12:50:55,841 [Worker-7: Importing Maven projects] INFO  o.e.m.c.i.e.AbstractTransferListenerAdapter - Downloading https://repo.maven.apache.org/maven2/tools/jackson/jackson-bom/3.0.2/jackson-bom-3.0.2.pom
2026-06-23 12:50:55,899 [Worker-7: Importing Maven projects] INFO  o.e.m.c.i.e.AbstractTransferListenerAdapter - Downloaded https://repo.maven.apache.org/maven2/tools/jackson/jackson-bom/3.0.2/jackson-bom-3.0.2.pom
2026-06-23 12:50:55,962 [Worker-7: Importing Maven projects] INFO  o.e.m.c.i.e.AbstractTransferListenerAdapter - Downloading https://repo.maven.apache.org/maven2/com/fasterxml/oss-parent/73/oss-parent-73.pom
2026-06-23 12:50:55,995 [Worker-7: Importing Maven projects] INFO  o.e.m.c.i.e.AbstractTransferListenerAdapter - Downloaded https://repo.maven.apache.org/maven2/com/fasterxml/oss-parent/73/oss-parent-73.pom
2026-06-23 12:50:56,084 [Worker-7: Importing Maven projects] INFO  o.e.m.c.i.e.AbstractTransferListenerAdapter - Downloading https://repo.maven.apache.org/maven2/org/glassfish/jersey/jersey-bom/4.0.0/jersey-bom-4.0.0.pom
2026-06-23 12:50:56,120 [Worker-7: Importing Maven projects] INFO  o.e.m.c.i.e.AbstractTransferListenerAdapter - Downloaded https://repo.maven.apache.org/maven2/org/glassfish/jersey/jersey-bom/4.0.0/jersey-bom-4.0.0.pom
2026-06-23 12:50:56,180 [Worker-7: Importing Maven projects] INFO  o.e.m.c.i.e.AbstractTransferListenerAdapter - Downloading https://repo.maven.apache.org/maven2/org/eclipse/jetty/ee11/jetty-ee11-bom/12.1.4/jetty-ee11-bom-12.1.4.pom
2026-06-23 12:50:56,212 [Worker-7: Importing Maven projects] INFO  o.e.m.c.i.e.AbstractTransferListenerAdapter - Downloaded https://repo.maven.apache.org/maven2/org/eclipse/jetty/ee11/jetty-ee11-bom/12.1.4/jetty-ee11-bom-12.1.4.pom
2026-06-23 12:50:56,260 [Worker-7: Importing Maven projects] INFO  o.e.m.c.i.e.AbstractTransferListenerAdapter - Downloading https://repo.maven.apache.org/maven2/org/eclipse/jetty/jetty-bom/12.1.4/jetty-bom-12.1.4.pom
2026-06-23 12:50:56,294 [Worker-7: Importing Maven projects] INFO  o.e.m.c.i.e.AbstractTransferListenerAdapter - Downloaded https://repo.maven.apache.org/maven2/org/eclipse/jetty/jetty-bom/12.1.4/jetty-bom-12.1.4.pom
2026-06-23 12:50:56,344 [Worker-7: Importing Maven projects] INFO  o.e.m.c.i.e.AbstractTransferListenerAdapter - Downloading https://repo.maven.apache.org/maven2/org/jooq/jooq-bom/3.19.28/jooq-bom-3.19.28.pom
2026-06-23 12:50:56,373 [Worker-7: Importing Maven projects] INFO  o.e.m.c.i.e.AbstractTransferListenerAdapter - Downloaded https://repo.maven.apache.org/maven2/org/jooq/jooq-bom/3.19.28/jooq-bom-3.19.28.pom
2026-06-23 12:50:56,412 [Worker-7: Importing Maven projects] INFO  o.e.m.c.i.e.AbstractTransferListenerAdapter - Downloading https://repo.maven.apache.org/maven2/org/junit/junit-bom/6.0.1/junit-bom-6.0.1.pom
2026-06-23 12:50:56,436 [Worker-7: Importing Maven projects] INFO  o.e.m.c.i.e.AbstractTransferListenerAdapter - Downloaded https://repo.maven.apache.org/maven2/org/junit/junit-bom/6.0.1/junit-bom-6.0.1.pom
2026-06-23 12:50:56,483 [Worker-7: Importing Maven projects] INFO  o.e.m.c.i.e.AbstractTransferListenerAdapter - Downloading https://repo.maven.apache.org/maven2/org/jetbrains/kotlin/kotlin-bom/2.2.21/kotlin-bom-2.2.21.pom
2026-06-23 12:50:56,511 [Worker-7: Importing Maven projects] INFO  o.e.m.c.i.e.AbstractTransferListenerAdapter - Downloaded https://repo.maven.apache.org/maven2/org/jetbrains/kotlin/kotlin-bom/2.2.21/kotlin-bom-2.2.21.pom
2026-06-23 12:50:56,557 [Worker-7: Importing Maven projects] INFO  o.e.m.c.i.e.AbstractTransferListenerAdapter - Downloading https://repo.maven.apache.org/maven2/org/jetbrains/kotlinx/kotlinx-serialization-bom/1.9.0/kotlinx-serialization-bom-1.9.0.pom
2026-06-23 12:50:56,584 [Worker-7: Importing Maven projects] INFO  o.e.m.c.i.e.AbstractTransferListenerAdapter - Downloaded https://repo.maven.apache.org/maven2/org/jetbrains/kotlinx/kotlinx-serialization-bom/1.9.0/kotlinx-serialization-bom-1.9.0.pom
2026-06-23 12:50:56,626 [Worker-7: Importing Maven projects] INFO  o.e.m.c.i.e.AbstractTransferListenerAdapter - Downloading https://repo.maven.apache.org/maven2/org/apache/logging/log4j/log4j-bom/2.25.2/log4j-bom-2.25.2.pom
2026-06-23 12:50:56,651 [Worker-7: Importing Maven projects] INFO  o.e.m.c.i.e.AbstractTransferListenerAdapter - Downloaded https://repo.maven.apache.org/maven2/org/apache/logging/log4j/log4j-bom/2.25.2/log4j-bom-2.25.2.pom
2026-06-23 12:50:56,697 [Worker-7: Importing Maven projects] INFO  o.e.m.c.i.e.AbstractTransferListenerAdapter - Downloading https://repo.maven.apache.org/maven2/io/micrometer/micrometer-bom/1.16.0/micrometer-bom-1.16.0.pom
2026-06-23 12:50:56,724 [Worker-7: Importing Maven projects] INFO  o.e.m.c.i.e.AbstractTransferListenerAdapter - Downloaded https://repo.maven.apache.org/maven2/io/micrometer/micrometer-bom/1.16.0/micrometer-bom-1.16.0.pom
2026-06-23 12:50:56,768 [Worker-7: Importing Maven projects] INFO  o.e.m.c.i.e.AbstractTransferListenerAdapter - Downloading https://repo.maven.apache.org/maven2/io/micrometer/micrometer-tracing-bom/1.6.0/micrometer-tracing-bom-1.6.0.pom
2026-06-23 12:50:56,794 [Worker-7: Importing Maven projects] INFO  o.e.m.c.i.e.AbstractTransferListenerAdapter - Downloaded https://repo.maven.apache.org/maven2/io/micrometer/micrometer-tracing-bom/1.6.0/micrometer-tracing-bom-1.6.0.pom
2026-06-23 12:50:56,835 [Worker-7: Importing Maven projects] INFO  o.e.m.c.i.e.AbstractTransferListenerAdapter - Downloading https://repo.maven.apache.org/maven2/org/mockito/mockito-bom/5.20.0/mockito-bom-5.20.0.pom
2026-06-23 12:50:56,877 [Worker-7: Importing Maven projects] INFO  o.e.m.c.i.e.AbstractTransferListenerAdapter - Downloaded https://repo.maven.apache.org/maven2/org/mockito/mockito-bom/5.20.0/mockito-bom-5.20.0.pom
2026-06-23 12:50:56,920 [Worker-7: Importing Maven projects] INFO  o.e.m.c.i.e.AbstractTransferListenerAdapter - Downloading https://repo.maven.apache.org/maven2/org/mongodb/mongodb-driver-bom/5.6.1/mongodb-driver-bom-5.6.1.pom
2026-06-23 12:50:56,972 [Worker-7: Importing Maven projects] INFO  o.e.m.c.i.e.AbstractTransferListenerAdapter - Downloaded https://repo.maven.apache.org/maven2/org/mongodb/mongodb-driver-bom/5.6.1/mongodb-driver-bom-5.6.1.pom
2026-06-23 12:50:57,026 [Worker-7: Importing Maven projects] INFO  o.e.m.c.i.e.AbstractTransferListenerAdapter - Downloading https://repo.maven.apache.org/maven2/org/neo4j/driver/neo4j-java-driver-bom/6.0.2/neo4j-java-driver-bom-6.0.2.pom
2026-06-23 12:50:57,058 [Worker-7: Importing Maven projects] INFO  o.e.m.c.i.e.AbstractTransferListenerAdapter - Downloaded https://repo.maven.apache.org/maven2/org/neo4j/driver/neo4j-java-driver-bom/6.0.2/neo4j-java-driver-bom-6.0.2.pom
2026-06-23 12:50:57,097 [Worker-7: Importing Maven projects] INFO  o.e.m.c.i.e.AbstractTransferListenerAdapter - Downloading https://repo.maven.apache.org/maven2/org/neo4j/bolt/neo4j-bolt-connection-bom/10.1.0/neo4j-bolt-connection-bom-10.1.0.pom
2026-06-23 12:50:57,125 [Worker-7: Importing Maven projects] INFO  o.e.m.c.i.e.AbstractTransferListenerAdapter - Downloaded https://repo.maven.apache.org/maven2/org/neo4j/bolt/neo4j-bolt-connection-bom/10.1.0/neo4j-bolt-connection-bom-10.1.0.pom
2026-06-23 12:50:57,168 [Worker-7: Importing Maven projects] INFO  o.e.m.c.i.e.AbstractTransferListenerAdapter - Downloading https://repo.maven.apache.org/maven2/io/netty/netty-bom/4.2.7.Final/netty-bom-4.2.7.Final.pom
2026-06-23 12:50:57,242 [Worker-7: Importing Maven projects] INFO  o.e.m.c.i.e.AbstractTransferListenerAdapter - Downloaded https://repo.maven.apache.org/maven2/io/netty/netty-bom/4.2.7.Final/netty-bom-4.2.7.Final.pom
2026-06-23 12:50:57,308 [Worker-7: Importing Maven projects] INFO  o.e.m.c.i.e.AbstractTransferListenerAdapter - Downloading https://repo.maven.apache.org/maven2/io/opentelemetry/opentelemetry-bom/1.55.0/opentelemetry-bom-1.55.0.pom
2026-06-23 12:50:57,357 [Worker-7: Importing Maven projects] INFO  o.e.m.c.i.e.AbstractTransferListenerAdapter - Downloaded https://repo.maven.apache.org/maven2/io/opentelemetry/opentelemetry-bom/1.55.0/opentelemetry-bom-1.55.0.pom
2026-06-23 12:50:57,411 [Worker-7: Importing Maven projects] INFO  o.e.m.c.i.e.AbstractTransferListenerAdapter - Downloading https://repo.maven.apache.org/maven2/io/prometheus/prometheus-metrics-bom/1.4.3/prometheus-metrics-bom-1.4.3.pom
2026-06-23 12:50:57,435 [Worker-7: Importing Maven projects] INFO  o.e.m.c.i.e.AbstractTransferListenerAdapter - Downloaded https://repo.maven.apache.org/maven2/io/prometheus/prometheus-metrics-bom/1.4.3/prometheus-metrics-bom-1.4.3.pom
2026-06-23 12:50:57,478 [Worker-7: Importing Maven projects] INFO  o.e.m.c.i.e.AbstractTransferListenerAdapter - Downloading https://repo.maven.apache.org/maven2/io/prometheus/client_java_parent/1.4.3/client_java_parent-1.4.3.pom
2026-06-23 12:50:57,506 [Worker-7: Importing Maven projects] INFO  o.e.m.c.i.e.AbstractTransferListenerAdapter - Downloaded https://repo.maven.apache.org/maven2/io/prometheus/client_java_parent/1.4.3/client_java_parent-1.4.3.pom
2026-06-23 12:50:57,553 [Worker-7: Importing Maven projects] INFO  o.e.m.c.i.e.AbstractTransferListenerAdapter - Downloading https://repo.maven.apache.org/maven2/org/apache/pulsar/pulsar-bom/4.1.1/pulsar-bom-4.1.1.pom
2026-06-23 12:50:57,583 [Worker-7: Importing Maven projects] INFO  o.e.m.c.i.e.AbstractTransferListenerAdapter - Downloaded https://repo.maven.apache.org/maven2/org/apache/pulsar/pulsar-bom/4.1.1/pulsar-bom-4.1.1.pom
2026-06-23 12:50:57,635 [Worker-7: Importing Maven projects] INFO  o.e.m.c.i.e.AbstractTransferListenerAdapter - Downloading https://repo.maven.apache.org/maven2/io/projectreactor/reactor-bom/2025.0.0/reactor-bom-2025.0.0.pom
2026-06-23 12:50:57,663 [Worker-7: Importing Maven projects] INFO  o.e.m.c.i.e.AbstractTransferListenerAdapter - Downloaded https://repo.maven.apache.org/maven2/io/projectreactor/reactor-bom/2025.0.0/reactor-bom-2025.0.0.pom
2026-06-23 12:50:57,706 [Worker-7: Importing Maven projects] INFO  o.e.m.c.i.e.AbstractTransferListenerAdapter - Downloading https://repo.maven.apache.org/maven2/org/seleniumhq/selenium/selenium-bom/4.37.0/selenium-bom-4.37.0.pom
2026-06-23 12:50:57,734 [Worker-7: Importing Maven projects] INFO  o.e.m.c.i.e.AbstractTransferListenerAdapter - Downloaded https://repo.maven.apache.org/maven2/org/seleniumhq/selenium/selenium-bom/4.37.0/selenium-bom-4.37.0.pom
2026-06-23 12:50:57,774 [Worker-7: Importing Maven projects] INFO  o.e.m.c.i.e.AbstractTransferListenerAdapter - Downloading https://repo.maven.apache.org/maven2/org/springframework/amqp/spring-amqp-bom/4.0.0/spring-amqp-bom-4.0.0.pom
2026-06-23 12:50:57,802 [Worker-7: Importing Maven projects] INFO  o.e.m.c.i.e.AbstractTransferListenerAdapter - Downloaded https://repo.maven.apache.org/maven2/org/springframework/amqp/spring-amqp-bom/4.0.0/spring-amqp-bom-4.0.0.pom
2026-06-23 12:50:57,848 [Worker-7: Importing Maven projects] INFO  o.e.m.c.i.e.AbstractTransferListenerAdapter - Downloading https://repo.maven.apache.org/maven2/org/springframework/batch/spring-batch-bom/6.0.0/spring-batch-bom-6.0.0.pom
2026-06-23 12:50:57,878 [Worker-7: Importing Maven projects] INFO  o.e.m.c.i.e.AbstractTransferListenerAdapter - Downloaded https://repo.maven.apache.org/maven2/org/springframework/batch/spring-batch-bom/6.0.0/spring-batch-bom-6.0.0.pom
2026-06-23 12:50:57,950 [Worker-7: Importing Maven projects] INFO  o.e.m.c.i.e.AbstractTransferListenerAdapter - Downloading https://repo.maven.apache.org/maven2/org/springframework/data/spring-data-bom/2025.1.0/spring-data-bom-2025.1.0.pom
2026-06-23 12:50:57,979 [Worker-7: Importing Maven projects] INFO  o.e.m.c.i.e.AbstractTransferListenerAdapter - Downloaded https://repo.maven.apache.org/maven2/org/springframework/data/spring-data-bom/2025.1.0/spring-data-bom-2025.1.0.pom
2026-06-23 12:50:58,021 [Worker-7: Importing Maven projects] INFO  o.e.m.c.i.e.AbstractTransferListenerAdapter - Downloading https://repo.maven.apache.org/maven2/org/springframework/spring-framework-bom/7.0.1/spring-framework-bom-7.0.1.pom
2026-06-23 12:50:58,049 [Worker-7: Importing Maven projects] INFO  o.e.m.c.i.e.AbstractTransferListenerAdapter - Downloaded https://repo.maven.apache.org/maven2/org/springframework/spring-framework-bom/7.0.1/spring-framework-bom-7.0.1.pom
2026-06-23 12:50:58,097 [Worker-7: Importing Maven projects] INFO  o.e.m.c.i.e.AbstractTransferListenerAdapter - Downloading https://repo.maven.apache.org/maven2/org/springframework/integration/spring-integration-bom/7.0.0/spring-integration-bom-7.0.0.pom
2026-06-23 12:50:58,124 [Worker-7: Importing Maven projects] INFO  o.e.m.c.i.e.AbstractTransferListenerAdapter - Downloaded https://repo.maven.apache.org/maven2/org/springframework/integration/spring-integration-bom/7.0.0/spring-integration-bom-7.0.0.pom
2026-06-23 12:50:58,175 [Worker-7: Importing Maven projects] INFO  o.e.m.c.i.e.AbstractTransferListenerAdapter - Downloading https://repo.maven.apache.org/maven2/org/springframework/pulsar/spring-pulsar-bom/2.0.0/spring-pulsar-bom-2.0.0.pom
2026-06-23 12:50:58,201 [Worker-7: Importing Maven projects] INFO  o.e.m.c.i.e.AbstractTransferListenerAdapter - Downloaded https://repo.maven.apache.org/maven2/org/springframework/pulsar/spring-pulsar-bom/2.0.0/spring-pulsar-bom-2.0.0.pom
2026-06-23 12:50:58,241 [Worker-7: Importing Maven projects] INFO  o.e.m.c.i.e.AbstractTransferListenerAdapter - Downloading https://repo.maven.apache.org/maven2/org/springframework/restdocs/spring-restdocs-bom/4.0.0/spring-restdocs-bom-4.0.0.pom
2026-06-23 12:50:58,270 [Worker-7: Importing Maven projects] INFO  o.e.m.c.i.e.AbstractTransferListenerAdapter - Downloaded https://repo.maven.apache.org/maven2/org/springframework/restdocs/spring-restdocs-bom/4.0.0/spring-restdocs-bom-4.0.0.pom
2026-06-23 12:50:58,311 [Worker-7: Importing Maven projects] INFO  o.e.m.c.i.e.AbstractTransferListenerAdapter - Downloading https://repo.maven.apache.org/maven2/org/springframework/security/spring-security-bom/7.0.0/spring-security-bom-7.0.0.pom
2026-06-23 12:50:58,338 [Worker-7: Importing Maven projects] INFO  o.e.m.c.i.e.AbstractTransferListenerAdapter - Downloaded https://repo.maven.apache.org/maven2/org/springframework/security/spring-security-bom/7.0.0/spring-security-bom-7.0.0.pom
2026-06-23 12:50:58,375 [Worker-7: Importing Maven projects] INFO  o.e.m.c.i.e.AbstractTransferListenerAdapter - Downloading https://repo.maven.apache.org/maven2/org/springframework/session/spring-session-bom/4.0.0/spring-session-bom-4.0.0.pom
2026-06-23 12:50:58,403 [Worker-7: Importing Maven projects] INFO  o.e.m.c.i.e.AbstractTransferListenerAdapter - Downloaded https://repo.maven.apache.org/maven2/org/springframework/session/spring-session-bom/4.0.0/spring-session-bom-4.0.0.pom
2026-06-23 12:50:58,442 [Worker-7: Importing Maven projects] INFO  o.e.m.c.i.e.AbstractTransferListenerAdapter - Downloading https://repo.maven.apache.org/maven2/org/springframework/ws/spring-ws-bom/5.0.0/spring-ws-bom-5.0.0.pom
2026-06-23 12:50:58,471 [Worker-7: Importing Maven projects] INFO  o.e.m.c.i.e.AbstractTransferListenerAdapter - Downloaded https://repo.maven.apache.org/maven2/org/springframework/ws/spring-ws-bom/5.0.0/spring-ws-bom-5.0.0.pom
2026-06-23 12:50:58,513 [Worker-7: Importing Maven projects] INFO  o.e.m.c.i.e.AbstractTransferListenerAdapter - Downloading https://repo.maven.apache.org/maven2/org/testcontainers/testcontainers-bom/2.0.2/testcontainers-bom-2.0.2.pom
2026-06-23 12:50:58,539 [Worker-7: Importing Maven projects] INFO  o.e.m.c.i.e.AbstractTransferListenerAdapter - Downloaded https://repo.maven.apache.org/maven2/org/testcontainers/testcontainers-bom/2.0.2/testcontainers-bom-2.0.2.pom
2026-06-23 12:50:59,113 [Worker-7: Importing Maven projects] INFO  o.e.m.c.i.e.AbstractTransferListenerAdapter - Downloading https://repo.maven.apache.org/maven2/org/springframework/boot/spring-boot-maven-plugin/4.0.0/spring-boot-maven-plugin-4.0.0.pom
2026-06-23 12:50:59,162 [Worker-7: Importing Maven projects] INFO  o.e.m.c.i.e.AbstractTransferListenerAdapter - Downloaded https://repo.maven.apache.org/maven2/org/springframework/boot/spring-boot-maven-plugin/4.0.0/spring-boot-maven-plugin-4.0.0.pom
2026-06-23 12:50:59,206 [Worker-7: Importing Maven projects] INFO  o.e.m.c.i.e.AbstractTransferListenerAdapter - Downloading https://repo.maven.apache.org/maven2/org/springframework/boot/spring-boot-maven-plugin/4.0.0/spring-boot-maven-plugin-4.0.0.jar
2026-06-23 12:50:59,249 [Worker-7: Importing Maven projects] INFO  o.e.m.c.i.e.AbstractTransferListenerAdapter - Downloaded https://repo.maven.apache.org/maven2/org/springframework/boot/spring-boot-maven-plugin/4.0.0/spring-boot-maven-plugin-4.0.0.jar
2026-06-23 12:50:59,464 [Worker-7: Importing Maven projects] INFO  o.e.m.c.i.e.AbstractTransferListenerAdapter - Downloading https://repo.maven.apache.org/maven2/org/apache/maven/plugins/maven-compiler-plugin/3.14.1/maven-compiler-plugin-3.14.1.jar
2026-06-23 12:50:59,497 [Worker-7: Importing Maven projects] INFO  o.e.m.c.i.e.AbstractTransferListenerAdapter - Downloaded https://repo.maven.apache.org/maven2/org/apache/maven/plugins/maven-compiler-plugin/3.14.1/maven-compiler-plugin-3.14.1.jar
2026-06-23 12:50:59,550 [Worker-7: Importing Maven projects] INFO  o.e.m.c.i.e.AbstractTransferListenerAdapter - Downloading https://repo.maven.apache.org/maven2/org/apache/maven/plugins/maven-surefire-plugin/3.5.4/maven-surefire-plugin-3.5.4.jar
2026-06-23 12:50:59,774 [Worker-7: Importing Maven projects] INFO  o.e.m.c.i.e.AbstractTransferListenerAdapter - Downloaded https://repo.maven.apache.org/maven2/org/apache/maven/plugins/maven-surefire-plugin/3.5.4/maven-surefire-plugin-3.5.4.jar
2026-06-23 12:50:59,905 [Worker-7: Importing Maven projects] INFO  o.e.m.c.i.e.AbstractTransferListenerAdapter - Downloading https://repo.maven.apache.org/maven2/org/apache/maven/plugins/maven-jar-plugin/3.4.2/maven-jar-plugin-3.4.2.jar
2026-06-23 12:51:00,172 [Worker-7: Importing Maven projects] INFO  o.e.m.c.i.e.AbstractTransferListenerAdapter - Downloaded https://repo.maven.apache.org/maven2/org/apache/maven/plugins/maven-jar-plugin/3.4.2/maven-jar-plugin-3.4.2.jar
2026-06-23 12:51:00,376 [Worker-7: Importing Maven projects] INFO  o.e.m.c.i.e.AbstractTransferListenerAdapter - Downloading https://repo.maven.apache.org/maven2/org/apache/maven/plugins/maven-compiler-plugin/3.14.1/maven-compiler-plugin-3.14.1.pom
2026-06-23 12:51:00,412 [Worker-7: Importing Maven projects] INFO  o.e.m.c.i.e.AbstractTransferListenerAdapter - Downloaded https://repo.maven.apache.org/maven2/org/apache/maven/plugins/maven-compiler-plugin/3.14.1/maven-compiler-plugin-3.14.1.pom
2026-06-23 12:51:00,866 [Worker-7: Importing Maven projects] INFO  o.e.m.c.i.e.AbstractTransferListenerAdapter - Downloading https://repo.maven.apache.org/maven2/org/codehaus/plexus/plexus-java/1.5.0/plexus-java-1.5.0.pom
2026-06-23 12:51:00,913 [Worker-7: Importing Maven projects] INFO  o.e.m.c.i.e.AbstractTransferListenerAdapter - Downloaded https://repo.maven.apache.org/maven2/org/codehaus/plexus/plexus-java/1.5.0/plexus-java-1.5.0.pom
2026-06-23 12:51:00,956 [Worker-7: Importing Maven projects] INFO  o.e.m.c.i.e.AbstractTransferListenerAdapter - Downloading https://repo.maven.apache.org/maven2/org/codehaus/plexus/plexus-languages/1.5.0/plexus-languages-1.5.0.pom
2026-06-23 12:51:00,986 [Worker-7: Importing Maven projects] INFO  o.e.m.c.i.e.AbstractTransferListenerAdapter - Downloaded https://repo.maven.apache.org/maven2/org/codehaus/plexus/plexus-languages/1.5.0/plexus-languages-1.5.0.pom
2026-06-23 12:51:01,514 [Worker-7: Importing Maven projects] INFO  o.e.m.c.i.e.AbstractTransferListenerAdapter - Downloading https://repo.maven.apache.org/maven2/org/ow2/asm/asm/9.8/asm-9.8.jar
2026-06-23 12:51:01,545 [Worker-7: Importing Maven projects] INFO  o.e.m.c.i.e.AbstractTransferListenerAdapter - Downloaded https://repo.maven.apache.org/maven2/org/ow2/asm/asm/9.8/asm-9.8.jar
2026-06-23 12:51:01,579 [BasicRepositoryConnector-repo.maven.apache.org-0-0] INFO  o.e.m.c.i.e.AbstractTransferListenerAdapter - Downloading https://repo.maven.apache.org/maven2/org/codehaus/plexus/plexus-java/1.5.0/plexus-java-1.5.0.jar
2026-06-23 12:51:01,625 [BasicRepositoryConnector-repo.maven.apache.org-0-0] INFO  o.e.m.c.i.e.AbstractTransferListenerAdapter - Downloaded https://repo.maven.apache.org/maven2/org/codehaus/plexus/plexus-java/1.5.0/plexus-java-1.5.0.jar
2026-06-23 12:51:03,509 [Worker-7: Importing Maven projects] INFO  o.e.m.c.i.l.LifecycleMappingFactory - Using org.eclipse.m2e.jdt.JarLifecycleMapping lifecycle mapping for MavenProject: com.educandoweb:course:0.0.1-SNAPSHOT @ C:\Users\USUARIO\Documents\Cursos\04. JAVA - Orientação à Objeto\Curso - Java\019. Project Web Services\workshop-springboot4-jpa\pom.xml.
2026-06-23 12:51:03,561 [Worker-7: Importing Maven projects] INFO  o.e.m.c.i.e.AbstractTransferListenerAdapter - Downloading https://repo.maven.apache.org/maven2/org/springframework/boot/spring-boot-h2console/4.0.0/spring-boot-h2console-4.0.0.pom
2026-06-23 12:51:03,594 [Worker-7: Importing Maven projects] INFO  o.e.m.c.i.e.AbstractTransferListenerAdapter - Downloaded https://repo.maven.apache.org/maven2/org/springframework/boot/spring-boot-h2console/4.0.0/spring-boot-h2console-4.0.0.pom
2026-06-23 12:51:03,632 [Worker-7: Importing Maven projects] INFO  o.e.m.c.i.e.AbstractTransferListenerAdapter - Downloading https://repo.maven.apache.org/maven2/org/springframework/boot/spring-boot/4.0.0/spring-boot-4.0.0.pom
2026-06-23 12:51:03,663 [Worker-7: Importing Maven projects] INFO  o.e.m.c.i.e.AbstractTransferListenerAdapter - Downloaded https://repo.maven.apache.org/maven2/org/springframework/boot/spring-boot/4.0.0/spring-boot-4.0.0.pom
2026-06-23 12:51:03,707 [Worker-7: Importing Maven projects] INFO  o.e.m.c.i.e.AbstractTransferListenerAdapter - Downloading https://repo.maven.apache.org/maven2/org/springframework/spring-core/7.0.1/spring-core-7.0.1.pom
2026-06-23 12:51:03,734 [Worker-7: Importing Maven projects] INFO  o.e.m.c.i.e.AbstractTransferListenerAdapter - Downloaded https://repo.maven.apache.org/maven2/org/springframework/spring-core/7.0.1/spring-core-7.0.1.pom
2026-06-23 12:51:03,846 [Worker-7: Importing Maven projects] INFO  o.e.m.c.i.e.AbstractTransferListenerAdapter - Downloading https://repo.maven.apache.org/maven2/org/springframework/spring-context/7.0.1/spring-context-7.0.1.pom
2026-06-23 12:51:03,872 [Worker-7: Importing Maven projects] INFO  o.e.m.c.i.e.AbstractTransferListenerAdapter - Downloaded https://repo.maven.apache.org/maven2/org/springframework/spring-context/7.0.1/spring-context-7.0.1.pom
2026-06-23 12:51:03,909 [Worker-7: Importing Maven projects] INFO  o.e.m.c.i.e.AbstractTransferListenerAdapter - Downloading https://repo.maven.apache.org/maven2/org/springframework/spring-aop/7.0.1/spring-aop-7.0.1.pom
2026-06-23 12:51:03,936 [Worker-7: Importing Maven projects] INFO  o.e.m.c.i.e.AbstractTransferListenerAdapter - Downloaded https://repo.maven.apache.org/maven2/org/springframework/spring-aop/7.0.1/spring-aop-7.0.1.pom
2026-06-23 12:51:03,972 [Worker-7: Importing Maven projects] INFO  o.e.m.c.i.e.AbstractTransferListenerAdapter - Downloading https://repo.maven.apache.org/maven2/org/springframework/spring-beans/7.0.1/spring-beans-7.0.1.pom
2026-06-23 12:51:04,001 [Worker-7: Importing Maven projects] INFO  o.e.m.c.i.e.AbstractTransferListenerAdapter - Downloaded https://repo.maven.apache.org/maven2/org/springframework/spring-beans/7.0.1/spring-beans-7.0.1.pom
2026-06-23 12:51:04,042 [Worker-7: Importing Maven projects] INFO  o.e.m.c.i.e.AbstractTransferListenerAdapter - Downloading https://repo.maven.apache.org/maven2/org/springframework/spring-expression/7.0.1/spring-expression-7.0.1.pom
2026-06-23 12:51:04,069 [Worker-7: Importing Maven projects] INFO  o.e.m.c.i.e.AbstractTransferListenerAdapter - Downloaded https://repo.maven.apache.org/maven2/org/springframework/spring-expression/7.0.1/spring-expression-7.0.1.pom
2026-06-23 12:51:04,112 [Worker-7: Importing Maven projects] INFO  o.e.m.c.i.e.AbstractTransferListenerAdapter - Downloading https://repo.maven.apache.org/maven2/io/micrometer/micrometer-observation/1.16.0/micrometer-observation-1.16.0.pom
2026-06-23 12:51:04,138 [Worker-7: Importing Maven projects] INFO  o.e.m.c.i.e.AbstractTransferListenerAdapter - Downloaded https://repo.maven.apache.org/maven2/io/micrometer/micrometer-observation/1.16.0/micrometer-observation-1.16.0.pom
2026-06-23 12:51:04,179 [Worker-7: Importing Maven projects] INFO  o.e.m.c.i.e.AbstractTransferListenerAdapter - Downloading https://repo.maven.apache.org/maven2/io/micrometer/micrometer-commons/1.16.0/micrometer-commons-1.16.0.pom
2026-06-23 12:51:04,204 [Worker-7: Importing Maven projects] INFO  o.e.m.c.i.e.AbstractTransferListenerAdapter - Downloaded https://repo.maven.apache.org/maven2/io/micrometer/micrometer-commons/1.16.0/micrometer-commons-1.16.0.pom
2026-06-23 12:51:04,277 [Worker-7: Importing Maven projects] INFO  o.e.m.c.i.e.AbstractTransferListenerAdapter - Downloading https://repo.maven.apache.org/maven2/org/springframework/boot/spring-boot-starter-data-jpa/4.0.0/spring-boot-starter-data-jpa-4.0.0.pom
2026-06-23 12:51:04,309 [Worker-7: Importing Maven projects] INFO  o.e.m.c.i.e.AbstractTransferListenerAdapter - Downloaded https://repo.maven.apache.org/maven2/org/springframework/boot/spring-boot-starter-data-jpa/4.0.0/spring-boot-starter-data-jpa-4.0.0.pom
2026-06-23 12:51:04,352 [Worker-7: Importing Maven projects] INFO  o.e.m.c.i.e.AbstractTransferListenerAdapter - Downloading https://repo.maven.apache.org/maven2/org/springframework/boot/spring-boot-starter/4.0.0/spring-boot-starter-4.0.0.pom
2026-06-23 12:51:04,381 [Worker-7: Importing Maven projects] INFO  o.e.m.c.i.e.AbstractTransferListenerAdapter - Downloaded https://repo.maven.apache.org/maven2/org/springframework/boot/spring-boot-starter/4.0.0/spring-boot-starter-4.0.0.pom
2026-06-23 12:51:04,420 [Worker-7: Importing Maven projects] INFO  o.e.m.c.i.e.AbstractTransferListenerAdapter - Downloading https://repo.maven.apache.org/maven2/org/springframework/boot/spring-boot-starter-logging/4.0.0/spring-boot-starter-logging-4.0.0.pom
2026-06-23 12:51:04,450 [Worker-7: Importing Maven projects] INFO  o.e.m.c.i.e.AbstractTransferListenerAdapter - Downloaded https://repo.maven.apache.org/maven2/org/springframework/boot/spring-boot-starter-logging/4.0.0/spring-boot-starter-logging-4.0.0.pom
2026-06-23 12:51:04,492 [Worker-7: Importing Maven projects] INFO  o.e.m.c.i.e.AbstractTransferListenerAdapter - Downloading https://repo.maven.apache.org/maven2/ch/qos/logback/logback-classic/1.5.21/logback-classic-1.5.21.pom
2026-06-23 12:51:04,516 [Worker-7: Importing Maven projects] INFO  o.e.m.c.i.e.AbstractTransferListenerAdapter - Downloaded https://repo.maven.apache.org/maven2/ch/qos/logback/logback-classic/1.5.21/logback-classic-1.5.21.pom
2026-06-23 12:51:04,560 [Worker-7: Importing Maven projects] INFO  o.e.m.c.i.e.AbstractTransferListenerAdapter - Downloading https://repo.maven.apache.org/maven2/ch/qos/logback/logback-parent/1.5.21/logback-parent-1.5.21.pom
2026-06-23 12:51:04,589 [Worker-7: Importing Maven projects] INFO  o.e.m.c.i.e.AbstractTransferListenerAdapter - Downloaded https://repo.maven.apache.org/maven2/ch/qos/logback/logback-parent/1.5.21/logback-parent-1.5.21.pom
2026-06-23 12:51:04,634 [Worker-7: Importing Maven projects] INFO  o.e.m.c.i.e.AbstractTransferListenerAdapter - Downloading https://repo.maven.apache.org/maven2/ch/qos/logback/logback-core/1.5.21/logback-core-1.5.21.pom
2026-06-23 12:51:04,659 [Worker-7: Importing Maven projects] INFO  o.e.m.c.i.e.AbstractTransferListenerAdapter - Downloaded https://repo.maven.apache.org/maven2/ch/qos/logback/logback-core/1.5.21/logback-core-1.5.21.pom
2026-06-23 12:51:04,701 [Worker-7: Importing Maven projects] INFO  o.e.m.c.i.e.AbstractTransferListenerAdapter - Downloading https://repo.maven.apache.org/maven2/org/slf4j/slf4j-api/2.0.17/slf4j-api-2.0.17.pom
2026-06-23 12:51:04,728 [Worker-7: Importing Maven projects] INFO  o.e.m.c.i.e.AbstractTransferListenerAdapter - Downloaded https://repo.maven.apache.org/maven2/org/slf4j/slf4j-api/2.0.17/slf4j-api-2.0.17.pom
2026-06-23 12:51:04,764 [Worker-7: Importing Maven projects] INFO  o.e.m.c.i.e.AbstractTransferListenerAdapter - Downloading https://repo.maven.apache.org/maven2/org/slf4j/slf4j-parent/2.0.17/slf4j-parent-2.0.17.pom
2026-06-23 12:51:04,791 [Worker-7: Importing Maven projects] INFO  o.e.m.c.i.e.AbstractTransferListenerAdapter - Downloaded https://repo.maven.apache.org/maven2/org/slf4j/slf4j-parent/2.0.17/slf4j-parent-2.0.17.pom
2026-06-23 12:51:04,835 [Worker-7: Importing Maven projects] INFO  o.e.m.c.i.e.AbstractTransferListenerAdapter - Downloading https://repo.maven.apache.org/maven2/org/slf4j/slf4j-bom/2.0.17/slf4j-bom-2.0.17.pom
2026-06-23 12:51:04,863 [Worker-7: Importing Maven projects] INFO  o.e.m.c.i.e.AbstractTransferListenerAdapter - Downloaded https://repo.maven.apache.org/maven2/org/slf4j/slf4j-bom/2.0.17/slf4j-bom-2.0.17.pom
2026-06-23 12:51:04,905 [Worker-7: Importing Maven projects] INFO  o.e.m.c.i.e.AbstractTransferListenerAdapter - Downloading https://repo.maven.apache.org/maven2/org/apache/logging/log4j/log4j-to-slf4j/2.25.2/log4j-to-slf4j-2.25.2.pom
2026-06-23 12:51:04,931 [Worker-7: Importing Maven projects] INFO  o.e.m.c.i.e.AbstractTransferListenerAdapter - Downloaded https://repo.maven.apache.org/maven2/org/apache/logging/log4j/log4j-to-slf4j/2.25.2/log4j-to-slf4j-2.25.2.pom
2026-06-23 12:51:04,973 [Worker-7: Importing Maven projects] INFO  o.e.m.c.i.e.AbstractTransferListenerAdapter - Downloading https://repo.maven.apache.org/maven2/org/apache/logging/log4j/log4j/2.25.2/log4j-2.25.2.pom
2026-06-23 12:51:05,017 [Worker-7: Importing Maven projects] INFO  o.e.m.c.i.e.AbstractTransferListenerAdapter - Downloaded https://repo.maven.apache.org/maven2/org/apache/logging/log4j/log4j/2.25.2/log4j-2.25.2.pom
2026-06-23 12:51:05,098 [Worker-7: Importing Maven projects] INFO  o.e.m.c.i.e.AbstractTransferListenerAdapter - Downloading https://repo.maven.apache.org/maven2/org/apache/logging/log4j/log4j-api/2.25.2/log4j-api-2.25.2.pom
2026-06-23 12:51:05,126 [Worker-7: Importing Maven projects] INFO  o.e.m.c.i.e.AbstractTransferListenerAdapter - Downloaded https://repo.maven.apache.org/maven2/org/apache/logging/log4j/log4j-api/2.25.2/log4j-api-2.25.2.pom
2026-06-23 12:51:05,163 [Worker-7: Importing Maven projects] INFO  o.e.m.c.i.e.AbstractTransferListenerAdapter - Downloading https://repo.maven.apache.org/maven2/org/slf4j/jul-to-slf4j/2.0.17/jul-to-slf4j-2.0.17.pom
2026-06-23 12:51:05,188 [Worker-7: Importing Maven projects] INFO  o.e.m.c.i.e.AbstractTransferListenerAdapter - Downloaded https://repo.maven.apache.org/maven2/org/slf4j/jul-to-slf4j/2.0.17/jul-to-slf4j-2.0.17.pom
2026-06-23 12:51:05,225 [Worker-7: Importing Maven projects] INFO  o.e.m.c.i.e.AbstractTransferListenerAdapter - Downloading https://repo.maven.apache.org/maven2/org/springframework/boot/spring-boot-autoconfigure/4.0.0/spring-boot-autoconfigure-4.0.0.pom
2026-06-23 12:51:05,253 [Worker-7: Importing Maven projects] INFO  o.e.m.c.i.e.AbstractTransferListenerAdapter - Downloaded https://repo.maven.apache.org/maven2/org/springframework/boot/spring-boot-autoconfigure/4.0.0/spring-boot-autoconfigure-4.0.0.pom
2026-06-23 12:51:05,304 [Worker-7: Importing Maven projects] INFO  o.e.m.c.i.e.AbstractTransferListenerAdapter - Downloading https://repo.maven.apache.org/maven2/org/yaml/snakeyaml/2.5/snakeyaml-2.5.pom
2026-06-23 12:51:05,332 [Worker-7: Importing Maven projects] INFO  o.e.m.c.i.e.AbstractTransferListenerAdapter - Downloaded https://repo.maven.apache.org/maven2/org/yaml/snakeyaml/2.5/snakeyaml-2.5.pom
2026-06-23 12:51:05,384 [Worker-7: Importing Maven projects] INFO  o.e.m.c.i.e.AbstractTransferListenerAdapter - Downloading https://repo.maven.apache.org/maven2/org/springframework/boot/spring-boot-starter-jdbc/4.0.0/spring-boot-starter-jdbc-4.0.0.pom
2026-06-23 12:51:05,412 [Worker-7: Importing Maven projects] INFO  o.e.m.c.i.e.AbstractTransferListenerAdapter - Downloaded https://repo.maven.apache.org/maven2/org/springframework/boot/spring-boot-starter-jdbc/4.0.0/spring-boot-starter-jdbc-4.0.0.pom
2026-06-23 12:51:05,451 [Worker-7: Importing Maven projects] INFO  o.e.m.c.i.e.AbstractTransferListenerAdapter - Downloading https://repo.maven.apache.org/maven2/org/springframework/boot/spring-boot-jdbc/4.0.0/spring-boot-jdbc-4.0.0.pom
2026-06-23 12:51:05,478 [Worker-7: Importing Maven projects] INFO  o.e.m.c.i.e.AbstractTransferListenerAdapter - Downloaded https://repo.maven.apache.org/maven2/org/springframework/boot/spring-boot-jdbc/4.0.0/spring-boot-jdbc-4.0.0.pom
2026-06-23 12:51:05,521 [Worker-7: Importing Maven projects] INFO  o.e.m.c.i.e.AbstractTransferListenerAdapter - Downloading https://repo.maven.apache.org/maven2/org/springframework/boot/spring-boot-sql/4.0.0/spring-boot-sql-4.0.0.pom
2026-06-23 12:51:05,549 [Worker-7: Importing Maven projects] INFO  o.e.m.c.i.e.AbstractTransferListenerAdapter - Downloaded https://repo.maven.apache.org/maven2/org/springframework/boot/spring-boot-sql/4.0.0/spring-boot-sql-4.0.0.pom
2026-06-23 12:51:05,597 [Worker-7: Importing Maven projects] INFO  o.e.m.c.i.e.AbstractTransferListenerAdapter - Downloading https://repo.maven.apache.org/maven2/org/springframework/boot/spring-boot-transaction/4.0.0/spring-boot-transaction-4.0.0.pom
2026-06-23 12:51:05,624 [Worker-7: Importing Maven projects] INFO  o.e.m.c.i.e.AbstractTransferListenerAdapter - Downloaded https://repo.maven.apache.org/maven2/org/springframework/boot/spring-boot-transaction/4.0.0/spring-boot-transaction-4.0.0.pom
2026-06-23 12:51:05,667 [Worker-7: Importing Maven projects] INFO  o.e.m.c.i.e.AbstractTransferListenerAdapter - Downloading https://repo.maven.apache.org/maven2/org/springframework/boot/spring-boot-persistence/4.0.0/spring-boot-persistence-4.0.0.pom
2026-06-23 12:51:05,694 [Worker-7: Importing Maven projects] INFO  o.e.m.c.i.e.AbstractTransferListenerAdapter - Downloaded https://repo.maven.apache.org/maven2/org/springframework/boot/spring-boot-persistence/4.0.0/spring-boot-persistence-4.0.0.pom
2026-06-23 12:51:05,737 [Worker-7: Importing Maven projects] INFO  o.e.m.c.i.e.AbstractTransferListenerAdapter - Downloading https://repo.maven.apache.org/maven2/org/springframework/spring-tx/7.0.1/spring-tx-7.0.1.pom
2026-06-23 12:51:05,763 [Worker-7: Importing Maven projects] INFO  o.e.m.c.i.e.AbstractTransferListenerAdapter - Downloaded https://repo.maven.apache.org/maven2/org/springframework/spring-tx/7.0.1/spring-tx-7.0.1.pom
2026-06-23 12:51:05,824 [Worker-7: Importing Maven projects] INFO  o.e.m.c.i.e.AbstractTransferListenerAdapter - Downloading https://repo.maven.apache.org/maven2/org/springframework/spring-jdbc/7.0.1/spring-jdbc-7.0.1.pom
2026-06-23 12:51:05,852 [Worker-7: Importing Maven projects] INFO  o.e.m.c.i.e.AbstractTransferListenerAdapter - Downloaded https://repo.maven.apache.org/maven2/org/springframework/spring-jdbc/7.0.1/spring-jdbc-7.0.1.pom
2026-06-23 12:51:05,896 [Worker-7: Importing Maven projects] INFO  o.e.m.c.i.e.AbstractTransferListenerAdapter - Downloading https://repo.maven.apache.org/maven2/org/springframework/boot/spring-boot-data-jpa/4.0.0/spring-boot-data-jpa-4.0.0.pom
2026-06-23 12:51:05,924 [Worker-7: Importing Maven projects] INFO  o.e.m.c.i.e.AbstractTransferListenerAdapter - Downloaded https://repo.maven.apache.org/maven2/org/springframework/boot/spring-boot-data-jpa/4.0.0/spring-boot-data-jpa-4.0.0.pom
2026-06-23 12:51:05,962 [Worker-7: Importing Maven projects] INFO  o.e.m.c.i.e.AbstractTransferListenerAdapter - Downloading https://repo.maven.apache.org/maven2/org/springframework/boot/spring-boot-data-commons/4.0.0/spring-boot-data-commons-4.0.0.pom
2026-06-23 12:51:05,989 [Worker-7: Importing Maven projects] INFO  o.e.m.c.i.e.AbstractTransferListenerAdapter - Downloaded https://repo.maven.apache.org/maven2/org/springframework/boot/spring-boot-data-commons/4.0.0/spring-boot-data-commons-4.0.0.pom
2026-06-23 12:51:06,028 [Worker-7: Importing Maven projects] INFO  o.e.m.c.i.e.AbstractTransferListenerAdapter - Downloading https://repo.maven.apache.org/maven2/org/springframework/data/spring-data-commons/4.0.0/spring-data-commons-4.0.0.pom
2026-06-23 12:51:06,054 [Worker-7: Importing Maven projects] INFO  o.e.m.c.i.e.AbstractTransferListenerAdapter - Downloaded https://repo.maven.apache.org/maven2/org/springframework/data/spring-data-commons/4.0.0/spring-data-commons-4.0.0.pom
2026-06-23 12:51:06,101 [Worker-7: Importing Maven projects] INFO  o.e.m.c.i.e.AbstractTransferListenerAdapter - Downloading https://repo.maven.apache.org/maven2/org/springframework/data/build/spring-data-parent/4.0.0/spring-data-parent-4.0.0.pom
2026-06-23 12:51:06,134 [Worker-7: Importing Maven projects] INFO  o.e.m.c.i.e.AbstractTransferListenerAdapter - Downloaded https://repo.maven.apache.org/maven2/org/springframework/data/build/spring-data-parent/4.0.0/spring-data-parent-4.0.0.pom
2026-06-23 12:51:06,182 [Worker-7: Importing Maven projects] INFO  o.e.m.c.i.e.AbstractTransferListenerAdapter - Downloading https://repo.maven.apache.org/maven2/org/springframework/data/build/spring-data-build/4.0.0/spring-data-build-4.0.0.pom
2026-06-23 12:51:06,208 [Worker-7: Importing Maven projects] INFO  o.e.m.c.i.e.AbstractTransferListenerAdapter - Downloaded https://repo.maven.apache.org/maven2/org/springframework/data/build/spring-data-build/4.0.0/spring-data-build-4.0.0.pom
2026-06-23 12:51:06,255 [Worker-7: Importing Maven projects] INFO  o.e.m.c.i.e.AbstractTransferListenerAdapter - Downloading https://repo.maven.apache.org/maven2/org/springframework/spring-framework-bom/7.0.0/spring-framework-bom-7.0.0.pom
2026-06-23 12:51:06,280 [Worker-7: Importing Maven projects] INFO  o.e.m.c.i.e.AbstractTransferListenerAdapter - Downloaded https://repo.maven.apache.org/maven2/org/springframework/spring-framework-bom/7.0.0/spring-framework-bom-7.0.0.pom
2026-06-23 12:51:06,329 [Worker-7: Importing Maven projects] INFO  o.e.m.c.i.e.AbstractTransferListenerAdapter - Downloading https://repo.maven.apache.org/maven2/org/jmolecules/jmolecules-bom/2025.0.0/jmolecules-bom-2025.0.0.pom
2026-06-23 12:51:06,358 [Worker-7: Importing Maven projects] INFO  o.e.m.c.i.e.AbstractTransferListenerAdapter - Downloaded https://repo.maven.apache.org/maven2/org/jmolecules/jmolecules-bom/2025.0.0/jmolecules-bom-2025.0.0.pom
2026-06-23 12:51:06,402 [Worker-7: Importing Maven projects] INFO  o.e.m.c.i.e.AbstractTransferListenerAdapter - Downloading https://repo.maven.apache.org/maven2/org/junit/junit-bom/6.0.0/junit-bom-6.0.0.pom
2026-06-23 12:51:06,432 [Worker-7: Importing Maven projects] INFO  o.e.m.c.i.e.AbstractTransferListenerAdapter - Downloaded https://repo.maven.apache.org/maven2/org/junit/junit-bom/6.0.0/junit-bom-6.0.0.pom
2026-06-23 12:51:06,476 [Worker-7: Importing Maven projects] INFO  o.e.m.c.i.e.AbstractTransferListenerAdapter - Downloading https://repo.maven.apache.org/maven2/org/testcontainers/testcontainers-bom/2.0.1/testcontainers-bom-2.0.1.pom
2026-06-23 12:51:06,502 [Worker-7: Importing Maven projects] INFO  o.e.m.c.i.e.AbstractTransferListenerAdapter - Downloaded https://repo.maven.apache.org/maven2/org/testcontainers/testcontainers-bom/2.0.1/testcontainers-bom-2.0.1.pom
2026-06-23 12:51:06,552 [Worker-7: Importing Maven projects] INFO  o.e.m.c.i.e.AbstractTransferListenerAdapter - Downloading https://repo.maven.apache.org/maven2/org/springframework/boot/spring-boot-hibernate/4.0.0/spring-boot-hibernate-4.0.0.pom
2026-06-23 12:51:06,579 [Worker-7: Importing Maven projects] INFO  o.e.m.c.i.e.AbstractTransferListenerAdapter - Downloaded https://repo.maven.apache.org/maven2/org/springframework/boot/spring-boot-hibernate/4.0.0/spring-boot-hibernate-4.0.0.pom
2026-06-23 12:51:06,649 [Worker-7: Importing Maven projects] INFO  o.e.m.c.i.e.AbstractTransferListenerAdapter - Downloading https://repo.maven.apache.org/maven2/org/springframework/boot/spring-boot-jpa/4.0.0/spring-boot-jpa-4.0.0.pom
2026-06-23 12:51:06,684 [Worker-7: Importing Maven projects] INFO  o.e.m.c.i.e.AbstractTransferListenerAdapter - Downloaded https://repo.maven.apache.org/maven2/org/springframework/boot/spring-boot-jpa/4.0.0/spring-boot-jpa-4.0.0.pom
2026-06-23 12:51:06,734 [Worker-7: Importing Maven projects] INFO  o.e.m.c.i.e.AbstractTransferListenerAdapter - Downloading https://repo.maven.apache.org/maven2/org/springframework/spring-orm/7.0.1/spring-orm-7.0.1.pom
2026-06-23 12:51:06,761 [Worker-7: Importing Maven projects] INFO  o.e.m.c.i.e.AbstractTransferListenerAdapter - Downloaded https://repo.maven.apache.org/maven2/org/springframework/spring-orm/7.0.1/spring-orm-7.0.1.pom
2026-06-23 12:51:06,812 [Worker-7: Importing Maven projects] INFO  o.e.m.c.i.e.AbstractTransferListenerAdapter - Downloading https://repo.maven.apache.org/maven2/org/hibernate/orm/hibernate-core/7.1.8.Final/hibernate-core-7.1.8.Final.pom
2026-06-23 12:51:06,839 [Worker-7: Importing Maven projects] INFO  o.e.m.c.i.e.AbstractTransferListenerAdapter - Downloaded https://repo.maven.apache.org/maven2/org/hibernate/orm/hibernate-core/7.1.8.Final/hibernate-core-7.1.8.Final.pom
2026-06-23 12:51:06,890 [Worker-7: Importing Maven projects] INFO  o.e.m.c.i.e.AbstractTransferListenerAdapter - Downloading https://repo.maven.apache.org/maven2/org/jboss/logging/jboss-logging/3.6.1.Final/jboss-logging-3.6.1.Final.pom
2026-06-23 12:51:06,919 [Worker-7: Importing Maven projects] INFO  o.e.m.c.i.e.AbstractTransferListenerAdapter - Downloaded https://repo.maven.apache.org/maven2/org/jboss/logging/jboss-logging/3.6.1.Final/jboss-logging-3.6.1.Final.pom
2026-06-23 12:51:06,966 [Worker-7: Importing Maven projects] INFO  o.e.m.c.i.e.AbstractTransferListenerAdapter - Downloading https://repo.maven.apache.org/maven2/org/jboss/logging/logging-parent/1.0.3.Final/logging-parent-1.0.3.Final.pom
2026-06-23 12:51:06,992 [Worker-7: Importing Maven projects] INFO  o.e.m.c.i.e.AbstractTransferListenerAdapter - Downloaded https://repo.maven.apache.org/maven2/org/jboss/logging/logging-parent/1.0.3.Final/logging-parent-1.0.3.Final.pom
2026-06-23 12:51:07,036 [Worker-7: Importing Maven projects] INFO  o.e.m.c.i.e.AbstractTransferListenerAdapter - Downloading https://repo.maven.apache.org/maven2/org/jboss/jboss-parent/42/jboss-parent-42.pom
2026-06-23 12:51:07,066 [Worker-7: Importing Maven projects] INFO  o.e.m.c.i.e.AbstractTransferListenerAdapter - Downloaded https://repo.maven.apache.org/maven2/org/jboss/jboss-parent/42/jboss-parent-42.pom
2026-06-23 12:51:07,138 [Worker-7: Importing Maven projects] INFO  o.e.m.c.i.e.AbstractTransferListenerAdapter - Downloading https://repo.maven.apache.org/maven2/org/hibernate/models/hibernate-models/1.0.1/hibernate-models-1.0.1.pom
2026-06-23 12:51:07,164 [Worker-7: Importing Maven projects] INFO  o.e.m.c.i.e.AbstractTransferListenerAdapter - Downloaded https://repo.maven.apache.org/maven2/org/hibernate/models/hibernate-models/1.0.1/hibernate-models-1.0.1.pom
2026-06-23 12:51:07,202 [Worker-7: Importing Maven projects] INFO  o.e.m.c.i.e.AbstractTransferListenerAdapter - Downloading https://repo.maven.apache.org/maven2/com/fasterxml/classmate/1.7.1/classmate-1.7.1.pom
2026-06-23 12:51:07,227 [Worker-7: Importing Maven projects] INFO  o.e.m.c.i.e.AbstractTransferListenerAdapter - Downloaded https://repo.maven.apache.org/maven2/com/fasterxml/classmate/1.7.1/classmate-1.7.1.pom
2026-06-23 12:51:07,271 [Worker-7: Importing Maven projects] INFO  o.e.m.c.i.e.AbstractTransferListenerAdapter - Downloading https://repo.maven.apache.org/maven2/net/bytebuddy/byte-buddy/1.17.8/byte-buddy-1.17.8.pom
2026-06-23 12:51:07,296 [Worker-7: Importing Maven projects] INFO  o.e.m.c.i.e.AbstractTransferListenerAdapter - Downloaded https://repo.maven.apache.org/maven2/net/bytebuddy/byte-buddy/1.17.8/byte-buddy-1.17.8.pom
2026-06-23 12:51:07,344 [Worker-7: Importing Maven projects] INFO  o.e.m.c.i.e.AbstractTransferListenerAdapter - Downloading https://repo.maven.apache.org/maven2/net/bytebuddy/byte-buddy-parent/1.17.8/byte-buddy-parent-1.17.8.pom
2026-06-23 12:51:07,372 [Worker-7: Importing Maven projects] INFO  o.e.m.c.i.e.AbstractTransferListenerAdapter - Downloaded https://repo.maven.apache.org/maven2/net/bytebuddy/byte-buddy-parent/1.17.8/byte-buddy-parent-1.17.8.pom
2026-06-23 12:51:07,421 [Worker-7: Importing Maven projects] INFO  o.e.m.c.i.e.AbstractTransferListenerAdapter - Downloading https://repo.maven.apache.org/maven2/jakarta/xml/bind/jakarta.xml.bind-api/4.0.4/jakarta.xml.bind-api-4.0.4.pom
2026-06-23 12:51:07,446 [Worker-7: Importing Maven projects] INFO  o.e.m.c.i.e.AbstractTransferListenerAdapter - Downloaded https://repo.maven.apache.org/maven2/jakarta/xml/bind/jakarta.xml.bind-api/4.0.4/jakarta.xml.bind-api-4.0.4.pom
2026-06-23 12:51:07,495 [Worker-7: Importing Maven projects] INFO  o.e.m.c.i.e.AbstractTransferListenerAdapter - Downloading https://repo.maven.apache.org/maven2/jakarta/xml/bind/jakarta.xml.bind-api-parent/4.0.4/jakarta.xml.bind-api-parent-4.0.4.pom
2026-06-23 12:51:07,528 [Worker-7: Importing Maven projects] INFO  o.e.m.c.i.e.AbstractTransferListenerAdapter - Downloaded https://repo.maven.apache.org/maven2/jakarta/xml/bind/jakarta.xml.bind-api-parent/4.0.4/jakarta.xml.bind-api-parent-4.0.4.pom
2026-06-23 12:51:07,576 [Worker-7: Importing Maven projects] INFO  o.e.m.c.i.e.AbstractTransferListenerAdapter - Downloading https://repo.maven.apache.org/maven2/org/glassfish/jaxb/jaxb-runtime/4.0.6/jaxb-runtime-4.0.6.pom
2026-06-23 12:51:07,602 [Worker-7: Importing Maven projects] INFO  o.e.m.c.i.e.AbstractTransferListenerAdapter - Downloaded https://repo.maven.apache.org/maven2/org/glassfish/jaxb/jaxb-runtime/4.0.6/jaxb-runtime-4.0.6.pom
2026-06-23 12:51:07,649 [Worker-7: Importing Maven projects] INFO  o.e.m.c.i.e.AbstractTransferListenerAdapter - Downloading https://repo.maven.apache.org/maven2/com/sun/xml/bind/mvn/jaxb-runtime-parent/4.0.6/jaxb-runtime-parent-4.0.6.pom
2026-06-23 12:51:07,677 [Worker-7: Importing Maven projects] INFO  o.e.m.c.i.e.AbstractTransferListenerAdapter - Downloaded https://repo.maven.apache.org/maven2/com/sun/xml/bind/mvn/jaxb-runtime-parent/4.0.6/jaxb-runtime-parent-4.0.6.pom
2026-06-23 12:51:07,715 [Worker-7: Importing Maven projects] INFO  o.e.m.c.i.e.AbstractTransferListenerAdapter - Downloading https://repo.maven.apache.org/maven2/com/sun/xml/bind/mvn/jaxb-parent/4.0.6/jaxb-parent-4.0.6.pom
2026-06-23 12:51:07,744 [Worker-7: Importing Maven projects] INFO  o.e.m.c.i.e.AbstractTransferListenerAdapter - Downloaded https://repo.maven.apache.org/maven2/com/sun/xml/bind/mvn/jaxb-parent/4.0.6/jaxb-parent-4.0.6.pom
2026-06-23 12:51:07,793 [Worker-7: Importing Maven projects] INFO  o.e.m.c.i.e.AbstractTransferListenerAdapter - Downloading https://repo.maven.apache.org/maven2/com/sun/xml/bind/jaxb-bom-ext/4.0.6/jaxb-bom-ext-4.0.6.pom
2026-06-23 12:51:07,818 [Worker-7: Importing Maven projects] INFO  o.e.m.c.i.e.AbstractTransferListenerAdapter - Downloaded https://repo.maven.apache.org/maven2/com/sun/xml/bind/jaxb-bom-ext/4.0.6/jaxb-bom-ext-4.0.6.pom
2026-06-23 12:51:07,900 [Worker-7: Importing Maven projects] INFO  o.e.m.c.i.e.AbstractTransferListenerAdapter - Downloading https://repo.maven.apache.org/maven2/org/glassfish/jaxb/jaxb-bom/4.0.6/jaxb-bom-4.0.6.pom
2026-06-23 12:51:07,930 [Worker-7: Importing Maven projects] INFO  o.e.m.c.i.e.AbstractTransferListenerAdapter - Downloaded https://repo.maven.apache.org/maven2/org/glassfish/jaxb/jaxb-bom/4.0.6/jaxb-bom-4.0.6.pom
2026-06-23 12:51:07,978 [Worker-7: Importing Maven projects] INFO  o.e.m.c.i.e.AbstractTransferListenerAdapter - Downloading https://repo.maven.apache.org/maven2/org/glassfish/jaxb/jaxb-core/4.0.6/jaxb-core-4.0.6.pom
2026-06-23 12:51:08,011 [Worker-7: Importing Maven projects] INFO  o.e.m.c.i.e.AbstractTransferListenerAdapter - Downloaded https://repo.maven.apache.org/maven2/org/glassfish/jaxb/jaxb-core/4.0.6/jaxb-core-4.0.6.pom
2026-06-23 12:51:08,068 [Worker-7: Importing Maven projects] INFO  o.e.m.c.i.e.AbstractTransferListenerAdapter - Downloading https://repo.maven.apache.org/maven2/org/glassfish/jaxb/txw2/4.0.6/txw2-4.0.6.pom
2026-06-23 12:51:08,095 [Worker-7: Importing Maven projects] INFO  o.e.m.c.i.e.AbstractTransferListenerAdapter - Downloaded https://repo.maven.apache.org/maven2/org/glassfish/jaxb/txw2/4.0.6/txw2-4.0.6.pom
2026-06-23 12:51:08,138 [Worker-7: Importing Maven projects] INFO  o.e.m.c.i.e.AbstractTransferListenerAdapter - Downloading https://repo.maven.apache.org/maven2/com/sun/xml/bind/mvn/jaxb-txw-parent/4.0.6/jaxb-txw-parent-4.0.6.pom
2026-06-23 12:51:08,163 [Worker-7: Importing Maven projects] INFO  o.e.m.c.i.e.AbstractTransferListenerAdapter - Downloaded https://repo.maven.apache.org/maven2/com/sun/xml/bind/mvn/jaxb-txw-parent/4.0.6/jaxb-txw-parent-4.0.6.pom
2026-06-23 12:51:08,218 [Worker-7: Importing Maven projects] INFO  o.e.m.c.i.e.AbstractTransferListenerAdapter - Downloading https://repo.maven.apache.org/maven2/org/springframework/data/spring-data-jpa/4.0.0/spring-data-jpa-4.0.0.pom
2026-06-23 12:51:08,243 [Worker-7: Importing Maven projects] INFO  o.e.m.c.i.e.AbstractTransferListenerAdapter - Downloaded https://repo.maven.apache.org/maven2/org/springframework/data/spring-data-jpa/4.0.0/spring-data-jpa-4.0.0.pom
2026-06-23 12:51:08,298 [Worker-7: Importing Maven projects] INFO  o.e.m.c.i.e.AbstractTransferListenerAdapter - Downloading https://repo.maven.apache.org/maven2/org/springframework/data/spring-data-jpa-parent/4.0.0/spring-data-jpa-parent-4.0.0.pom
2026-06-23 12:51:08,324 [Worker-7: Importing Maven projects] INFO  o.e.m.c.i.e.AbstractTransferListenerAdapter - Downloaded https://repo.maven.apache.org/maven2/org/springframework/data/spring-data-jpa-parent/4.0.0/spring-data-jpa-parent-4.0.0.pom
2026-06-23 12:51:08,365 [Worker-7: Importing Maven projects] INFO  o.e.m.c.i.e.AbstractTransferListenerAdapter - Downloading https://repo.maven.apache.org/maven2/org/springframework/spring-aspects/7.0.1/spring-aspects-7.0.1.pom
2026-06-23 12:51:08,391 [Worker-7: Importing Maven projects] INFO  o.e.m.c.i.e.AbstractTransferListenerAdapter - Downloaded https://repo.maven.apache.org/maven2/org/springframework/spring-aspects/7.0.1/spring-aspects-7.0.1.pom
2026-06-23 12:51:08,433 [Worker-7: Importing Maven projects] INFO  o.e.m.c.i.e.AbstractTransferListenerAdapter - Downloading https://repo.maven.apache.org/maven2/org/aspectj/aspectjweaver/1.9.25/aspectjweaver-1.9.25.pom
2026-06-23 12:51:08,460 [Worker-7: Importing Maven projects] INFO  o.e.m.c.i.e.AbstractTransferListenerAdapter - Downloaded https://repo.maven.apache.org/maven2/org/aspectj/aspectjweaver/1.9.25/aspectjweaver-1.9.25.pom
2026-06-23 12:51:08,502 [Worker-7: Importing Maven projects] INFO  o.e.m.c.i.e.AbstractTransferListenerAdapter - Downloading https://repo.maven.apache.org/maven2/org/springframework/boot/spring-boot-starter-webmvc/4.0.0/spring-boot-starter-webmvc-4.0.0.pom
2026-06-23 12:51:08,532 [Worker-7: Importing Maven projects] INFO  o.e.m.c.i.e.AbstractTransferListenerAdapter - Downloaded https://repo.maven.apache.org/maven2/org/springframework/boot/spring-boot-starter-webmvc/4.0.0/spring-boot-starter-webmvc-4.0.0.pom
2026-06-23 12:51:08,572 [Worker-7: Importing Maven projects] INFO  o.e.m.c.i.e.AbstractTransferListenerAdapter - Downloading https://repo.maven.apache.org/maven2/org/springframework/boot/spring-boot-starter-jackson/4.0.0/spring-boot-starter-jackson-4.0.0.pom
2026-06-23 12:51:08,600 [Worker-7: Importing Maven projects] INFO  o.e.m.c.i.e.AbstractTransferListenerAdapter - Downloaded https://repo.maven.apache.org/maven2/org/springframework/boot/spring-boot-starter-jackson/4.0.0/spring-boot-starter-jackson-4.0.0.pom
2026-06-23 12:51:08,643 [Worker-7: Importing Maven projects] INFO  o.e.m.c.i.e.AbstractTransferListenerAdapter - Downloading https://repo.maven.apache.org/maven2/org/springframework/boot/spring-boot-jackson/4.0.0/spring-boot-jackson-4.0.0.pom
2026-06-23 12:51:08,670 [Worker-7: Importing Maven projects] INFO  o.e.m.c.i.e.AbstractTransferListenerAdapter - Downloaded https://repo.maven.apache.org/maven2/org/springframework/boot/spring-boot-jackson/4.0.0/spring-boot-jackson-4.0.0.pom
2026-06-23 12:51:08,717 [Worker-7: Importing Maven projects] INFO  o.e.m.c.i.e.AbstractTransferListenerAdapter - Downloading https://repo.maven.apache.org/maven2/tools/jackson/core/jackson-databind/3.0.2/jackson-databind-3.0.2.pom
2026-06-23 12:51:08,745 [Worker-7: Importing Maven projects] INFO  o.e.m.c.i.e.AbstractTransferListenerAdapter - Downloaded https://repo.maven.apache.org/maven2/tools/jackson/core/jackson-databind/3.0.2/jackson-databind-3.0.2.pom
2026-06-23 12:51:08,789 [Worker-7: Importing Maven projects] INFO  o.e.m.c.i.e.AbstractTransferListenerAdapter - Downloading https://repo.maven.apache.org/maven2/tools/jackson/jackson-base/3.0.2/jackson-base-3.0.2.pom
2026-06-23 12:51:08,815 [Worker-7: Importing Maven projects] INFO  o.e.m.c.i.e.AbstractTransferListenerAdapter - Downloaded https://repo.maven.apache.org/maven2/tools/jackson/jackson-base/3.0.2/jackson-base-3.0.2.pom
2026-06-23 12:51:08,870 [Worker-7: Importing Maven projects] INFO  o.e.m.c.i.e.AbstractTransferListenerAdapter - Downloading https://repo.maven.apache.org/maven2/com/fasterxml/jackson/core/jackson-annotations/2.20/jackson-annotations-2.20.pom
2026-06-23 12:51:08,897 [Worker-7: Importing Maven projects] INFO  o.e.m.c.i.e.AbstractTransferListenerAdapter - Downloaded https://repo.maven.apache.org/maven2/com/fasterxml/jackson/core/jackson-annotations/2.20/jackson-annotations-2.20.pom
2026-06-23 12:51:08,947 [Worker-7: Importing Maven projects] INFO  o.e.m.c.i.e.AbstractTransferListenerAdapter - Downloading https://repo.maven.apache.org/maven2/tools/jackson/core/jackson-core/3.0.2/jackson-core-3.0.2.pom
2026-06-23 12:51:08,975 [Worker-7: Importing Maven projects] INFO  o.e.m.c.i.e.AbstractTransferListenerAdapter - Downloaded https://repo.maven.apache.org/maven2/tools/jackson/core/jackson-core/3.0.2/jackson-core-3.0.2.pom
2026-06-23 12:51:09,025 [Worker-7: Importing Maven projects] INFO  o.e.m.c.i.e.AbstractTransferListenerAdapter - Downloading https://repo.maven.apache.org/maven2/org/springframework/boot/spring-boot-starter-tomcat/4.0.0/spring-boot-starter-tomcat-4.0.0.pom
2026-06-23 12:51:09,052 [Worker-7: Importing Maven projects] INFO  o.e.m.c.i.e.AbstractTransferListenerAdapter - Downloaded https://repo.maven.apache.org/maven2/org/springframework/boot/spring-boot-starter-tomcat/4.0.0/spring-boot-starter-tomcat-4.0.0.pom
2026-06-23 12:51:09,100 [Worker-7: Importing Maven projects] INFO  o.e.m.c.i.e.AbstractTransferListenerAdapter - Downloading https://repo.maven.apache.org/maven2/org/springframework/boot/spring-boot-starter-tomcat-runtime/4.0.0/spring-boot-starter-tomcat-runtime-4.0.0.pom
2026-06-23 12:51:09,127 [Worker-7: Importing Maven projects] INFO  o.e.m.c.i.e.AbstractTransferListenerAdapter - Downloaded https://repo.maven.apache.org/maven2/org/springframework/boot/spring-boot-starter-tomcat-runtime/4.0.0/spring-boot-starter-tomcat-runtime-4.0.0.pom
2026-06-23 12:51:09,163 [Worker-7: Importing Maven projects] INFO  o.e.m.c.i.e.AbstractTransferListenerAdapter - Downloading https://repo.maven.apache.org/maven2/org/springframework/boot/spring-boot-tomcat/4.0.0/spring-boot-tomcat-4.0.0.pom
2026-06-23 12:51:09,190 [Worker-7: Importing Maven projects] INFO  o.e.m.c.i.e.AbstractTransferListenerAdapter - Downloaded https://repo.maven.apache.org/maven2/org/springframework/boot/spring-boot-tomcat/4.0.0/spring-boot-tomcat-4.0.0.pom
2026-06-23 12:51:09,240 [Worker-7: Importing Maven projects] INFO  o.e.m.c.i.e.AbstractTransferListenerAdapter - Downloading https://repo.maven.apache.org/maven2/org/springframework/boot/spring-boot-web-server/4.0.0/spring-boot-web-server-4.0.0.pom
2026-06-23 12:51:09,278 [Worker-7: Importing Maven projects] INFO  o.e.m.c.i.e.AbstractTransferListenerAdapter - Downloaded https://repo.maven.apache.org/maven2/org/springframework/boot/spring-boot-web-server/4.0.0/spring-boot-web-server-4.0.0.pom
2026-06-23 12:51:09,322 [Worker-7: Importing Maven projects] INFO  o.e.m.c.i.e.AbstractTransferListenerAdapter - Downloading https://repo.maven.apache.org/maven2/org/apache/tomcat/embed/tomcat-embed-core/11.0.14/tomcat-embed-core-11.0.14.pom
2026-06-23 12:51:09,348 [Worker-7: Importing Maven projects] INFO  o.e.m.c.i.e.AbstractTransferListenerAdapter - Downloaded https://repo.maven.apache.org/maven2/org/apache/tomcat/embed/tomcat-embed-core/11.0.14/tomcat-embed-core-11.0.14.pom
2026-06-23 12:51:09,395 [Worker-7: Importing Maven projects] INFO  o.e.m.c.i.e.AbstractTransferListenerAdapter - Downloading https://repo.maven.apache.org/maven2/org/apache/tomcat/embed/tomcat-embed-el/11.0.14/tomcat-embed-el-11.0.14.pom
2026-06-23 12:51:09,435 [Worker-7: Importing Maven projects] INFO  o.e.m.c.i.e.AbstractTransferListenerAdapter - Downloaded https://repo.maven.apache.org/maven2/org/apache/tomcat/embed/tomcat-embed-el/11.0.14/tomcat-embed-el-11.0.14.pom
2026-06-23 12:51:09,475 [Worker-7: Importing Maven projects] INFO  o.e.m.c.i.e.AbstractTransferListenerAdapter - Downloading https://repo.maven.apache.org/maven2/org/apache/tomcat/embed/tomcat-embed-websocket/11.0.14/tomcat-embed-websocket-11.0.14.pom
2026-06-23 12:51:09,500 [Worker-7: Importing Maven projects] INFO  o.e.m.c.i.e.AbstractTransferListenerAdapter - Downloaded https://repo.maven.apache.org/maven2/org/apache/tomcat/embed/tomcat-embed-websocket/11.0.14/tomcat-embed-websocket-11.0.14.pom
2026-06-23 12:51:09,538 [Worker-7: Importing Maven projects] INFO  o.e.m.c.i.e.AbstractTransferListenerAdapter - Downloading https://repo.maven.apache.org/maven2/org/springframework/spring-web/7.0.1/spring-web-7.0.1.pom
2026-06-23 12:51:09,563 [Worker-7: Importing Maven projects] INFO  o.e.m.c.i.e.AbstractTransferListenerAdapter - Downloaded https://repo.maven.apache.org/maven2/org/springframework/spring-web/7.0.1/spring-web-7.0.1.pom
2026-06-23 12:51:09,620 [Worker-7: Importing Maven projects] INFO  o.e.m.c.i.e.AbstractTransferListenerAdapter - Downloading https://repo.maven.apache.org/maven2/org/springframework/boot/spring-boot-http-converter/4.0.0/spring-boot-http-converter-4.0.0.pom
2026-06-23 12:51:09,649 [Worker-7: Importing Maven projects] INFO  o.e.m.c.i.e.AbstractTransferListenerAdapter - Downloaded https://repo.maven.apache.org/maven2/org/springframework/boot/spring-boot-http-converter/4.0.0/spring-boot-http-converter-4.0.0.pom
2026-06-23 12:51:09,687 [Worker-7: Importing Maven projects] INFO  o.e.m.c.i.e.AbstractTransferListenerAdapter - Downloading https://repo.maven.apache.org/maven2/org/springframework/boot/spring-boot-webmvc/4.0.0/spring-boot-webmvc-4.0.0.pom
2026-06-23 12:51:09,715 [Worker-7: Importing Maven projects] INFO  o.e.m.c.i.e.AbstractTransferListenerAdapter - Downloaded https://repo.maven.apache.org/maven2/org/springframework/boot/spring-boot-webmvc/4.0.0/spring-boot-webmvc-4.0.0.pom
2026-06-23 12:51:09,753 [Worker-7: Importing Maven projects] INFO  o.e.m.c.i.e.AbstractTransferListenerAdapter - Downloading https://repo.maven.apache.org/maven2/org/springframework/boot/spring-boot-servlet/4.0.0/spring-boot-servlet-4.0.0.pom
2026-06-23 12:51:09,781 [Worker-7: Importing Maven projects] INFO  o.e.m.c.i.e.AbstractTransferListenerAdapter - Downloaded https://repo.maven.apache.org/maven2/org/springframework/boot/spring-boot-servlet/4.0.0/spring-boot-servlet-4.0.0.pom
2026-06-23 12:51:09,844 [Worker-7: Importing Maven projects] INFO  o.e.m.c.i.e.AbstractTransferListenerAdapter - Downloading https://repo.maven.apache.org/maven2/org/springframework/spring-webmvc/7.0.1/spring-webmvc-7.0.1.pom
2026-06-23 12:51:09,880 [Worker-7: Importing Maven projects] INFO  o.e.m.c.i.e.AbstractTransferListenerAdapter - Downloaded https://repo.maven.apache.org/maven2/org/springframework/spring-webmvc/7.0.1/spring-webmvc-7.0.1.pom
2026-06-23 12:51:09,918 [Worker-7: Importing Maven projects] INFO  o.e.m.c.i.e.AbstractTransferListenerAdapter - Downloading https://repo.maven.apache.org/maven2/org/postgresql/postgresql/42.7.8/postgresql-42.7.8.pom
2026-06-23 12:51:09,947 [Worker-7: Importing Maven projects] INFO  o.e.m.c.i.e.AbstractTransferListenerAdapter - Downloaded https://repo.maven.apache.org/maven2/org/postgresql/postgresql/42.7.8/postgresql-42.7.8.pom
2026-06-23 12:51:09,986 [Worker-7: Importing Maven projects] INFO  o.e.m.c.i.e.AbstractTransferListenerAdapter - Downloading https://repo.maven.apache.org/maven2/org/checkerframework/checker-qual/3.49.5/checker-qual-3.49.5.pom
2026-06-23 12:51:10,014 [Worker-7: Importing Maven projects] INFO  o.e.m.c.i.e.AbstractTransferListenerAdapter - Downloaded https://repo.maven.apache.org/maven2/org/checkerframework/checker-qual/3.49.5/checker-qual-3.49.5.pom
2026-06-23 12:51:10,056 [Worker-7: Importing Maven projects] INFO  o.e.m.c.i.e.AbstractTransferListenerAdapter - Downloading https://repo.maven.apache.org/maven2/org/springframework/boot/spring-boot-starter-data-jpa-test/4.0.0/spring-boot-starter-data-jpa-test-4.0.0.pom
2026-06-23 12:51:10,097 [Worker-7: Importing Maven projects] INFO  o.e.m.c.i.e.AbstractTransferListenerAdapter - Downloaded https://repo.maven.apache.org/maven2/org/springframework/boot/spring-boot-starter-data-jpa-test/4.0.0/spring-boot-starter-data-jpa-test-4.0.0.pom
2026-06-23 12:51:10,136 [Worker-7: Importing Maven projects] INFO  o.e.m.c.i.e.AbstractTransferListenerAdapter - Downloading https://repo.maven.apache.org/maven2/org/springframework/boot/spring-boot-starter-test/4.0.0/spring-boot-starter-test-4.0.0.pom
2026-06-23 12:51:10,162 [Worker-7: Importing Maven projects] INFO  o.e.m.c.i.e.AbstractTransferListenerAdapter - Downloaded https://repo.maven.apache.org/maven2/org/springframework/boot/spring-boot-starter-test/4.0.0/spring-boot-starter-test-4.0.0.pom
2026-06-23 12:51:10,200 [Worker-7: Importing Maven projects] INFO  o.e.m.c.i.e.AbstractTransferListenerAdapter - Downloading https://repo.maven.apache.org/maven2/org/springframework/boot/spring-boot-test/4.0.0/spring-boot-test-4.0.0.pom
2026-06-23 12:51:10,226 [Worker-7: Importing Maven projects] INFO  o.e.m.c.i.e.AbstractTransferListenerAdapter - Downloaded https://repo.maven.apache.org/maven2/org/springframework/boot/spring-boot-test/4.0.0/spring-boot-test-4.0.0.pom
2026-06-23 12:51:10,300 [Worker-7: Importing Maven projects] INFO  o.e.m.c.i.e.AbstractTransferListenerAdapter - Downloading https://repo.maven.apache.org/maven2/org/springframework/spring-test/7.0.1/spring-test-7.0.1.pom
2026-06-23 12:51:10,340 [Worker-7: Importing Maven projects] INFO  o.e.m.c.i.e.AbstractTransferListenerAdapter - Downloaded https://repo.maven.apache.org/maven2/org/springframework/spring-test/7.0.1/spring-test-7.0.1.pom
2026-06-23 12:51:10,376 [Worker-7: Importing Maven projects] INFO  o.e.m.c.i.e.AbstractTransferListenerAdapter - Downloading https://repo.maven.apache.org/maven2/org/springframework/boot/spring-boot-test-autoconfigure/4.0.0/spring-boot-test-autoconfigure-4.0.0.pom
2026-06-23 12:51:10,404 [Worker-7: Importing Maven projects] INFO  o.e.m.c.i.e.AbstractTransferListenerAdapter - Downloaded https://repo.maven.apache.org/maven2/org/springframework/boot/spring-boot-test-autoconfigure/4.0.0/spring-boot-test-autoconfigure-4.0.0.pom
2026-06-23 12:51:10,444 [Worker-7: Importing Maven projects] INFO  o.e.m.c.i.e.AbstractTransferListenerAdapter - Downloading https://repo.maven.apache.org/maven2/com/jayway/jsonpath/json-path/2.9.0/json-path-2.9.0.pom
2026-06-23 12:51:10,470 [Worker-7: Importing Maven projects] INFO  o.e.m.c.i.e.AbstractTransferListenerAdapter - Downloaded https://repo.maven.apache.org/maven2/com/jayway/jsonpath/json-path/2.9.0/json-path-2.9.0.pom
2026-06-23 12:51:10,519 [Worker-7: Importing Maven projects] INFO  o.e.m.c.i.e.AbstractTransferListenerAdapter - Downloading https://repo.maven.apache.org/maven2/org/assertj/assertj-core/3.27.6/assertj-core-3.27.6.pom
2026-06-23 12:51:10,545 [Worker-7: Importing Maven projects] INFO  o.e.m.c.i.e.AbstractTransferListenerAdapter - Downloaded https://repo.maven.apache.org/maven2/org/assertj/assertj-core/3.27.6/assertj-core-3.27.6.pom
2026-06-23 12:51:10,605 [Worker-7: Importing Maven projects] INFO  o.e.m.c.i.e.AbstractTransferListenerAdapter - Downloading https://repo.maven.apache.org/maven2/org/junit/jupiter/junit-jupiter/6.0.1/junit-jupiter-6.0.1.pom
2026-06-23 12:51:10,632 [Worker-7: Importing Maven projects] INFO  o.e.m.c.i.e.AbstractTransferListenerAdapter - Downloaded https://repo.maven.apache.org/maven2/org/junit/jupiter/junit-jupiter/6.0.1/junit-jupiter-6.0.1.pom
2026-06-23 12:51:10,726 [Worker-7: Importing Maven projects] INFO  o.e.m.c.i.e.AbstractTransferListenerAdapter - Downloading https://repo.maven.apache.org/maven2/org/junit/jupiter/junit-jupiter-api/6.0.1/junit-jupiter-api-6.0.1.pom
2026-06-23 12:51:10,751 [Worker-7: Importing Maven projects] INFO  o.e.m.c.i.e.AbstractTransferListenerAdapter - Downloaded https://repo.maven.apache.org/maven2/org/junit/jupiter/junit-jupiter-api/6.0.1/junit-jupiter-api-6.0.1.pom
2026-06-23 12:51:10,793 [Worker-7: Importing Maven projects] INFO  o.e.m.c.i.e.AbstractTransferListenerAdapter - Downloading https://repo.maven.apache.org/maven2/org/junit/platform/junit-platform-commons/6.0.1/junit-platform-commons-6.0.1.pom
2026-06-23 12:51:10,817 [Worker-7: Importing Maven projects] INFO  o.e.m.c.i.e.AbstractTransferListenerAdapter - Downloaded https://repo.maven.apache.org/maven2/org/junit/platform/junit-platform-commons/6.0.1/junit-platform-commons-6.0.1.pom
2026-06-23 12:51:10,857 [Worker-7: Importing Maven projects] INFO  o.e.m.c.i.e.AbstractTransferListenerAdapter - Downloading https://repo.maven.apache.org/maven2/org/junit/jupiter/junit-jupiter-params/6.0.1/junit-jupiter-params-6.0.1.pom
2026-06-23 12:51:10,883 [Worker-7: Importing Maven projects] INFO  o.e.m.c.i.e.AbstractTransferListenerAdapter - Downloaded https://repo.maven.apache.org/maven2/org/junit/jupiter/junit-jupiter-params/6.0.1/junit-jupiter-params-6.0.1.pom
2026-06-23 12:51:10,922 [Worker-7: Importing Maven projects] INFO  o.e.m.c.i.e.AbstractTransferListenerAdapter - Downloading https://repo.maven.apache.org/maven2/org/junit/jupiter/junit-jupiter-engine/6.0.1/junit-jupiter-engine-6.0.1.pom
2026-06-23 12:51:10,947 [Worker-7: Importing Maven projects] INFO  o.e.m.c.i.e.AbstractTransferListenerAdapter - Downloaded https://repo.maven.apache.org/maven2/org/junit/jupiter/junit-jupiter-engine/6.0.1/junit-jupiter-engine-6.0.1.pom
2026-06-23 12:51:10,985 [Worker-7: Importing Maven projects] INFO  o.e.m.c.i.e.AbstractTransferListenerAdapter - Downloading https://repo.maven.apache.org/maven2/org/junit/platform/junit-platform-engine/6.0.1/junit-platform-engine-6.0.1.pom
2026-06-23 12:51:11,010 [Worker-7: Importing Maven projects] INFO  o.e.m.c.i.e.AbstractTransferListenerAdapter - Downloaded https://repo.maven.apache.org/maven2/org/junit/platform/junit-platform-engine/6.0.1/junit-platform-engine-6.0.1.pom
2026-06-23 12:51:11,046 [Worker-7: Importing Maven projects] INFO  o.e.m.c.i.e.AbstractTransferListenerAdapter - Downloading https://repo.maven.apache.org/maven2/org/mockito/mockito-core/5.20.0/mockito-core-5.20.0.pom
2026-06-23 12:51:11,074 [Worker-7: Importing Maven projects] INFO  o.e.m.c.i.e.AbstractTransferListenerAdapter - Downloaded https://repo.maven.apache.org/maven2/org/mockito/mockito-core/5.20.0/mockito-core-5.20.0.pom
2026-06-23 12:51:11,111 [Worker-7: Importing Maven projects] INFO  o.e.m.c.i.e.AbstractTransferListenerAdapter - Downloading https://repo.maven.apache.org/maven2/net/bytebuddy/byte-buddy-agent/1.17.8/byte-buddy-agent-1.17.8.pom
2026-06-23 12:51:11,137 [Worker-7: Importing Maven projects] INFO  o.e.m.c.i.e.AbstractTransferListenerAdapter - Downloaded https://repo.maven.apache.org/maven2/net/bytebuddy/byte-buddy-agent/1.17.8/byte-buddy-agent-1.17.8.pom
2026-06-23 12:51:11,189 [Worker-7: Importing Maven projects] INFO  o.e.m.c.i.e.AbstractTransferListenerAdapter - Downloading https://repo.maven.apache.org/maven2/org/mockito/mockito-junit-jupiter/5.20.0/mockito-junit-jupiter-5.20.0.pom
2026-06-23 12:51:11,218 [Worker-7: Importing Maven projects] INFO  o.e.m.c.i.e.AbstractTransferListenerAdapter - Downloaded https://repo.maven.apache.org/maven2/org/mockito/mockito-junit-jupiter/5.20.0/mockito-junit-jupiter-5.20.0.pom
2026-06-23 12:51:11,262 [Worker-7: Importing Maven projects] INFO  o.e.m.c.i.e.AbstractTransferListenerAdapter - Downloading https://repo.maven.apache.org/maven2/org/xmlunit/xmlunit-core/2.10.4/xmlunit-core-2.10.4.pom
2026-06-23 12:51:11,287 [Worker-7: Importing Maven projects] INFO  o.e.m.c.i.e.AbstractTransferListenerAdapter - Downloaded https://repo.maven.apache.org/maven2/org/xmlunit/xmlunit-core/2.10.4/xmlunit-core-2.10.4.pom
2026-06-23 12:51:11,329 [Worker-7: Importing Maven projects] INFO  o.e.m.c.i.e.AbstractTransferListenerAdapter - Downloading https://repo.maven.apache.org/maven2/org/xmlunit/xmlunit-parent/2.10.4/xmlunit-parent-2.10.4.pom
2026-06-23 12:51:11,355 [Worker-7: Importing Maven projects] INFO  o.e.m.c.i.e.AbstractTransferListenerAdapter - Downloaded https://repo.maven.apache.org/maven2/org/xmlunit/xmlunit-parent/2.10.4/xmlunit-parent-2.10.4.pom
2026-06-23 12:51:11,402 [Worker-7: Importing Maven projects] INFO  o.e.m.c.i.e.AbstractTransferListenerAdapter - Downloading https://repo.maven.apache.org/maven2/org/springframework/boot/spring-boot-starter-jdbc-test/4.0.0/spring-boot-starter-jdbc-test-4.0.0.pom
2026-06-23 12:51:11,434 [Worker-7: Importing Maven projects] INFO  o.e.m.c.i.e.AbstractTransferListenerAdapter - Downloaded https://repo.maven.apache.org/maven2/org/springframework/boot/spring-boot-starter-jdbc-test/4.0.0/spring-boot-starter-jdbc-test-4.0.0.pom
2026-06-23 12:51:11,473 [Worker-7: Importing Maven projects] INFO  o.e.m.c.i.e.AbstractTransferListenerAdapter - Downloading https://repo.maven.apache.org/maven2/org/springframework/boot/spring-boot-jdbc-test/4.0.0/spring-boot-jdbc-test-4.0.0.pom
2026-06-23 12:51:11,502 [Worker-7: Importing Maven projects] INFO  o.e.m.c.i.e.AbstractTransferListenerAdapter - Downloaded https://repo.maven.apache.org/maven2/org/springframework/boot/spring-boot-jdbc-test/4.0.0/spring-boot-jdbc-test-4.0.0.pom
2026-06-23 12:51:11,540 [Worker-7: Importing Maven projects] INFO  o.e.m.c.i.e.AbstractTransferListenerAdapter - Downloading https://repo.maven.apache.org/maven2/org/springframework/boot/spring-boot-data-jpa-test/4.0.0/spring-boot-data-jpa-test-4.0.0.pom
2026-06-23 12:51:11,567 [Worker-7: Importing Maven projects] INFO  o.e.m.c.i.e.AbstractTransferListenerAdapter - Downloaded https://repo.maven.apache.org/maven2/org/springframework/boot/spring-boot-data-jpa-test/4.0.0/spring-boot-data-jpa-test-4.0.0.pom
2026-06-23 12:51:11,605 [Worker-7: Importing Maven projects] INFO  o.e.m.c.i.e.AbstractTransferListenerAdapter - Downloading https://repo.maven.apache.org/maven2/org/springframework/boot/spring-boot-jpa-test/4.0.0/spring-boot-jpa-test-4.0.0.pom
2026-06-23 12:51:11,634 [Worker-7: Importing Maven projects] INFO  o.e.m.c.i.e.AbstractTransferListenerAdapter - Downloaded https://repo.maven.apache.org/maven2/org/springframework/boot/spring-boot-jpa-test/4.0.0/spring-boot-jpa-test-4.0.0.pom
2026-06-23 12:51:11,673 [Worker-7: Importing Maven projects] INFO  o.e.m.c.i.e.AbstractTransferListenerAdapter - Downloading https://repo.maven.apache.org/maven2/org/springframework/boot/spring-boot-starter-webmvc-test/4.0.0/spring-boot-starter-webmvc-test-4.0.0.pom
2026-06-23 12:51:11,704 [Worker-7: Importing Maven projects] INFO  o.e.m.c.i.e.AbstractTransferListenerAdapter - Downloaded https://repo.maven.apache.org/maven2/org/springframework/boot/spring-boot-starter-webmvc-test/4.0.0/spring-boot-starter-webmvc-test-4.0.0.pom
2026-06-23 12:51:11,745 [Worker-7: Importing Maven projects] INFO  o.e.m.c.i.e.AbstractTransferListenerAdapter - Downloading https://repo.maven.apache.org/maven2/org/springframework/boot/spring-boot-starter-jackson-test/4.0.0/spring-boot-starter-jackson-test-4.0.0.pom
2026-06-23 12:51:11,774 [Worker-7: Importing Maven projects] INFO  o.e.m.c.i.e.AbstractTransferListenerAdapter - Downloaded https://repo.maven.apache.org/maven2/org/springframework/boot/spring-boot-starter-jackson-test/4.0.0/spring-boot-starter-jackson-test-4.0.0.pom
2026-06-23 12:51:11,815 [Worker-7: Importing Maven projects] INFO  o.e.m.c.i.e.AbstractTransferListenerAdapter - Downloading https://repo.maven.apache.org/maven2/org/springframework/boot/spring-boot-webmvc-test/4.0.0/spring-boot-webmvc-test-4.0.0.pom
2026-06-23 12:51:11,842 [Worker-7: Importing Maven projects] INFO  o.e.m.c.i.e.AbstractTransferListenerAdapter - Downloaded https://repo.maven.apache.org/maven2/org/springframework/boot/spring-boot-webmvc-test/4.0.0/spring-boot-webmvc-test-4.0.0.pom
2026-06-23 12:51:11,880 [Worker-7: Importing Maven projects] INFO  o.e.m.c.i.e.AbstractTransferListenerAdapter - Downloading https://repo.maven.apache.org/maven2/org/springframework/boot/spring-boot-resttestclient/4.0.0/spring-boot-resttestclient-4.0.0.pom
2026-06-23 12:51:11,907 [Worker-7: Importing Maven projects] INFO  o.e.m.c.i.e.AbstractTransferListenerAdapter - Downloaded https://repo.maven.apache.org/maven2/org/springframework/boot/spring-boot-resttestclient/4.0.0/spring-boot-resttestclient-4.0.0.pom
2026-06-23 12:51:11,945 [Worker-7: Importing Maven projects] INFO  o.e.m.c.i.e.AbstractTransferListenerAdapter - Downloading https://repo.maven.apache.org/maven2/org/springframework/boot/spring-boot-restclient/4.0.0/spring-boot-restclient-4.0.0.pom
2026-06-23 12:51:11,972 [Worker-7: Importing Maven projects] INFO  o.e.m.c.i.e.AbstractTransferListenerAdapter - Downloaded https://repo.maven.apache.org/maven2/org/springframework/boot/spring-boot-restclient/4.0.0/spring-boot-restclient-4.0.0.pom
2026-06-23 12:51:12,010 [Worker-7: Importing Maven projects] INFO  o.e.m.c.i.e.AbstractTransferListenerAdapter - Downloading https://repo.maven.apache.org/maven2/org/springframework/boot/spring-boot-http-client/4.0.0/spring-boot-http-client-4.0.0.pom
2026-06-23 12:51:12,037 [Worker-7: Importing Maven projects] INFO  o.e.m.c.i.e.AbstractTransferListenerAdapter - Downloaded https://repo.maven.apache.org/maven2/org/springframework/boot/spring-boot-http-client/4.0.0/spring-boot-http-client-4.0.0.pom
2026-06-23 12:51:12,169 [Worker-7: Importing Maven projects] INFO  o.e.m.c.i.e.AbstractTransferListenerAdapter - Downloading https://repo.maven.apache.org/maven2/org/springframework/boot/spring-boot-h2console/4.0.0/spring-boot-h2console-4.0.0.jar
2026-06-23 12:51:12,329 [Worker-7: Importing Maven projects] INFO  o.e.m.c.i.e.AbstractTransferListenerAdapter - Downloaded https://repo.maven.apache.org/maven2/org/springframework/boot/spring-boot-h2console/4.0.0/spring-boot-h2console-4.0.0.jar
2026-06-23 12:51:12,386 [BasicRepositoryConnector-repo.maven.apache.org-1-1] INFO  o.e.m.c.i.e.AbstractTransferListenerAdapter - Downloading https://repo.maven.apache.org/maven2/org/springframework/spring-core/7.0.1/spring-core-7.0.1.jar
2026-06-23 12:51:12,449 [BasicRepositoryConnector-repo.maven.apache.org-1-3] INFO  o.e.m.c.i.e.AbstractTransferListenerAdapter - Downloading https://repo.maven.apache.org/maven2/org/springframework/spring-aop/7.0.1/spring-aop-7.0.1.jar
2026-06-23 12:51:12,456 [BasicRepositoryConnector-repo.maven.apache.org-1-0] INFO  o.e.m.c.i.e.AbstractTransferListenerAdapter - Downloading https://repo.maven.apache.org/maven2/org/springframework/boot/spring-boot/4.0.0/spring-boot-4.0.0.jar
2026-06-23 12:51:12,462 [BasicRepositoryConnector-repo.maven.apache.org-1-2] INFO  o.e.m.c.i.e.AbstractTransferListenerAdapter - Downloading https://repo.maven.apache.org/maven2/org/springframework/spring-context/7.0.1/spring-context-7.0.1.jar
2026-06-23 12:51:12,515 [BasicRepositoryConnector-repo.maven.apache.org-1-4] INFO  o.e.m.c.i.e.AbstractTransferListenerAdapter - Downloading https://repo.maven.apache.org/maven2/org/springframework/spring-beans/7.0.1/spring-beans-7.0.1.jar
2026-06-23 12:51:12,552 [BasicRepositoryConnector-repo.maven.apache.org-1-3] INFO  o.e.m.c.i.e.AbstractTransferListenerAdapter - Downloaded https://repo.maven.apache.org/maven2/org/springframework/spring-aop/7.0.1/spring-aop-7.0.1.jar
2026-06-23 12:51:12,585 [BasicRepositoryConnector-repo.maven.apache.org-1-3] INFO  o.e.m.c.i.e.AbstractTransferListenerAdapter - Downloading https://repo.maven.apache.org/maven2/org/springframework/spring-expression/7.0.1/spring-expression-7.0.1.jar
2026-06-23 12:51:12,631 [BasicRepositoryConnector-repo.maven.apache.org-1-4] INFO  o.e.m.c.i.e.AbstractTransferListenerAdapter - Downloaded https://repo.maven.apache.org/maven2/org/springframework/spring-beans/7.0.1/spring-beans-7.0.1.jar
2026-06-23 12:51:12,648 [BasicRepositoryConnector-repo.maven.apache.org-1-3] INFO  o.e.m.c.i.e.AbstractTransferListenerAdapter - Downloaded https://repo.maven.apache.org/maven2/org/springframework/spring-expression/7.0.1/spring-expression-7.0.1.jar
2026-06-23 12:51:12,656 [BasicRepositoryConnector-repo.maven.apache.org-1-0] INFO  o.e.m.c.i.e.AbstractTransferListenerAdapter - Downloaded https://repo.maven.apache.org/maven2/org/springframework/boot/spring-boot/4.0.0/spring-boot-4.0.0.jar
2026-06-23 12:51:12,672 [BasicRepositoryConnector-repo.maven.apache.org-1-2] INFO  o.e.m.c.i.e.AbstractTransferListenerAdapter - Downloaded https://repo.maven.apache.org/maven2/org/springframework/spring-context/7.0.1/spring-context-7.0.1.jar
2026-06-23 12:51:12,681 [BasicRepositoryConnector-repo.maven.apache.org-1-4] INFO  o.e.m.c.i.e.AbstractTransferListenerAdapter - Downloading https://repo.maven.apache.org/maven2/io/micrometer/micrometer-observation/1.16.0/micrometer-observation-1.16.0.jar
2026-06-23 12:51:12,685 [BasicRepositoryConnector-repo.maven.apache.org-1-3] INFO  o.e.m.c.i.e.AbstractTransferListenerAdapter - Downloading https://repo.maven.apache.org/maven2/io/micrometer/micrometer-commons/1.16.0/micrometer-commons-1.16.0.jar
2026-06-23 12:51:12,688 [BasicRepositoryConnector-repo.maven.apache.org-1-0] INFO  o.e.m.c.i.e.AbstractTransferListenerAdapter - Downloading https://repo.maven.apache.org/maven2/org/springframework/boot/spring-boot-starter-data-jpa/4.0.0/spring-boot-starter-data-jpa-4.0.0.jar
2026-06-23 12:51:12,698 [BasicRepositoryConnector-repo.maven.apache.org-1-1] INFO  o.e.m.c.i.e.AbstractTransferListenerAdapter - Downloaded https://repo.maven.apache.org/maven2/org/springframework/spring-core/7.0.1/spring-core-7.0.1.jar
2026-06-23 12:51:12,708 [BasicRepositoryConnector-repo.maven.apache.org-1-2] INFO  o.e.m.c.i.e.AbstractTransferListenerAdapter - Downloading https://repo.maven.apache.org/maven2/org/springframework/boot/spring-boot-starter/4.0.0/spring-boot-starter-4.0.0.jar
2026-06-23 12:51:12,720 [BasicRepositoryConnector-repo.maven.apache.org-1-4] INFO  o.e.m.c.i.e.AbstractTransferListenerAdapter - Downloaded https://repo.maven.apache.org/maven2/io/micrometer/micrometer-observation/1.16.0/micrometer-observation-1.16.0.jar
2026-06-23 12:51:12,722 [BasicRepositoryConnector-repo.maven.apache.org-1-3] INFO  o.e.m.c.i.e.AbstractTransferListenerAdapter - Downloaded https://repo.maven.apache.org/maven2/io/micrometer/micrometer-commons/1.16.0/micrometer-commons-1.16.0.jar
2026-06-23 12:51:12,734 [BasicRepositoryConnector-repo.maven.apache.org-1-1] INFO  o.e.m.c.i.e.AbstractTransferListenerAdapter - Downloading https://repo.maven.apache.org/maven2/org/springframework/boot/spring-boot-starter-logging/4.0.0/spring-boot-starter-logging-4.0.0.jar
2026-06-23 12:51:12,748 [BasicRepositoryConnector-repo.maven.apache.org-1-0] INFO  o.e.m.c.i.e.AbstractTransferListenerAdapter - Downloaded https://repo.maven.apache.org/maven2/org/springframework/boot/spring-boot-starter-data-jpa/4.0.0/spring-boot-starter-data-jpa-4.0.0.jar
2026-06-23 12:51:12,754 [BasicRepositoryConnector-repo.maven.apache.org-1-4] INFO  o.e.m.c.i.e.AbstractTransferListenerAdapter - Downloading https://repo.maven.apache.org/maven2/ch/qos/logback/logback-classic/1.5.21/logback-classic-1.5.21.jar
2026-06-23 12:51:12,772 [BasicRepositoryConnector-repo.maven.apache.org-1-3] INFO  o.e.m.c.i.e.AbstractTransferListenerAdapter - Downloading https://repo.maven.apache.org/maven2/ch/qos/logback/logback-core/1.5.21/logback-core-1.5.21.jar
2026-06-23 12:51:12,788 [BasicRepositoryConnector-repo.maven.apache.org-1-2] INFO  o.e.m.c.i.e.AbstractTransferListenerAdapter - Downloaded https://repo.maven.apache.org/maven2/org/springframework/boot/spring-boot-starter/4.0.0/spring-boot-starter-4.0.0.jar
2026-06-23 12:51:12,796 [BasicRepositoryConnector-repo.maven.apache.org-1-1] INFO  o.e.m.c.i.e.AbstractTransferListenerAdapter - Downloaded https://repo.maven.apache.org/maven2/org/springframework/boot/spring-boot-starter-logging/4.0.0/spring-boot-starter-logging-4.0.0.jar
2026-06-23 12:51:12,816 [BasicRepositoryConnector-repo.maven.apache.org-1-4] INFO  o.e.m.c.i.e.AbstractTransferListenerAdapter - Downloaded https://repo.maven.apache.org/maven2/ch/qos/logback/logback-classic/1.5.21/logback-classic-1.5.21.jar
2026-06-23 12:51:12,828 [BasicRepositoryConnector-repo.maven.apache.org-1-2] INFO  o.e.m.c.i.e.AbstractTransferListenerAdapter - Downloading https://repo.maven.apache.org/maven2/org/apache/logging/log4j/log4j-api/2.25.2/log4j-api-2.25.2.jar
2026-06-23 12:51:12,840 [BasicRepositoryConnector-repo.maven.apache.org-1-1] INFO  o.e.m.c.i.e.AbstractTransferListenerAdapter - Downloading https://repo.maven.apache.org/maven2/org/slf4j/jul-to-slf4j/2.0.17/jul-to-slf4j-2.0.17.jar
2026-06-23 12:51:12,857 [BasicRepositoryConnector-repo.maven.apache.org-1-4] INFO  o.e.m.c.i.e.AbstractTransferListenerAdapter - Downloading https://repo.maven.apache.org/maven2/org/springframework/boot/spring-boot-autoconfigure/4.0.0/spring-boot-autoconfigure-4.0.0.jar
2026-06-23 12:51:12,862 [BasicRepositoryConnector-repo.maven.apache.org-1-2] INFO  o.e.m.c.i.e.AbstractTransferListenerAdapter - Downloaded https://repo.maven.apache.org/maven2/org/apache/logging/log4j/log4j-api/2.25.2/log4j-api-2.25.2.jar
2026-06-23 12:51:12,867 [BasicRepositoryConnector-repo.maven.apache.org-1-0] INFO  o.e.m.c.i.e.AbstractTransferListenerAdapter - Downloading https://repo.maven.apache.org/maven2/org/apache/logging/log4j/log4j-to-slf4j/2.25.2/log4j-to-slf4j-2.25.2.jar
2026-06-23 12:51:12,900 [BasicRepositoryConnector-repo.maven.apache.org-1-2] INFO  o.e.m.c.i.e.AbstractTransferListenerAdapter - Downloading https://repo.maven.apache.org/maven2/org/yaml/snakeyaml/2.5/snakeyaml-2.5.jar
2026-06-23 12:51:12,911 [BasicRepositoryConnector-repo.maven.apache.org-1-1] INFO  o.e.m.c.i.e.AbstractTransferListenerAdapter - Downloaded https://repo.maven.apache.org/maven2/org/slf4j/jul-to-slf4j/2.0.17/jul-to-slf4j-2.0.17.jar
2026-06-23 12:51:12,936 [BasicRepositoryConnector-repo.maven.apache.org-1-2] INFO  o.e.m.c.i.e.AbstractTransferListenerAdapter - Downloaded https://repo.maven.apache.org/maven2/org/yaml/snakeyaml/2.5/snakeyaml-2.5.jar
2026-06-23 12:51:12,955 [BasicRepositoryConnector-repo.maven.apache.org-1-1] INFO  o.e.m.c.i.e.AbstractTransferListenerAdapter - Downloading https://repo.maven.apache.org/maven2/org/springframework/boot/spring-boot-starter-jdbc/4.0.0/spring-boot-starter-jdbc-4.0.0.jar
2026-06-23 12:51:12,957 [BasicRepositoryConnector-repo.maven.apache.org-1-4] INFO  o.e.m.c.i.e.AbstractTransferListenerAdapter - Downloaded https://repo.maven.apache.org/maven2/org/springframework/boot/spring-boot-autoconfigure/4.0.0/spring-boot-autoconfigure-4.0.0.jar
2026-06-23 12:51:12,984 [BasicRepositoryConnector-repo.maven.apache.org-1-2] INFO  o.e.m.c.i.e.AbstractTransferListenerAdapter - Downloading https://repo.maven.apache.org/maven2/org/slf4j/slf4j-api/2.0.17/slf4j-api-2.0.17.jar
2026-06-23 12:51:13,007 [BasicRepositoryConnector-repo.maven.apache.org-1-4] INFO  o.e.m.c.i.e.AbstractTransferListenerAdapter - Downloading https://repo.maven.apache.org/maven2/org/springframework/boot/spring-boot-data-jpa/4.0.0/spring-boot-data-jpa-4.0.0.jar
2026-06-23 12:51:13,013 [BasicRepositoryConnector-repo.maven.apache.org-1-2] INFO  o.e.m.c.i.e.AbstractTransferListenerAdapter - Downloaded https://repo.maven.apache.org/maven2/org/slf4j/slf4j-api/2.0.17/slf4j-api-2.0.17.jar
2026-06-23 12:51:13,018 [BasicRepositoryConnector-repo.maven.apache.org-1-1] INFO  o.e.m.c.i.e.AbstractTransferListenerAdapter - Downloaded https://repo.maven.apache.org/maven2/org/springframework/boot/spring-boot-starter-jdbc/4.0.0/spring-boot-starter-jdbc-4.0.0.jar
2026-06-23 12:51:13,034 [BasicRepositoryConnector-repo.maven.apache.org-1-3] INFO  o.e.m.c.i.e.AbstractTransferListenerAdapter - Downloaded https://repo.maven.apache.org/maven2/ch/qos/logback/logback-core/1.5.21/logback-core-1.5.21.jar
2026-06-23 12:51:13,079 [BasicRepositoryConnector-repo.maven.apache.org-1-2] INFO  o.e.m.c.i.e.AbstractTransferListenerAdapter - Downloading https://repo.maven.apache.org/maven2/org/springframework/boot/spring-boot-data-commons/4.0.0/spring-boot-data-commons-4.0.0.jar
2026-06-23 12:51:13,079 [BasicRepositoryConnector-repo.maven.apache.org-1-1] INFO  o.e.m.c.i.e.AbstractTransferListenerAdapter - Downloading https://repo.maven.apache.org/maven2/org/springframework/boot/spring-boot-persistence/4.0.0/spring-boot-persistence-4.0.0.jar
2026-06-23 12:51:13,080 [BasicRepositoryConnector-repo.maven.apache.org-1-3] INFO  o.e.m.c.i.e.AbstractTransferListenerAdapter - Downloading https://repo.maven.apache.org/maven2/org/springframework/data/spring-data-commons/4.0.0/spring-data-commons-4.0.0.jar
2026-06-23 12:51:13,175 [BasicRepositoryConnector-repo.maven.apache.org-1-3] INFO  o.e.m.c.i.e.AbstractTransferListenerAdapter - Downloaded https://repo.maven.apache.org/maven2/org/springframework/data/spring-data-commons/4.0.0/spring-data-commons-4.0.0.jar
2026-06-23 12:51:13,191 [BasicRepositoryConnector-repo.maven.apache.org-1-0] INFO  o.e.m.c.i.e.AbstractTransferListenerAdapter - Downloaded https://repo.maven.apache.org/maven2/org/apache/logging/log4j/log4j-to-slf4j/2.25.2/log4j-to-slf4j-2.25.2.jar
2026-06-23 12:51:13,220 [BasicRepositoryConnector-repo.maven.apache.org-1-3] INFO  o.e.m.c.i.e.AbstractTransferListenerAdapter - Downloading https://repo.maven.apache.org/maven2/org/springframework/boot/spring-boot-hibernate/4.0.0/spring-boot-hibernate-4.0.0.jar
2026-06-23 12:51:13,253 [BasicRepositoryConnector-repo.maven.apache.org-1-0] INFO  o.e.m.c.i.e.AbstractTransferListenerAdapter - Downloading https://repo.maven.apache.org/maven2/org/springframework/boot/spring-boot-jpa/4.0.0/spring-boot-jpa-4.0.0.jar
2026-06-23 12:51:13,275 [BasicRepositoryConnector-repo.maven.apache.org-1-4] INFO  o.e.m.c.i.e.AbstractTransferListenerAdapter - Downloaded https://repo.maven.apache.org/maven2/org/springframework/boot/spring-boot-data-jpa/4.0.0/spring-boot-data-jpa-4.0.0.jar
2026-06-23 12:51:13,321 [BasicRepositoryConnector-repo.maven.apache.org-1-4] INFO  o.e.m.c.i.e.AbstractTransferListenerAdapter - Downloading https://repo.maven.apache.org/maven2/org/hibernate/orm/hibernate-core/7.1.8.Final/hibernate-core-7.1.8.Final.jar
2026-06-23 12:51:13,332 [BasicRepositoryConnector-repo.maven.apache.org-1-1] INFO  o.e.m.c.i.e.AbstractTransferListenerAdapter - Downloaded https://repo.maven.apache.org/maven2/org/springframework/boot/spring-boot-persistence/4.0.0/spring-boot-persistence-4.0.0.jar
2026-06-23 12:51:13,373 [BasicRepositoryConnector-repo.maven.apache.org-1-1] INFO  o.e.m.c.i.e.AbstractTransferListenerAdapter - Downloading https://repo.maven.apache.org/maven2/org/jboss/logging/jboss-logging/3.6.1.Final/jboss-logging-3.6.1.Final.jar
2026-06-23 12:51:13,427 [BasicRepositoryConnector-repo.maven.apache.org-1-1] INFO  o.e.m.c.i.e.AbstractTransferListenerAdapter - Downloaded https://repo.maven.apache.org/maven2/org/jboss/logging/jboss-logging/3.6.1.Final/jboss-logging-3.6.1.Final.jar
2026-06-23 12:51:13,473 [BasicRepositoryConnector-repo.maven.apache.org-1-1] INFO  o.e.m.c.i.e.AbstractTransferListenerAdapter - Downloading https://repo.maven.apache.org/maven2/org/hibernate/models/hibernate-models/1.0.1/hibernate-models-1.0.1.jar
2026-06-23 12:51:13,528 [BasicRepositoryConnector-repo.maven.apache.org-1-1] INFO  o.e.m.c.i.e.AbstractTransferListenerAdapter - Downloaded https://repo.maven.apache.org/maven2/org/hibernate/models/hibernate-models/1.0.1/hibernate-models-1.0.1.jar
2026-06-23 12:51:13,577 [BasicRepositoryConnector-repo.maven.apache.org-1-1] INFO  o.e.m.c.i.e.AbstractTransferListenerAdapter - Downloading https://repo.maven.apache.org/maven2/com/fasterxml/classmate/1.7.1/classmate-1.7.1.jar
2026-06-23 12:51:13,610 [BasicRepositoryConnector-repo.maven.apache.org-1-1] INFO  o.e.m.c.i.e.AbstractTransferListenerAdapter - Downloaded https://repo.maven.apache.org/maven2/com/fasterxml/classmate/1.7.1/classmate-1.7.1.jar
2026-06-23 12:51:13,614 [BasicRepositoryConnector-repo.maven.apache.org-1-2] INFO  o.e.m.c.i.e.AbstractTransferListenerAdapter - Downloaded https://repo.maven.apache.org/maven2/org/springframework/boot/spring-boot-data-commons/4.0.0/spring-boot-data-commons-4.0.0.jar
2026-06-23 12:51:13,625 [BasicRepositoryConnector-repo.maven.apache.org-1-0] INFO  o.e.m.c.i.e.AbstractTransferListenerAdapter - Downloaded https://repo.maven.apache.org/maven2/org/springframework/boot/spring-boot-jpa/4.0.0/spring-boot-jpa-4.0.0.jar
2026-06-23 12:51:13,657 [BasicRepositoryConnector-repo.maven.apache.org-1-2] INFO  o.e.m.c.i.e.AbstractTransferListenerAdapter - Downloading https://repo.maven.apache.org/maven2/org/glassfish/jaxb/jaxb-core/4.0.6/jaxb-core-4.0.6.jar
2026-06-23 12:51:13,660 [BasicRepositoryConnector-repo.maven.apache.org-1-3] INFO  o.e.m.c.i.e.AbstractTransferListenerAdapter - Downloaded https://repo.maven.apache.org/maven2/org/springframework/boot/spring-boot-hibernate/4.0.0/spring-boot-hibernate-4.0.0.jar
2026-06-23 12:51:13,672 [BasicRepositoryConnector-repo.maven.apache.org-1-0] INFO  o.e.m.c.i.e.AbstractTransferListenerAdapter - Downloading https://repo.maven.apache.org/maven2/org/glassfish/jaxb/txw2/4.0.6/txw2-4.0.6.jar
2026-06-23 12:51:13,680 [BasicRepositoryConnector-repo.maven.apache.org-1-4] INFO  o.e.m.c.i.e.AbstractTransferListenerAdapter - Downloaded https://repo.maven.apache.org/maven2/org/hibernate/orm/hibernate-core/7.1.8.Final/hibernate-core-7.1.8.Final.jar
2026-06-23 12:51:13,687 [BasicRepositoryConnector-repo.maven.apache.org-1-1] INFO  o.e.m.c.i.e.AbstractTransferListenerAdapter - Downloading https://repo.maven.apache.org/maven2/org/glassfish/jaxb/jaxb-runtime/4.0.6/jaxb-runtime-4.0.6.jar
2026-06-23 12:51:13,713 [BasicRepositoryConnector-repo.maven.apache.org-1-3] INFO  o.e.m.c.i.e.AbstractTransferListenerAdapter - Downloading https://repo.maven.apache.org/maven2/org/springframework/spring-orm/7.0.1/spring-orm-7.0.1.jar
2026-06-23 12:51:13,724 [BasicRepositoryConnector-repo.maven.apache.org-1-2] INFO  o.e.m.c.i.e.AbstractTransferListenerAdapter - Downloaded https://repo.maven.apache.org/maven2/org/glassfish/jaxb/jaxb-core/4.0.6/jaxb-core-4.0.6.jar
2026-06-23 12:51:13,727 [BasicRepositoryConnector-repo.maven.apache.org-1-0] INFO  o.e.m.c.i.e.AbstractTransferListenerAdapter - Downloaded https://repo.maven.apache.org/maven2/org/glassfish/jaxb/txw2/4.0.6/txw2-4.0.6.jar
2026-06-23 12:51:13,730 [BasicRepositoryConnector-repo.maven.apache.org-1-4] INFO  o.e.m.c.i.e.AbstractTransferListenerAdapter - Downloading https://repo.maven.apache.org/maven2/org/springframework/data/spring-data-jpa/4.0.0/spring-data-jpa-4.0.0.jar
2026-06-23 12:51:13,758 [BasicRepositoryConnector-repo.maven.apache.org-1-3] INFO  o.e.m.c.i.e.AbstractTransferListenerAdapter - Downloaded https://repo.maven.apache.org/maven2/org/springframework/spring-orm/7.0.1/spring-orm-7.0.1.jar
2026-06-23 12:51:13,763 [BasicRepositoryConnector-repo.maven.apache.org-1-0] INFO  o.e.m.c.i.e.AbstractTransferListenerAdapter - Downloading https://repo.maven.apache.org/maven2/org/springframework/spring-aspects/7.0.1/spring-aspects-7.0.1.jar
2026-06-23 12:51:13,774 [BasicRepositoryConnector-repo.maven.apache.org-1-2] INFO  o.e.m.c.i.e.AbstractTransferListenerAdapter - Downloading https://repo.maven.apache.org/maven2/org/springframework/spring-tx/7.0.1/spring-tx-7.0.1.jar
2026-06-23 12:51:13,811 [BasicRepositoryConnector-repo.maven.apache.org-1-0] INFO  o.e.m.c.i.e.AbstractTransferListenerAdapter - Downloaded https://repo.maven.apache.org/maven2/org/springframework/spring-aspects/7.0.1/spring-aspects-7.0.1.jar
2026-06-23 12:51:13,819 [BasicRepositoryConnector-repo.maven.apache.org-1-2] INFO  o.e.m.c.i.e.AbstractTransferListenerAdapter - Downloaded https://repo.maven.apache.org/maven2/org/springframework/spring-tx/7.0.1/spring-tx-7.0.1.jar
2026-06-23 12:51:13,856 [BasicRepositoryConnector-repo.maven.apache.org-1-3] INFO  o.e.m.c.i.e.AbstractTransferListenerAdapter - Downloading https://repo.maven.apache.org/maven2/org/aspectj/aspectjweaver/1.9.25/aspectjweaver-1.9.25.jar
2026-06-23 12:51:13,947 [BasicRepositoryConnector-repo.maven.apache.org-1-2] INFO  o.e.m.c.i.e.AbstractTransferListenerAdapter - Downloading https://repo.maven.apache.org/maven2/org/springframework/boot/spring-boot-sql/4.0.0/spring-boot-sql-4.0.0.jar
2026-06-23 12:51:13,947 [BasicRepositoryConnector-repo.maven.apache.org-1-0] INFO  o.e.m.c.i.e.AbstractTransferListenerAdapter - Downloading https://repo.maven.apache.org/maven2/org/springframework/boot/spring-boot-jdbc/4.0.0/spring-boot-jdbc-4.0.0.jar
2026-06-23 12:51:13,985 [BasicRepositoryConnector-repo.maven.apache.org-1-3] INFO  o.e.m.c.i.e.AbstractTransferListenerAdapter - Downloaded https://repo.maven.apache.org/maven2/org/aspectj/aspectjweaver/1.9.25/aspectjweaver-1.9.25.jar
2026-06-23 12:51:14,070 [BasicRepositoryConnector-repo.maven.apache.org-1-3] INFO  o.e.m.c.i.e.AbstractTransferListenerAdapter - Downloading https://repo.maven.apache.org/maven2/org/springframework/boot/spring-boot-transaction/4.0.0/spring-boot-transaction-4.0.0.jar
2026-06-23 12:51:14,102 [BasicRepositoryConnector-repo.maven.apache.org-1-0] INFO  o.e.m.c.i.e.AbstractTransferListenerAdapter - Downloaded https://repo.maven.apache.org/maven2/org/springframework/boot/spring-boot-jdbc/4.0.0/spring-boot-jdbc-4.0.0.jar
2026-06-23 12:51:14,140 [BasicRepositoryConnector-repo.maven.apache.org-1-0] INFO  o.e.m.c.i.e.AbstractTransferListenerAdapter - Downloading https://repo.maven.apache.org/maven2/org/springframework/spring-jdbc/7.0.1/spring-jdbc-7.0.1.jar
2026-06-23 12:51:14,203 [BasicRepositoryConnector-repo.maven.apache.org-1-0] INFO  o.e.m.c.i.e.AbstractTransferListenerAdapter - Downloaded https://repo.maven.apache.org/maven2/org/springframework/spring-jdbc/7.0.1/spring-jdbc-7.0.1.jar
2026-06-23 12:51:14,225 [BasicRepositoryConnector-repo.maven.apache.org-1-1] INFO  o.e.m.c.i.e.AbstractTransferListenerAdapter - Downloaded https://repo.maven.apache.org/maven2/org/glassfish/jaxb/jaxb-runtime/4.0.6/jaxb-runtime-4.0.6.jar
2026-06-23 12:51:14,240 [BasicRepositoryConnector-repo.maven.apache.org-1-0] INFO  o.e.m.c.i.e.AbstractTransferListenerAdapter - Downloading https://repo.maven.apache.org/maven2/org/springframework/boot/spring-boot-starter-webmvc/4.0.0/spring-boot-starter-webmvc-4.0.0.jar
2026-06-23 12:51:14,274 [BasicRepositoryConnector-repo.maven.apache.org-1-1] INFO  o.e.m.c.i.e.AbstractTransferListenerAdapter - Downloading https://repo.maven.apache.org/maven2/org/springframework/boot/spring-boot-starter-jackson/4.0.0/spring-boot-starter-jackson-4.0.0.jar
2026-06-23 12:51:14,291 [BasicRepositoryConnector-repo.maven.apache.org-1-4] INFO  o.e.m.c.i.e.AbstractTransferListenerAdapter - Downloaded https://repo.maven.apache.org/maven2/org/springframework/data/spring-data-jpa/4.0.0/spring-data-jpa-4.0.0.jar
2026-06-23 12:51:14,294 [BasicRepositoryConnector-repo.maven.apache.org-1-0] INFO  o.e.m.c.i.e.AbstractTransferListenerAdapter - Downloaded https://repo.maven.apache.org/maven2/org/springframework/boot/spring-boot-starter-webmvc/4.0.0/spring-boot-starter-webmvc-4.0.0.jar
2026-06-23 12:51:14,321 [BasicRepositoryConnector-repo.maven.apache.org-1-1] INFO  o.e.m.c.i.e.AbstractTransferListenerAdapter - Downloaded https://repo.maven.apache.org/maven2/org/springframework/boot/spring-boot-starter-jackson/4.0.0/spring-boot-starter-jackson-4.0.0.jar
2026-06-23 12:51:14,322 [BasicRepositoryConnector-repo.maven.apache.org-1-4] INFO  o.e.m.c.i.e.AbstractTransferListenerAdapter - Downloading https://repo.maven.apache.org/maven2/org/springframework/boot/spring-boot-jackson/4.0.0/spring-boot-jackson-4.0.0.jar
2026-06-23 12:51:14,334 [BasicRepositoryConnector-repo.maven.apache.org-1-0] INFO  o.e.m.c.i.e.AbstractTransferListenerAdapter - Downloading https://repo.maven.apache.org/maven2/tools/jackson/core/jackson-databind/3.0.2/jackson-databind-3.0.2.jar
2026-06-23 12:51:14,351 [BasicRepositoryConnector-repo.maven.apache.org-1-4] INFO  o.e.m.c.i.e.AbstractTransferListenerAdapter - Downloaded https://repo.maven.apache.org/maven2/org/springframework/boot/spring-boot-jackson/4.0.0/spring-boot-jackson-4.0.0.jar
2026-06-23 12:51:14,405 [BasicRepositoryConnector-repo.maven.apache.org-1-1] INFO  o.e.m.c.i.e.AbstractTransferListenerAdapter - Downloading https://repo.maven.apache.org/maven2/com/fasterxml/jackson/core/jackson-annotations/2.20/jackson-annotations-2.20.jar
2026-06-23 12:51:14,421 [BasicRepositoryConnector-repo.maven.apache.org-1-4] INFO  o.e.m.c.i.e.AbstractTransferListenerAdapter - Downloading https://repo.maven.apache.org/maven2/tools/jackson/core/jackson-core/3.0.2/jackson-core-3.0.2.jar
2026-06-23 12:51:14,431 [BasicRepositoryConnector-repo.maven.apache.org-1-3] INFO  o.e.m.c.i.e.AbstractTransferListenerAdapter - Downloaded https://repo.maven.apache.org/maven2/org/springframework/boot/spring-boot-transaction/4.0.0/spring-boot-transaction-4.0.0.jar
2026-06-23 12:51:14,437 [BasicRepositoryConnector-repo.maven.apache.org-1-1] INFO  o.e.m.c.i.e.AbstractTransferListenerAdapter - Downloaded https://repo.maven.apache.org/maven2/com/fasterxml/jackson/core/jackson-annotations/2.20/jackson-annotations-2.20.jar
2026-06-23 12:51:14,449 [BasicRepositoryConnector-repo.maven.apache.org-1-2] INFO  o.e.m.c.i.e.AbstractTransferListenerAdapter - Downloaded https://repo.maven.apache.org/maven2/org/springframework/boot/spring-boot-sql/4.0.0/spring-boot-sql-4.0.0.jar
2026-06-23 12:51:14,473 [BasicRepositoryConnector-repo.maven.apache.org-1-3] INFO  o.e.m.c.i.e.AbstractTransferListenerAdapter - Downloading https://repo.maven.apache.org/maven2/org/springframework/boot/spring-boot-starter-tomcat/4.0.0/spring-boot-starter-tomcat-4.0.0.jar
2026-06-23 12:51:14,477 [BasicRepositoryConnector-repo.maven.apache.org-1-1] INFO  o.e.m.c.i.e.AbstractTransferListenerAdapter - Downloading https://repo.maven.apache.org/maven2/org/springframework/boot/spring-boot-starter-tomcat-runtime/4.0.0/spring-boot-starter-tomcat-runtime-4.0.0.jar
2026-06-23 12:51:14,490 [BasicRepositoryConnector-repo.maven.apache.org-1-2] INFO  o.e.m.c.i.e.AbstractTransferListenerAdapter - Downloading https://repo.maven.apache.org/maven2/org/apache/tomcat/embed/tomcat-embed-core/11.0.14/tomcat-embed-core-11.0.14.jar
2026-06-23 12:51:14,515 [BasicRepositoryConnector-repo.maven.apache.org-1-4] INFO  o.e.m.c.i.e.AbstractTransferListenerAdapter - Downloaded https://repo.maven.apache.org/maven2/tools/jackson/core/jackson-core/3.0.2/jackson-core-3.0.2.jar
2026-06-23 12:51:14,526 [BasicRepositoryConnector-repo.maven.apache.org-1-0] INFO  o.e.m.c.i.e.AbstractTransferListenerAdapter - Downloaded https://repo.maven.apache.org/maven2/tools/jackson/core/jackson-databind/3.0.2/jackson-databind-3.0.2.jar
2026-06-23 12:51:14,537 [BasicRepositoryConnector-repo.maven.apache.org-1-3] INFO  o.e.m.c.i.e.AbstractTransferListenerAdapter - Downloaded https://repo.maven.apache.org/maven2/org/springframework/boot/spring-boot-starter-tomcat/4.0.0/spring-boot-starter-tomcat-4.0.0.jar
2026-06-23 12:51:14,542 [BasicRepositoryConnector-repo.maven.apache.org-1-1] INFO  o.e.m.c.i.e.AbstractTransferListenerAdapter - Downloaded https://repo.maven.apache.org/maven2/org/springframework/boot/spring-boot-starter-tomcat-runtime/4.0.0/spring-boot-starter-tomcat-runtime-4.0.0.jar
2026-06-23 12:51:14,573 [BasicRepositoryConnector-repo.maven.apache.org-1-3] INFO  o.e.m.c.i.e.AbstractTransferListenerAdapter - Downloading https://repo.maven.apache.org/maven2/org/springframework/boot/spring-boot-tomcat/4.0.0/spring-boot-tomcat-4.0.0.jar
2026-06-23 12:51:14,575 [BasicRepositoryConnector-repo.maven.apache.org-1-4] INFO  o.e.m.c.i.e.AbstractTransferListenerAdapter - Downloading https://repo.maven.apache.org/maven2/org/apache/tomcat/embed/tomcat-embed-el/11.0.14/tomcat-embed-el-11.0.14.jar
2026-06-23 12:51:14,578 [BasicRepositoryConnector-repo.maven.apache.org-1-0] INFO  o.e.m.c.i.e.AbstractTransferListenerAdapter - Downloading https://repo.maven.apache.org/maven2/org/apache/tomcat/embed/tomcat-embed-websocket/11.0.14/tomcat-embed-websocket-11.0.14.jar
2026-06-23 12:51:14,585 [BasicRepositoryConnector-repo.maven.apache.org-1-1] INFO  o.e.m.c.i.e.AbstractTransferListenerAdapter - Downloading https://repo.maven.apache.org/maven2/org/springframework/boot/spring-boot-http-converter/4.0.0/spring-boot-http-converter-4.0.0.jar
2026-06-23 12:51:14,624 [BasicRepositoryConnector-repo.maven.apache.org-1-4] INFO  o.e.m.c.i.e.AbstractTransferListenerAdapter - Downloaded https://repo.maven.apache.org/maven2/org/apache/tomcat/embed/tomcat-embed-el/11.0.14/tomcat-embed-el-11.0.14.jar
2026-06-23 12:51:14,635 [BasicRepositoryConnector-repo.maven.apache.org-1-0] INFO  o.e.m.c.i.e.AbstractTransferListenerAdapter - Downloaded https://repo.maven.apache.org/maven2/org/apache/tomcat/embed/tomcat-embed-websocket/11.0.14/tomcat-embed-websocket-11.0.14.jar
2026-06-23 12:51:14,659 [BasicRepositoryConnector-repo.maven.apache.org-1-3] INFO  o.e.m.c.i.e.AbstractTransferListenerAdapter - Downloaded https://repo.maven.apache.org/maven2/org/springframework/boot/spring-boot-tomcat/4.0.0/spring-boot-tomcat-4.0.0.jar
2026-06-23 12:51:14,669 [BasicRepositoryConnector-repo.maven.apache.org-1-4] INFO  o.e.m.c.i.e.AbstractTransferListenerAdapter - Downloading https://repo.maven.apache.org/maven2/org/springframework/spring-web/7.0.1/spring-web-7.0.1.jar
2026-06-23 12:51:14,706 [BasicRepositoryConnector-repo.maven.apache.org-1-3] INFO  o.e.m.c.i.e.AbstractTransferListenerAdapter - Downloading https://repo.maven.apache.org/maven2/org/springframework/boot/spring-boot-servlet/4.0.0/spring-boot-servlet-4.0.0.jar
2026-06-23 12:51:14,715 [BasicRepositoryConnector-repo.maven.apache.org-1-2] INFO  o.e.m.c.i.e.AbstractTransferListenerAdapter - Downloaded https://repo.maven.apache.org/maven2/org/apache/tomcat/embed/tomcat-embed-core/11.0.14/tomcat-embed-core-11.0.14.jar
2026-06-23 12:51:14,755 [BasicRepositoryConnector-repo.maven.apache.org-1-2] INFO  o.e.m.c.i.e.AbstractTransferListenerAdapter - Downloading https://repo.maven.apache.org/maven2/org/springframework/spring-webmvc/7.0.1/spring-webmvc-7.0.1.jar
2026-06-23 12:51:14,765 [BasicRepositoryConnector-repo.maven.apache.org-1-0] INFO  o.e.m.c.i.e.AbstractTransferListenerAdapter - Downloading https://repo.maven.apache.org/maven2/org/springframework/boot/spring-boot-webmvc/4.0.0/spring-boot-webmvc-4.0.0.jar
2026-06-23 12:51:14,900 [BasicRepositoryConnector-repo.maven.apache.org-1-0] INFO  o.e.m.c.i.e.AbstractTransferListenerAdapter - Downloaded https://repo.maven.apache.org/maven2/org/springframework/boot/spring-boot-webmvc/4.0.0/spring-boot-webmvc-4.0.0.jar
2026-06-23 12:51:14,942 [BasicRepositoryConnector-repo.maven.apache.org-1-0] INFO  o.e.m.c.i.e.AbstractTransferListenerAdapter - Downloading https://repo.maven.apache.org/maven2/org/postgresql/postgresql/42.7.8/postgresql-42.7.8.jar
2026-06-23 12:51:15,040 [BasicRepositoryConnector-repo.maven.apache.org-1-0] INFO  o.e.m.c.i.e.AbstractTransferListenerAdapter - Downloaded https://repo.maven.apache.org/maven2/org/postgresql/postgresql/42.7.8/postgresql-42.7.8.jar
2026-06-23 12:51:15,058 [BasicRepositoryConnector-repo.maven.apache.org-1-2] INFO  o.e.m.c.i.e.AbstractTransferListenerAdapter - Downloaded https://repo.maven.apache.org/maven2/org/springframework/spring-webmvc/7.0.1/spring-webmvc-7.0.1.jar
2026-06-23 12:51:15,074 [BasicRepositoryConnector-repo.maven.apache.org-1-0] INFO  o.e.m.c.i.e.AbstractTransferListenerAdapter - Downloading https://repo.maven.apache.org/maven2/org/checkerframework/checker-qual/3.49.5/checker-qual-3.49.5.jar
2026-06-23 12:51:15,102 [BasicRepositoryConnector-repo.maven.apache.org-1-2] INFO  o.e.m.c.i.e.AbstractTransferListenerAdapter - Downloading https://repo.maven.apache.org/maven2/org/springframework/boot/spring-boot-starter-data-jpa-test/4.0.0/spring-boot-starter-data-jpa-test-4.0.0.jar
2026-06-23 12:51:15,121 [BasicRepositoryConnector-repo.maven.apache.org-1-0] INFO  o.e.m.c.i.e.AbstractTransferListenerAdapter - Downloaded https://repo.maven.apache.org/maven2/org/checkerframework/checker-qual/3.49.5/checker-qual-3.49.5.jar
2026-06-23 12:51:15,153 [BasicRepositoryConnector-repo.maven.apache.org-1-2] INFO  o.e.m.c.i.e.AbstractTransferListenerAdapter - Downloaded https://repo.maven.apache.org/maven2/org/springframework/boot/spring-boot-starter-data-jpa-test/4.0.0/spring-boot-starter-data-jpa-test-4.0.0.jar
2026-06-23 12:51:15,155 [BasicRepositoryConnector-repo.maven.apache.org-1-0] INFO  o.e.m.c.i.e.AbstractTransferListenerAdapter - Downloading https://repo.maven.apache.org/maven2/org/springframework/boot/spring-boot-starter-test/4.0.0/spring-boot-starter-test-4.0.0.jar
2026-06-23 12:51:15,187 [BasicRepositoryConnector-repo.maven.apache.org-1-2] INFO  o.e.m.c.i.e.AbstractTransferListenerAdapter - Downloading https://repo.maven.apache.org/maven2/org/springframework/boot/spring-boot-test/4.0.0/spring-boot-test-4.0.0.jar
2026-06-23 12:51:15,211 [BasicRepositoryConnector-repo.maven.apache.org-1-0] INFO  o.e.m.c.i.e.AbstractTransferListenerAdapter - Downloaded https://repo.maven.apache.org/maven2/org/springframework/boot/spring-boot-starter-test/4.0.0/spring-boot-starter-test-4.0.0.jar
2026-06-23 12:51:15,231 [BasicRepositoryConnector-repo.maven.apache.org-1-2] INFO  o.e.m.c.i.e.AbstractTransferListenerAdapter - Downloaded https://repo.maven.apache.org/maven2/org/springframework/boot/spring-boot-test/4.0.0/spring-boot-test-4.0.0.jar
2026-06-23 12:51:15,244 [BasicRepositoryConnector-repo.maven.apache.org-1-0] INFO  o.e.m.c.i.e.AbstractTransferListenerAdapter - Downloading https://repo.maven.apache.org/maven2/org/springframework/boot/spring-boot-test-autoconfigure/4.0.0/spring-boot-test-autoconfigure-4.0.0.jar
2026-06-23 12:51:15,258 [BasicRepositoryConnector-repo.maven.apache.org-1-2] INFO  o.e.m.c.i.e.AbstractTransferListenerAdapter - Downloading https://repo.maven.apache.org/maven2/com/jayway/jsonpath/json-path/2.9.0/json-path-2.9.0.jar
2026-06-23 12:51:15,302 [BasicRepositoryConnector-repo.maven.apache.org-1-2] INFO  o.e.m.c.i.e.AbstractTransferListenerAdapter - Downloaded https://repo.maven.apache.org/maven2/com/jayway/jsonpath/json-path/2.9.0/json-path-2.9.0.jar
2026-06-23 12:51:15,333 [BasicRepositoryConnector-repo.maven.apache.org-1-2] INFO  o.e.m.c.i.e.AbstractTransferListenerAdapter - Downloading https://repo.maven.apache.org/maven2/jakarta/xml/bind/jakarta.xml.bind-api/4.0.4/jakarta.xml.bind-api-4.0.4.jar
2026-06-23 12:51:15,371 [BasicRepositoryConnector-repo.maven.apache.org-1-2] INFO  o.e.m.c.i.e.AbstractTransferListenerAdapter - Downloaded https://repo.maven.apache.org/maven2/jakarta/xml/bind/jakarta.xml.bind-api/4.0.4/jakarta.xml.bind-api-4.0.4.jar
2026-06-23 12:51:15,404 [BasicRepositoryConnector-repo.maven.apache.org-1-2] INFO  o.e.m.c.i.e.AbstractTransferListenerAdapter - Downloading https://repo.maven.apache.org/maven2/org/assertj/assertj-core/3.27.6/assertj-core-3.27.6.jar
2026-06-23 12:51:15,481 [BasicRepositoryConnector-repo.maven.apache.org-1-3] INFO  o.e.m.c.i.e.AbstractTransferListenerAdapter - Downloaded https://repo.maven.apache.org/maven2/org/springframework/boot/spring-boot-servlet/4.0.0/spring-boot-servlet-4.0.0.jar
2026-06-23 12:51:15,516 [BasicRepositoryConnector-repo.maven.apache.org-1-3] INFO  o.e.m.c.i.e.AbstractTransferListenerAdapter - Downloading https://repo.maven.apache.org/maven2/net/bytebuddy/byte-buddy/1.17.8/byte-buddy-1.17.8.jar
2026-06-23 12:51:15,547 [BasicRepositoryConnector-repo.maven.apache.org-1-2] INFO  o.e.m.c.i.e.AbstractTransferListenerAdapter - Downloaded https://repo.maven.apache.org/maven2/org/assertj/assertj-core/3.27.6/assertj-core-3.27.6.jar
2026-06-23 12:51:15,583 [BasicRepositoryConnector-repo.maven.apache.org-1-4] INFO  o.e.m.c.i.e.AbstractTransferListenerAdapter - Downloaded https://repo.maven.apache.org/maven2/org/springframework/spring-web/7.0.1/spring-web-7.0.1.jar
2026-06-23 12:51:15,597 [BasicRepositoryConnector-repo.maven.apache.org-1-2] INFO  o.e.m.c.i.e.AbstractTransferListenerAdapter - Downloading https://repo.maven.apache.org/maven2/org/junit/jupiter/junit-jupiter/6.0.1/junit-jupiter-6.0.1.jar
2026-06-23 12:51:15,610 [BasicRepositoryConnector-repo.maven.apache.org-1-1] INFO  o.e.m.c.i.e.AbstractTransferListenerAdapter - Downloaded https://repo.maven.apache.org/maven2/org/springframework/boot/spring-boot-http-converter/4.0.0/spring-boot-http-converter-4.0.0.jar
2026-06-23 12:51:15,612 [BasicRepositoryConnector-repo.maven.apache.org-1-4] INFO  o.e.m.c.i.e.AbstractTransferListenerAdapter - Downloading https://repo.maven.apache.org/maven2/org/junit/jupiter/junit-jupiter-api/6.0.1/junit-jupiter-api-6.0.1.jar
2026-06-23 12:51:15,664 [BasicRepositoryConnector-repo.maven.apache.org-1-2] INFO  o.e.m.c.i.e.AbstractTransferListenerAdapter - Downloaded https://repo.maven.apache.org/maven2/org/junit/jupiter/junit-jupiter/6.0.1/junit-jupiter-6.0.1.jar
2026-06-23 12:51:15,696 [BasicRepositoryConnector-repo.maven.apache.org-1-0] INFO  o.e.m.c.i.e.AbstractTransferListenerAdapter - Downloaded https://repo.maven.apache.org/maven2/org/springframework/boot/spring-boot-test-autoconfigure/4.0.0/spring-boot-test-autoconfigure-4.0.0.jar
2026-06-23 12:51:15,705 [BasicRepositoryConnector-repo.maven.apache.org-1-1] INFO  o.e.m.c.i.e.AbstractTransferListenerAdapter - Downloading https://repo.maven.apache.org/maven2/org/junit/platform/junit-platform-commons/6.0.1/junit-platform-commons-6.0.1.jar
2026-06-23 12:51:15,731 [BasicRepositoryConnector-repo.maven.apache.org-1-4] INFO  o.e.m.c.i.e.AbstractTransferListenerAdapter - Downloaded https://repo.maven.apache.org/maven2/org/junit/jupiter/junit-jupiter-api/6.0.1/junit-jupiter-api-6.0.1.jar
2026-06-23 12:51:15,740 [BasicRepositoryConnector-repo.maven.apache.org-1-0] INFO  o.e.m.c.i.e.AbstractTransferListenerAdapter - Downloading https://repo.maven.apache.org/maven2/org/junit/jupiter/junit-jupiter-engine/6.0.1/junit-jupiter-engine-6.0.1.jar
2026-06-23 12:51:15,776 [BasicRepositoryConnector-repo.maven.apache.org-1-4] INFO  o.e.m.c.i.e.AbstractTransferListenerAdapter - Downloading https://repo.maven.apache.org/maven2/org/junit/platform/junit-platform-engine/6.0.1/junit-platform-engine-6.0.1.jar
2026-06-23 12:51:15,777 [BasicRepositoryConnector-repo.maven.apache.org-1-0] INFO  o.e.m.c.i.e.AbstractTransferListenerAdapter - Downloaded https://repo.maven.apache.org/maven2/org/junit/jupiter/junit-jupiter-engine/6.0.1/junit-jupiter-engine-6.0.1.jar
2026-06-23 12:51:15,808 [BasicRepositoryConnector-repo.maven.apache.org-1-2] INFO  o.e.m.c.i.e.AbstractTransferListenerAdapter - Downloading https://repo.maven.apache.org/maven2/org/junit/jupiter/junit-jupiter-params/6.0.1/junit-jupiter-params-6.0.1.jar
2026-06-23 12:51:15,819 [BasicRepositoryConnector-repo.maven.apache.org-1-0] INFO  o.e.m.c.i.e.AbstractTransferListenerAdapter - Downloading https://repo.maven.apache.org/maven2/org/mockito/mockito-core/5.20.0/mockito-core-5.20.0.jar
2026-06-23 12:51:15,820 [BasicRepositoryConnector-repo.maven.apache.org-1-4] INFO  o.e.m.c.i.e.AbstractTransferListenerAdapter - Downloaded https://repo.maven.apache.org/maven2/org/junit/platform/junit-platform-engine/6.0.1/junit-platform-engine-6.0.1.jar
2026-06-23 12:51:15,846 [BasicRepositoryConnector-repo.maven.apache.org-1-4] INFO  o.e.m.c.i.e.AbstractTransferListenerAdapter - Downloading https://repo.maven.apache.org/maven2/net/bytebuddy/byte-buddy-agent/1.17.8/byte-buddy-agent-1.17.8.jar
2026-06-23 12:51:15,892 [BasicRepositoryConnector-repo.maven.apache.org-1-4] INFO  o.e.m.c.i.e.AbstractTransferListenerAdapter - Downloaded https://repo.maven.apache.org/maven2/net/bytebuddy/byte-buddy-agent/1.17.8/byte-buddy-agent-1.17.8.jar
2026-06-23 12:51:15,924 [BasicRepositoryConnector-repo.maven.apache.org-1-4] INFO  o.e.m.c.i.e.AbstractTransferListenerAdapter - Downloading https://repo.maven.apache.org/maven2/org/mockito/mockito-junit-jupiter/5.20.0/mockito-junit-jupiter-5.20.0.jar
2026-06-23 12:51:15,952 [BasicRepositoryConnector-repo.maven.apache.org-1-1] INFO  o.e.m.c.i.e.AbstractTransferListenerAdapter - Downloaded https://repo.maven.apache.org/maven2/org/junit/platform/junit-platform-commons/6.0.1/junit-platform-commons-6.0.1.jar
2026-06-23 12:51:16,007 [BasicRepositoryConnector-repo.maven.apache.org-1-1] INFO  o.e.m.c.i.e.AbstractTransferListenerAdapter - Downloading https://repo.maven.apache.org/maven2/org/springframework/spring-test/7.0.1/spring-test-7.0.1.jar
2026-06-23 12:51:16,059 [BasicRepositoryConnector-repo.maven.apache.org-1-0] INFO  o.e.m.c.i.e.AbstractTransferListenerAdapter - Downloaded https://repo.maven.apache.org/maven2/org/mockito/mockito-core/5.20.0/mockito-core-5.20.0.jar
2026-06-23 12:51:16,098 [BasicRepositoryConnector-repo.maven.apache.org-1-0] INFO  o.e.m.c.i.e.AbstractTransferListenerAdapter - Downloading https://repo.maven.apache.org/maven2/org/xmlunit/xmlunit-core/2.10.4/xmlunit-core-2.10.4.jar
2026-06-23 12:51:16,122 [BasicRepositoryConnector-repo.maven.apache.org-1-4] INFO  o.e.m.c.i.e.AbstractTransferListenerAdapter - Downloaded https://repo.maven.apache.org/maven2/org/mockito/mockito-junit-jupiter/5.20.0/mockito-junit-jupiter-5.20.0.jar
2026-06-23 12:51:16,132 [BasicRepositoryConnector-repo.maven.apache.org-1-0] INFO  o.e.m.c.i.e.AbstractTransferListenerAdapter - Downloaded https://repo.maven.apache.org/maven2/org/xmlunit/xmlunit-core/2.10.4/xmlunit-core-2.10.4.jar
2026-06-23 12:51:16,160 [BasicRepositoryConnector-repo.maven.apache.org-1-4] INFO  o.e.m.c.i.e.AbstractTransferListenerAdapter - Downloading https://repo.maven.apache.org/maven2/org/springframework/boot/spring-boot-starter-jdbc-test/4.0.0/spring-boot-starter-jdbc-test-4.0.0.jar
2026-06-23 12:51:16,171 [BasicRepositoryConnector-repo.maven.apache.org-1-0] INFO  o.e.m.c.i.e.AbstractTransferListenerAdapter - Downloading https://repo.maven.apache.org/maven2/org/springframework/boot/spring-boot-jdbc-test/4.0.0/spring-boot-jdbc-test-4.0.0.jar
2026-06-23 12:51:16,200 [BasicRepositoryConnector-repo.maven.apache.org-1-3] INFO  o.e.m.c.i.e.AbstractTransferListenerAdapter - Downloaded https://repo.maven.apache.org/maven2/net/bytebuddy/byte-buddy/1.17.8/byte-buddy-1.17.8.jar
2026-06-23 12:51:16,218 [BasicRepositoryConnector-repo.maven.apache.org-1-2] INFO  o.e.m.c.i.e.AbstractTransferListenerAdapter - Downloaded https://repo.maven.apache.org/maven2/org/junit/jupiter/junit-jupiter-params/6.0.1/junit-jupiter-params-6.0.1.jar
2026-06-23 12:51:16,259 [BasicRepositoryConnector-repo.maven.apache.org-1-2] INFO  o.e.m.c.i.e.AbstractTransferListenerAdapter - Downloading https://repo.maven.apache.org/maven2/org/springframework/boot/spring-boot-jpa-test/4.0.0/spring-boot-jpa-test-4.0.0.jar
2026-06-23 12:51:16,259 [BasicRepositoryConnector-repo.maven.apache.org-1-3] INFO  o.e.m.c.i.e.AbstractTransferListenerAdapter - Downloading https://repo.maven.apache.org/maven2/org/springframework/boot/spring-boot-data-jpa-test/4.0.0/spring-boot-data-jpa-test-4.0.0.jar
2026-06-23 12:51:16,263 [BasicRepositoryConnector-repo.maven.apache.org-1-4] INFO  o.e.m.c.i.e.AbstractTransferListenerAdapter - Downloaded https://repo.maven.apache.org/maven2/org/springframework/boot/spring-boot-starter-jdbc-test/4.0.0/spring-boot-starter-jdbc-test-4.0.0.jar
2026-06-23 12:51:16,303 [BasicRepositoryConnector-repo.maven.apache.org-1-4] INFO  o.e.m.c.i.e.AbstractTransferListenerAdapter - Downloading https://repo.maven.apache.org/maven2/org/springframework/boot/spring-boot-starter-webmvc-test/4.0.0/spring-boot-starter-webmvc-test-4.0.0.jar
2026-06-23 12:51:16,350 [BasicRepositoryConnector-repo.maven.apache.org-1-1] INFO  o.e.m.c.i.e.AbstractTransferListenerAdapter - Downloaded https://repo.maven.apache.org/maven2/org/springframework/spring-test/7.0.1/spring-test-7.0.1.jar
2026-06-23 12:51:16,374 [BasicRepositoryConnector-repo.maven.apache.org-1-4] INFO  o.e.m.c.i.e.AbstractTransferListenerAdapter - Downloaded https://repo.maven.apache.org/maven2/org/springframework/boot/spring-boot-starter-webmvc-test/4.0.0/spring-boot-starter-webmvc-test-4.0.0.jar
2026-06-23 12:51:16,398 [BasicRepositoryConnector-repo.maven.apache.org-1-2] INFO  o.e.m.c.i.e.AbstractTransferListenerAdapter - Downloaded https://repo.maven.apache.org/maven2/org/springframework/boot/spring-boot-jpa-test/4.0.0/spring-boot-jpa-test-4.0.0.jar
2026-06-23 12:51:16,403 [BasicRepositoryConnector-repo.maven.apache.org-1-1] INFO  o.e.m.c.i.e.AbstractTransferListenerAdapter - Downloading https://repo.maven.apache.org/maven2/org/springframework/boot/spring-boot-starter-jackson-test/4.0.0/spring-boot-starter-jackson-test-4.0.0.jar
2026-06-23 12:51:16,403 [BasicRepositoryConnector-repo.maven.apache.org-1-4] INFO  o.e.m.c.i.e.AbstractTransferListenerAdapter - Downloading https://repo.maven.apache.org/maven2/org/springframework/boot/spring-boot-webmvc-test/4.0.0/spring-boot-webmvc-test-4.0.0.jar
2026-06-23 12:51:16,430 [BasicRepositoryConnector-repo.maven.apache.org-1-3] INFO  o.e.m.c.i.e.AbstractTransferListenerAdapter - Downloaded https://repo.maven.apache.org/maven2/org/springframework/boot/spring-boot-data-jpa-test/4.0.0/spring-boot-data-jpa-test-4.0.0.jar
2026-06-23 12:51:16,438 [BasicRepositoryConnector-repo.maven.apache.org-1-2] INFO  o.e.m.c.i.e.AbstractTransferListenerAdapter - Downloading https://repo.maven.apache.org/maven2/org/springframework/boot/spring-boot-web-server/4.0.0/spring-boot-web-server-4.0.0.jar
2026-06-23 12:51:16,458 [BasicRepositoryConnector-repo.maven.apache.org-1-1] INFO  o.e.m.c.i.e.AbstractTransferListenerAdapter - Downloaded https://repo.maven.apache.org/maven2/org/springframework/boot/spring-boot-starter-jackson-test/4.0.0/spring-boot-starter-jackson-test-4.0.0.jar
2026-06-23 12:51:16,463 [BasicRepositoryConnector-repo.maven.apache.org-1-3] INFO  o.e.m.c.i.e.AbstractTransferListenerAdapter - Downloading https://repo.maven.apache.org/maven2/org/springframework/boot/spring-boot-resttestclient/4.0.0/spring-boot-resttestclient-4.0.0.jar
2026-06-23 12:51:16,481 [BasicRepositoryConnector-repo.maven.apache.org-1-2] INFO  o.e.m.c.i.e.AbstractTransferListenerAdapter - Downloaded https://repo.maven.apache.org/maven2/org/springframework/boot/spring-boot-web-server/4.0.0/spring-boot-web-server-4.0.0.jar
2026-06-23 12:51:16,496 [BasicRepositoryConnector-repo.maven.apache.org-1-1] INFO  o.e.m.c.i.e.AbstractTransferListenerAdapter - Downloading https://repo.maven.apache.org/maven2/org/springframework/boot/spring-boot-restclient/4.0.0/spring-boot-restclient-4.0.0.jar
2026-06-23 12:51:16,505 [BasicRepositoryConnector-repo.maven.apache.org-1-0] INFO  o.e.m.c.i.e.AbstractTransferListenerAdapter - Downloaded https://repo.maven.apache.org/maven2/org/springframework/boot/spring-boot-jdbc-test/4.0.0/spring-boot-jdbc-test-4.0.0.jar
2026-06-23 12:51:16,518 [BasicRepositoryConnector-repo.maven.apache.org-1-2] INFO  o.e.m.c.i.e.AbstractTransferListenerAdapter - Downloading https://repo.maven.apache.org/maven2/org/springframework/boot/spring-boot-http-client/4.0.0/spring-boot-http-client-4.0.0.jar
2026-06-23 12:51:16,584 [BasicRepositoryConnector-repo.maven.apache.org-1-2] INFO  o.e.m.c.i.e.AbstractTransferListenerAdapter - Downloaded https://repo.maven.apache.org/maven2/org/springframework/boot/spring-boot-http-client/4.0.0/spring-boot-http-client-4.0.0.jar
2026-06-23 12:51:16,891 [BasicRepositoryConnector-repo.maven.apache.org-1-3] INFO  o.e.m.c.i.e.AbstractTransferListenerAdapter - Downloaded https://repo.maven.apache.org/maven2/org/springframework/boot/spring-boot-resttestclient/4.0.0/spring-boot-resttestclient-4.0.0.jar
2026-06-23 12:51:16,987 [BasicRepositoryConnector-repo.maven.apache.org-1-4] INFO  o.e.m.c.i.e.AbstractTransferListenerAdapter - Downloaded https://repo.maven.apache.org/maven2/org/springframework/boot/spring-boot-webmvc-test/4.0.0/spring-boot-webmvc-test-4.0.0.jar
2026-06-23 12:51:17,181 [BasicRepositoryConnector-repo.maven.apache.org-1-1] INFO  o.e.m.c.i.e.AbstractTransferListenerAdapter - Downloaded https://repo.maven.apache.org/maven2/org/springframework/boot/spring-boot-restclient/4.0.0/spring-boot-restclient-4.0.0.jar
2026-06-23 12:51:17,823 [Worker-7: Importing Maven projects] INFO  o.e.m.c.i.e.AbstractTransferListenerAdapter - Downloading https://repo.maven.apache.org/maven2/org/apache/maven/plugins/maven-surefire-plugin/3.5.4/maven-surefire-plugin-3.5.4.pom
2026-06-23 12:51:17,852 [Worker-7: Importing Maven projects] INFO  o.e.m.c.i.e.AbstractTransferListenerAdapter - Downloaded https://repo.maven.apache.org/maven2/org/apache/maven/plugins/maven-surefire-plugin/3.5.4/maven-surefire-plugin-3.5.4.pom
2026-06-23 12:51:17,891 [Worker-7: Importing Maven projects] INFO  o.e.m.c.i.e.AbstractTransferListenerAdapter - Downloading https://repo.maven.apache.org/maven2/org/apache/maven/surefire/surefire/3.5.4/surefire-3.5.4.pom
2026-06-23 12:51:17,945 [Worker-7: Importing Maven projects] INFO  o.e.m.c.i.e.AbstractTransferListenerAdapter - Downloaded https://repo.maven.apache.org/maven2/org/apache/maven/surefire/surefire/3.5.4/surefire-3.5.4.pom
2026-06-23 12:51:18,063 [Worker-7: Importing Maven projects] INFO  o.e.m.c.i.e.AbstractTransferListenerAdapter - Downloading https://repo.maven.apache.org/maven2/org/apache/maven/plugins/maven-jar-plugin/3.4.2/maven-jar-plugin-3.4.2.pom
2026-06-23 12:51:18,089 [Worker-7: Importing Maven projects] INFO  o.e.m.c.i.e.AbstractTransferListenerAdapter - Downloaded https://repo.maven.apache.org/maven2/org/apache/maven/plugins/maven-jar-plugin/3.4.2/maven-jar-plugin-3.4.2.pom
2026-06-23 12:51:20,105 [Worker-7: Importing Maven projects] INFO  o.e.m.j.i.AbstractJavaProjectConfigurator - Adding source folder /workshop-springboot4-jpa/src/main/java
2026-06-23 12:51:20,108 [Worker-7: Importing Maven projects] INFO  o.e.m.j.i.AbstractJavaProjectConfigurator - Adding resource folder /workshop-springboot4-jpa/src/main/resources
2026-06-23 12:51:20,118 [Worker-7: Importing Maven projects] INFO  o.e.m.j.i.AbstractJavaProjectConfigurator - Adding resource folder /workshop-springboot4-jpa/src/main/resources
2026-06-23 12:51:20,122 [Worker-7: Importing Maven projects] INFO  o.e.m.j.i.AbstractJavaProjectConfigurator - Adding source folder /workshop-springboot4-jpa/src/test/java
2026-06-23 12:51:20,124 [Worker-7: Importing Maven projects] INFO  o.e.m.j.i.AbstractJavaProjectConfigurator - Adding resource folder /workshop-springboot4-jpa/src/test/resources
2026-06-23 12:51:20,525 [Worker-9: Download sources and javadoc] INFO  o.e.m.c.i.e.AbstractTransferListenerAdapter - Downloading https://repo.maven.apache.org/maven2/org/springframework/boot/spring-boot-h2console/4.0.0/spring-boot-h2console-4.0.0-sources.jar
2026-06-23 12:51:20,709 [Worker-9: Download sources and javadoc] INFO  o.e.m.c.i.e.AbstractTransferListenerAdapter - Downloaded https://repo.maven.apache.org/maven2/org/springframework/boot/spring-boot-h2console/4.0.0/spring-boot-h2console-4.0.0-sources.jar
2026-06-23 12:51:20,746 [Worker-9: Download sources and javadoc] INFO  o.e.m.j.internal.DownloadSourcesJob - Downloaded sources for org.springframework.boot:spring-boot-h2console:4.0.0
2026-06-23 12:51:20,834 [Worker-9: Download sources and javadoc] INFO  o.e.m.c.i.e.AbstractTransferListenerAdapter - Downloading https://repo.maven.apache.org/maven2/org/springframework/boot/spring-boot/4.0.0/spring-boot-4.0.0-sources.jar
2026-06-23 12:51:20,973 [Worker-9: Download sources and javadoc] INFO  o.e.m.c.i.e.AbstractTransferListenerAdapter - Downloaded https://repo.maven.apache.org/maven2/org/springframework/boot/spring-boot/4.0.0/spring-boot-4.0.0-sources.jar
2026-06-23 12:51:20,979 [Worker-9: Download sources and javadoc] INFO  o.e.m.j.internal.DownloadSourcesJob - Downloaded sources for org.springframework.boot:spring-boot:4.0.0
2026-06-23 12:51:21,117 [Worker-9: Download sources and javadoc] INFO  o.e.m.c.i.e.AbstractTransferListenerAdapter - Downloading https://repo.maven.apache.org/maven2/org/springframework/spring-core/7.0.1/spring-core-7.0.1-sources.jar
2026-06-23 12:51:21,256 [Worker-9: Download sources and javadoc] INFO  o.e.m.c.i.e.AbstractTransferListenerAdapter - Downloaded https://repo.maven.apache.org/maven2/org/springframework/spring-core/7.0.1/spring-core-7.0.1-sources.jar
2026-06-23 12:51:21,263 [Worker-9: Download sources and javadoc] INFO  o.e.m.j.internal.DownloadSourcesJob - Downloaded sources for org.springframework:spring-core:7.0.1
2026-06-23 12:51:21,364 [Worker-9: Download sources and javadoc] INFO  o.e.m.c.i.e.AbstractTransferListenerAdapter - Downloading https://repo.maven.apache.org/maven2/commons-logging/commons-logging/1.3.5/commons-logging-1.3.5-sources.jar
2026-06-23 12:51:21,422 [Worker-9: Download sources and javadoc] INFO  o.e.m.c.i.e.AbstractTransferListenerAdapter - Downloaded https://repo.maven.apache.org/maven2/commons-logging/commons-logging/1.3.5/commons-logging-1.3.5-sources.jar
2026-06-23 12:51:21,429 [Worker-9: Download sources and javadoc] INFO  o.e.m.j.internal.DownloadSourcesJob - Downloaded sources for commons-logging:commons-logging:1.3.5
2026-06-23 12:51:21,533 [Worker-9: Download sources and javadoc] INFO  o.e.m.c.i.e.AbstractTransferListenerAdapter - Downloading https://repo.maven.apache.org/maven2/org/springframework/spring-context/7.0.1/spring-context-7.0.1-sources.jar
2026-06-23 12:51:21,633 [Worker-7: Importing Maven projects] WARN  o.apache.maven.project.MavenProject - Direct modification of compileSourceRoots through clear() is deprecated and will not work in Maven 4.0.0. Please use the add/remove methods instead. If you're using a plugin that causes this warning, please upgrade to the latest version and report an issue if the warning persists. To disable these warnings, set -Dmaven.project.sourceRoots.warningsDisabled=true on the command line, in the .mvn/maven.config file, or in project POM properties.
2026-06-23 12:51:21,635 [Worker-7: Importing Maven projects] WARN  o.apache.maven.project.MavenProject - Direct modification of compileSourceRoots through add() is deprecated and will not work in Maven 4.0.0. Please use the add/remove methods instead. If you're using a plugin that causes this warning, please upgrade to the latest version and report an issue if the warning persists. To disable these warnings, set -Dmaven.project.sourceRoots.warningsDisabled=true on the command line, in the .mvn/maven.config file, or in project POM properties.
2026-06-23 12:51:21,636 [Worker-7: Importing Maven projects] WARN  o.apache.maven.project.MavenProject - Direct modification of testCompileSourceRoots through clear() is deprecated and will not work in Maven 4.0.0. Please use the add/remove methods instead. If you're using a plugin that causes this warning, please upgrade to the latest version and report an issue if the warning persists. To disable these warnings, set -Dmaven.project.sourceRoots.warningsDisabled=true on the command line, in the .mvn/maven.config file, or in project POM properties.
2026-06-23 12:51:21,637 [Worker-7: Importing Maven projects] WARN  o.apache.maven.project.MavenProject - Direct modification of testCompileSourceRoots through add() is deprecated and will not work in Maven 4.0.0. Please use the add/remove methods instead. If you're using a plugin that causes this warning, please upgrade to the latest version and report an issue if the warning persists. To disable these warnings, set -Dmaven.project.sourceRoots.warningsDisabled=true on the command line, in the .mvn/maven.config file, or in project POM properties.
2026-06-23 12:51:21,672 [Worker-7: Importing Maven projects] INFO  o.e.m.c.i.p.ProjectConfigurationManager - Imported and configured 1 project(s) in 27 sec
2026-06-23 12:51:21,821 [Worker-9: Download sources and javadoc] INFO  o.e.m.c.i.e.AbstractTransferListenerAdapter - Downloaded https://repo.maven.apache.org/maven2/org/springframework/spring-context/7.0.1/spring-context-7.0.1-sources.jar
2026-06-23 12:51:21,829 [Worker-9: Download sources and javadoc] INFO  o.e.m.j.internal.DownloadSourcesJob - Downloaded sources for org.springframework:spring-context:7.0.1
2026-06-23 12:51:21,949 [Worker-9: Download sources and javadoc] INFO  o.e.m.c.i.e.AbstractTransferListenerAdapter - Downloading https://repo.maven.apache.org/maven2/org/springframework/spring-aop/7.0.1/spring-aop-7.0.1-sources.jar
2026-06-23 12:51:22,114 [Worker-9: Download sources and javadoc] INFO  o.e.m.c.i.e.AbstractTransferListenerAdapter - Downloaded https://repo.maven.apache.org/maven2/org/springframework/spring-aop/7.0.1/spring-aop-7.0.1-sources.jar
2026-06-23 12:51:22,133 [Worker-9: Download sources and javadoc] INFO  o.e.m.j.internal.DownloadSourcesJob - Downloaded sources for org.springframework:spring-aop:7.0.1
2026-06-23 12:51:22,241 [Worker-9: Download sources and javadoc] INFO  o.e.m.c.i.e.AbstractTransferListenerAdapter - Downloading https://repo.maven.apache.org/maven2/org/springframework/spring-beans/7.0.1/spring-beans-7.0.1-sources.jar
2026-06-23 12:51:22,561 [Worker-9: Download sources and javadoc] INFO  o.e.m.c.i.e.AbstractTransferListenerAdapter - Downloaded https://repo.maven.apache.org/maven2/org/springframework/spring-beans/7.0.1/spring-beans-7.0.1-sources.jar
2026-06-23 12:51:22,570 [Worker-9: Download sources and javadoc] INFO  o.e.m.j.internal.DownloadSourcesJob - Downloaded sources for org.springframework:spring-beans:7.0.1
2026-06-23 12:51:22,684 [Worker-9: Download sources and javadoc] INFO  o.e.m.c.i.e.AbstractTransferListenerAdapter - Downloading https://repo.maven.apache.org/maven2/org/springframework/spring-expression/7.0.1/spring-expression-7.0.1-sources.jar
2026-06-23 12:51:22,771 [Worker-9: Download sources and javadoc] INFO  o.e.m.c.i.e.AbstractTransferListenerAdapter - Downloaded https://repo.maven.apache.org/maven2/org/springframework/spring-expression/7.0.1/spring-expression-7.0.1-sources.jar
2026-06-23 12:51:22,802 [Worker-9: Download sources and javadoc] INFO  o.e.m.j.internal.DownloadSourcesJob - Downloaded sources for org.springframework:spring-expression:7.0.1
2026-06-23 12:51:22,891 [Worker-9: Download sources and javadoc] INFO  o.e.m.c.i.e.AbstractTransferListenerAdapter - Downloading https://repo.maven.apache.org/maven2/io/micrometer/micrometer-observation/1.16.0/micrometer-observation-1.16.0-sources.jar
2026-06-23 12:51:22,959 [Worker-9: Download sources and javadoc] INFO  o.e.m.c.i.e.AbstractTransferListenerAdapter - Downloaded https://repo.maven.apache.org/maven2/io/micrometer/micrometer-observation/1.16.0/micrometer-observation-1.16.0-sources.jar
2026-06-23 12:51:22,966 [Worker-9: Download sources and javadoc] INFO  o.e.m.j.internal.DownloadSourcesJob - Downloaded sources for io.micrometer:micrometer-observation:1.16.0
2026-06-23 12:51:23,084 [Worker-9: Download sources and javadoc] INFO  o.e.m.c.i.e.AbstractTransferListenerAdapter - Downloading https://repo.maven.apache.org/maven2/io/micrometer/micrometer-commons/1.16.0/micrometer-commons-1.16.0-sources.jar
2026-06-23 12:51:24,170 [Worker-9: Download sources and javadoc] INFO  o.e.m.c.i.e.AbstractTransferListenerAdapter - Downloaded https://repo.maven.apache.org/maven2/io/micrometer/micrometer-commons/1.16.0/micrometer-commons-1.16.0-sources.jar
2026-06-23 12:51:24,187 [Worker-9: Download sources and javadoc] INFO  o.e.m.j.internal.DownloadSourcesJob - Downloaded sources for io.micrometer:micrometer-commons:1.16.0
2026-06-23 12:51:24,295 [Worker-9: Download sources and javadoc] INFO  o.e.m.c.i.e.AbstractTransferListenerAdapter - Downloading https://repo.maven.apache.org/maven2/org/springframework/boot/spring-boot-starter-data-jpa/4.0.0/spring-boot-starter-data-jpa-4.0.0-sources.jar
2026-06-23 12:51:24,362 [Worker-9: Download sources and javadoc] INFO  o.e.m.c.i.e.AbstractTransferListenerAdapter - Downloaded https://repo.maven.apache.org/maven2/org/springframework/boot/spring-boot-starter-data-jpa/4.0.0/spring-boot-starter-data-jpa-4.0.0-sources.jar
2026-06-23 12:51:24,369 [Worker-9: Download sources and javadoc] INFO  o.e.m.j.internal.DownloadSourcesJob - Downloaded sources for org.springframework.boot:spring-boot-starter-data-jpa:4.0.0
2026-06-23 12:51:24,417 [Worker-5: Building] INFO  o.a.m.s.f.DefaultMavenResourcesFiltering - Copying 4 resources from src\main\resources to target\classes
2026-06-23 12:51:24,454 [Worker-5: Building] INFO  o.a.m.s.f.DefaultMavenResourcesFiltering - Copying 0 resource from src\main\resources to target\classes
2026-06-23 12:51:24,462 [Worker-5: Building] INFO  o.a.m.s.f.DefaultMavenResourcesFiltering - skip non existing resourceDirectory C:\Users\USUARIO\Documents\Cursos\04. JAVA - Orientação à Objeto\Curso - Java\019. Project Web Services\workshop-springboot4-jpa\src\test\resources
2026-06-23 12:51:24,468 [Worker-9: Download sources and javadoc] INFO  o.e.m.c.i.e.AbstractTransferListenerAdapter - Downloading https://repo.maven.apache.org/maven2/org/springframework/boot/spring-boot-starter/4.0.0/spring-boot-starter-4.0.0-sources.jar
2026-06-23 12:51:24,492 [Worker-9: Download sources and javadoc] INFO  o.e.m.c.i.e.AbstractTransferListenerAdapter - Downloaded https://repo.maven.apache.org/maven2/org/springframework/boot/spring-boot-starter/4.0.0/spring-boot-starter-4.0.0-sources.jar
2026-06-23 12:51:24,500 [Worker-9: Download sources and javadoc] INFO  o.e.m.j.internal.DownloadSourcesJob - Downloaded sources for org.springframework.boot:spring-boot-starter:4.0.0
2026-06-23 12:51:24,592 [Worker-9: Download sources and javadoc] INFO  o.e.m.c.i.e.AbstractTransferListenerAdapter - Downloading https://repo.maven.apache.org/maven2/org/springframework/boot/spring-boot-starter-logging/4.0.0/spring-boot-starter-logging-4.0.0-sources.jar
2026-06-23 12:51:24,663 [Worker-9: Download sources and javadoc] INFO  o.e.m.c.i.e.AbstractTransferListenerAdapter - Downloaded https://repo.maven.apache.org/maven2/org/springframework/boot/spring-boot-starter-logging/4.0.0/spring-boot-starter-logging-4.0.0-sources.jar
2026-06-23 12:51:24,670 [Worker-9: Download sources and javadoc] INFO  o.e.m.j.internal.DownloadSourcesJob - Downloaded sources for org.springframework.boot:spring-boot-starter-logging:4.0.0
2026-06-23 12:51:24,777 [Worker-9: Download sources and javadoc] INFO  o.e.m.c.i.e.AbstractTransferListenerAdapter - Downloading https://repo.maven.apache.org/maven2/ch/qos/logback/logback-classic/1.5.21/logback-classic-1.5.21-sources.jar
2026-06-23 12:51:24,904 [Worker-9: Download sources and javadoc] INFO  o.e.m.c.i.e.AbstractTransferListenerAdapter - Downloaded https://repo.maven.apache.org/maven2/ch/qos/logback/logback-classic/1.5.21/logback-classic-1.5.21-sources.jar
2026-06-23 12:51:24,911 [Worker-9: Download sources and javadoc] INFO  o.e.m.j.internal.DownloadSourcesJob - Downloaded sources for ch.qos.logback:logback-classic:1.5.21
2026-06-23 12:51:25,023 [Worker-9: Download sources and javadoc] INFO  o.e.m.c.i.e.AbstractTransferListenerAdapter - Downloading https://repo.maven.apache.org/maven2/ch/qos/logback/logback-core/1.5.21/logback-core-1.5.21-sources.jar
2026-06-23 12:51:25,044 [Worker-5: Building] WARN  o.apache.maven.project.MavenProject - Direct modification of compileSourceRoots through clear() is deprecated and will not work in Maven 4.0.0. Please use the add/remove methods instead. If you're using a plugin that causes this warning, please upgrade to the latest version and report an issue if the warning persists. To disable these warnings, set -Dmaven.project.sourceRoots.warningsDisabled=true on the command line, in the .mvn/maven.config file, or in project POM properties.
2026-06-23 12:51:25,045 [Worker-5: Building] WARN  o.apache.maven.project.MavenProject - Direct modification of compileSourceRoots through add() is deprecated and will not work in Maven 4.0.0. Please use the add/remove methods instead. If you're using a plugin that causes this warning, please upgrade to the latest version and report an issue if the warning persists. To disable these warnings, set -Dmaven.project.sourceRoots.warningsDisabled=true on the command line, in the .mvn/maven.config file, or in project POM properties.
2026-06-23 12:51:25,046 [Worker-5: Building] WARN  o.apache.maven.project.MavenProject - Direct modification of testCompileSourceRoots through clear() is deprecated and will not work in Maven 4.0.0. Please use the add/remove methods instead. If you're using a plugin that causes this warning, please upgrade to the latest version and report an issue if the warning persists. To disable these warnings, set -Dmaven.project.sourceRoots.warningsDisabled=true on the command line, in the .mvn/maven.config file, or in project POM properties.
2026-06-23 12:51:25,048 [Worker-5: Building] WARN  o.apache.maven.project.MavenProject - Direct modification of testCompileSourceRoots through add() is deprecated and will not work in Maven 4.0.0. Please use the add/remove methods instead. If you're using a plugin that causes this warning, please upgrade to the latest version and report an issue if the warning persists. To disable these warnings, set -Dmaven.project.sourceRoots.warningsDisabled=true on the command line, in the .mvn/maven.config file, or in project POM properties.
2026-06-23 12:51:25,221 [Worker-9: Download sources and javadoc] INFO  o.e.m.c.i.e.AbstractTransferListenerAdapter - Downloaded https://repo.maven.apache.org/maven2/ch/qos/logback/logback-core/1.5.21/logback-core-1.5.21-sources.jar
2026-06-23 12:51:25,230 [Worker-9: Download sources and javadoc] INFO  o.e.m.j.internal.DownloadSourcesJob - Downloaded sources for ch.qos.logback:logback-core:1.5.21
2026-06-23 12:51:25,360 [Worker-9: Download sources and javadoc] INFO  o.e.m.c.i.e.AbstractTransferListenerAdapter - Downloading https://repo.maven.apache.org/maven2/org/apache/logging/log4j/log4j-to-slf4j/2.25.2/log4j-to-slf4j-2.25.2-sources.jar
2026-06-23 12:51:25,799 [Worker-9: Download sources and javadoc] INFO  o.e.m.c.i.e.AbstractTransferListenerAdapter - Downloaded https://repo.maven.apache.org/maven2/org/apache/logging/log4j/log4j-to-slf4j/2.25.2/log4j-to-slf4j-2.25.2-sources.jar
2026-06-23 12:51:25,808 [Worker-9: Download sources and javadoc] INFO  o.e.m.j.internal.DownloadSourcesJob - Downloaded sources for org.apache.logging.log4j:log4j-to-slf4j:2.25.2
2026-06-23 12:51:25,910 [Worker-9: Download sources and javadoc] INFO  o.e.m.c.i.e.AbstractTransferListenerAdapter - Downloading https://repo.maven.apache.org/maven2/org/apache/logging/log4j/log4j-api/2.25.2/log4j-api-2.25.2-sources.jar
2026-06-23 12:51:26,200 [Worker-9: Download sources and javadoc] INFO  o.e.m.c.i.e.AbstractTransferListenerAdapter - Downloaded https://repo.maven.apache.org/maven2/org/apache/logging/log4j/log4j-api/2.25.2/log4j-api-2.25.2-sources.jar
2026-06-23 12:51:26,225 [Worker-9: Download sources and javadoc] INFO  o.e.m.j.internal.DownloadSourcesJob - Downloaded sources for org.apache.logging.log4j:log4j-api:2.25.2
2026-06-23 12:51:26,374 [Worker-9: Download sources and javadoc] INFO  o.e.m.c.i.e.AbstractTransferListenerAdapter - Downloading https://repo.maven.apache.org/maven2/org/slf4j/jul-to-slf4j/2.0.17/jul-to-slf4j-2.0.17-sources.jar
2026-06-23 12:51:26,568 [Worker-9: Download sources and javadoc] INFO  o.e.m.c.i.e.AbstractTransferListenerAdapter - Downloaded https://repo.maven.apache.org/maven2/org/slf4j/jul-to-slf4j/2.0.17/jul-to-slf4j-2.0.17-sources.jar
2026-06-23 12:51:26,576 [Worker-9: Download sources and javadoc] INFO  o.e.m.j.internal.DownloadSourcesJob - Downloaded sources for org.slf4j:jul-to-slf4j:2.0.17
2026-06-23 12:51:26,679 [Worker-9: Download sources and javadoc] INFO  o.e.m.c.i.e.AbstractTransferListenerAdapter - Downloading https://repo.maven.apache.org/maven2/org/springframework/boot/spring-boot-autoconfigure/4.0.0/spring-boot-autoconfigure-4.0.0-sources.jar
2026-06-23 12:51:26,822 [Worker-9: Download sources and javadoc] INFO  o.e.m.c.i.e.AbstractTransferListenerAdapter - Downloaded https://repo.maven.apache.org/maven2/org/springframework/boot/spring-boot-autoconfigure/4.0.0/spring-boot-autoconfigure-4.0.0-sources.jar
2026-06-23 12:51:26,830 [Worker-9: Download sources and javadoc] INFO  o.e.m.j.internal.DownloadSourcesJob - Downloaded sources for org.springframework.boot:spring-boot-autoconfigure:4.0.0
2026-06-23 12:51:26,926 [Worker-9: Download sources and javadoc] INFO  o.e.m.c.i.e.AbstractTransferListenerAdapter - Downloading https://repo.maven.apache.org/maven2/org/yaml/snakeyaml/2.5/snakeyaml-2.5-sources.jar
2026-06-23 12:51:26,995 [Worker-9: Download sources and javadoc] INFO  o.e.m.c.i.e.AbstractTransferListenerAdapter - Downloaded https://repo.maven.apache.org/maven2/org/yaml/snakeyaml/2.5/snakeyaml-2.5-sources.jar
2026-06-23 12:51:27,003 [Worker-9: Download sources and javadoc] INFO  o.e.m.j.internal.DownloadSourcesJob - Downloaded sources for org.yaml:snakeyaml:2.5
2026-06-23 12:51:27,099 [Worker-9: Download sources and javadoc] INFO  o.e.m.c.i.e.AbstractTransferListenerAdapter - Downloading https://repo.maven.apache.org/maven2/org/springframework/boot/spring-boot-starter-jdbc/4.0.0/spring-boot-starter-jdbc-4.0.0-sources.jar
2026-06-23 12:51:27,110 [Worker-9: Download sources and javadoc] INFO  o.e.m.c.i.e.AbstractTransferListenerAdapter - Downloaded https://repo.maven.apache.org/maven2/org/springframework/boot/spring-boot-starter-jdbc/4.0.0/spring-boot-starter-jdbc-4.0.0-sources.jar
2026-06-23 12:51:27,119 [Worker-9: Download sources and javadoc] INFO  o.e.m.j.internal.DownloadSourcesJob - Downloaded sources for org.springframework.boot:spring-boot-starter-jdbc:4.0.0
2026-06-23 12:51:27,278 [Worker-9: Download sources and javadoc] INFO  o.e.m.c.i.e.AbstractTransferListenerAdapter - Downloading https://repo.maven.apache.org/maven2/org/slf4j/slf4j-api/2.0.17/slf4j-api-2.0.17-sources.jar
2026-06-23 12:51:27,334 [Worker-9: Download sources and javadoc] INFO  o.e.m.c.i.e.AbstractTransferListenerAdapter - Downloaded https://repo.maven.apache.org/maven2/org/slf4j/slf4j-api/2.0.17/slf4j-api-2.0.17-sources.jar
2026-06-23 12:51:27,341 [Worker-9: Download sources and javadoc] INFO  o.e.m.j.internal.DownloadSourcesJob - Downloaded sources for org.slf4j:slf4j-api:2.0.17
2026-06-23 12:51:27,475 [Worker-9: Download sources and javadoc] INFO  o.e.m.c.i.e.AbstractTransferListenerAdapter - Downloading https://repo.maven.apache.org/maven2/org/springframework/boot/spring-boot-data-jpa/4.0.0/spring-boot-data-jpa-4.0.0-sources.jar
2026-06-23 12:51:27,654 [Worker-9: Download sources and javadoc] INFO  o.e.m.c.i.e.AbstractTransferListenerAdapter - Downloaded https://repo.maven.apache.org/maven2/org/springframework/boot/spring-boot-data-jpa/4.0.0/spring-boot-data-jpa-4.0.0-sources.jar
2026-06-23 12:51:27,661 [Worker-9: Download sources and javadoc] INFO  o.e.m.j.internal.DownloadSourcesJob - Downloaded sources for org.springframework.boot:spring-boot-data-jpa:4.0.0
2026-06-23 12:51:27,755 [Worker-9: Download sources and javadoc] INFO  o.e.m.c.i.e.AbstractTransferListenerAdapter - Downloading https://repo.maven.apache.org/maven2/org/springframework/boot/spring-boot-data-commons/4.0.0/spring-boot-data-commons-4.0.0-sources.jar
2026-06-23 12:51:28,091 [Worker-9: Download sources and javadoc] INFO  o.e.m.c.i.e.AbstractTransferListenerAdapter - Downloaded https://repo.maven.apache.org/maven2/org/springframework/boot/spring-boot-data-commons/4.0.0/spring-boot-data-commons-4.0.0-sources.jar
2026-06-23 12:51:28,099 [Worker-9: Download sources and javadoc] INFO  o.e.m.j.internal.DownloadSourcesJob - Downloaded sources for org.springframework.boot:spring-boot-data-commons:4.0.0
2026-06-23 12:51:28,183 [Worker-9: Download sources and javadoc] INFO  o.e.m.c.i.e.AbstractTransferListenerAdapter - Downloading https://repo.maven.apache.org/maven2/org/springframework/boot/spring-boot-persistence/4.0.0/spring-boot-persistence-4.0.0-sources.jar
2026-06-23 12:51:28,356 [Worker-9: Download sources and javadoc] INFO  o.e.m.c.i.e.AbstractTransferListenerAdapter - Downloaded https://repo.maven.apache.org/maven2/org/springframework/boot/spring-boot-persistence/4.0.0/spring-boot-persistence-4.0.0-sources.jar
2026-06-23 12:51:28,363 [Worker-9: Download sources and javadoc] INFO  o.e.m.j.internal.DownloadSourcesJob - Downloaded sources for org.springframework.boot:spring-boot-persistence:4.0.0
2026-06-23 12:51:28,466 [Worker-9: Download sources and javadoc] INFO  o.e.m.c.i.e.AbstractTransferListenerAdapter - Downloading https://repo.maven.apache.org/maven2/org/springframework/data/spring-data-commons/4.0.0/spring-data-commons-4.0.0-sources.jar
2026-06-23 12:51:28,622 [Worker-9: Download sources and javadoc] INFO  o.e.m.c.i.e.AbstractTransferListenerAdapter - Downloaded https://repo.maven.apache.org/maven2/org/springframework/data/spring-data-commons/4.0.0/spring-data-commons-4.0.0-sources.jar
2026-06-23 12:51:28,629 [Worker-9: Download sources and javadoc] INFO  o.e.m.j.internal.DownloadSourcesJob - Downloaded sources for org.springframework.data:spring-data-commons:4.0.0
2026-06-23 12:51:28,716 [Worker-9: Download sources and javadoc] INFO  o.e.m.c.i.e.AbstractTransferListenerAdapter - Downloading https://repo.maven.apache.org/maven2/org/springframework/boot/spring-boot-hibernate/4.0.0/spring-boot-hibernate-4.0.0-sources.jar
2026-06-23 12:51:29,066 [Worker-9: Download sources and javadoc] INFO  o.e.m.c.i.e.AbstractTransferListenerAdapter - Downloaded https://repo.maven.apache.org/maven2/org/springframework/boot/spring-boot-hibernate/4.0.0/spring-boot-hibernate-4.0.0-sources.jar
2026-06-23 12:51:29,072 [Worker-9: Download sources and javadoc] INFO  o.e.m.j.internal.DownloadSourcesJob - Downloaded sources for org.springframework.boot:spring-boot-hibernate:4.0.0
2026-06-23 12:51:29,151 [Worker-9: Download sources and javadoc] INFO  o.e.m.c.i.e.AbstractTransferListenerAdapter - Downloading https://repo.maven.apache.org/maven2/org/springframework/boot/spring-boot-jpa/4.0.0/spring-boot-jpa-4.0.0-sources.jar
2026-06-23 12:51:29,414 [Worker-9: Download sources and javadoc] INFO  o.e.m.c.i.e.AbstractTransferListenerAdapter - Downloaded https://repo.maven.apache.org/maven2/org/springframework/boot/spring-boot-jpa/4.0.0/spring-boot-jpa-4.0.0-sources.jar
2026-06-23 12:51:29,421 [Worker-9: Download sources and javadoc] INFO  o.e.m.j.internal.DownloadSourcesJob - Downloaded sources for org.springframework.boot:spring-boot-jpa:4.0.0
2026-06-23 12:51:29,504 [Worker-9: Download sources and javadoc] INFO  o.e.m.c.i.e.AbstractTransferListenerAdapter - Downloading https://repo.maven.apache.org/maven2/org/hibernate/orm/hibernate-core/7.1.8.Final/hibernate-core-7.1.8.Final-sources.jar
2026-06-23 12:51:29,996 [Worker-9: Download sources and javadoc] INFO  o.e.m.c.i.e.AbstractTransferListenerAdapter - Downloaded https://repo.maven.apache.org/maven2/org/hibernate/orm/hibernate-core/7.1.8.Final/hibernate-core-7.1.8.Final-sources.jar
2026-06-23 12:51:30,003 [Worker-9: Download sources and javadoc] INFO  o.e.m.j.internal.DownloadSourcesJob - Downloaded sources for org.hibernate.orm:hibernate-core:7.1.8.Final
2026-06-23 12:51:30,099 [Worker-9: Download sources and javadoc] INFO  o.e.m.c.i.e.AbstractTransferListenerAdapter - Downloading https://repo.maven.apache.org/maven2/org/jboss/logging/jboss-logging/3.6.1.Final/jboss-logging-3.6.1.Final-sources.jar
2026-06-23 12:51:30,798 [Worker-9: Download sources and javadoc] INFO  o.e.m.c.i.e.AbstractTransferListenerAdapter - Downloaded https://repo.maven.apache.org/maven2/org/jboss/logging/jboss-logging/3.6.1.Final/jboss-logging-3.6.1.Final-sources.jar
2026-06-23 12:51:30,805 [Worker-9: Download sources and javadoc] INFO  o.e.m.j.internal.DownloadSourcesJob - Downloaded sources for org.jboss.logging:jboss-logging:3.6.1.Final
2026-06-23 12:51:30,899 [Worker-9: Download sources and javadoc] INFO  o.e.m.c.i.e.AbstractTransferListenerAdapter - Downloading https://repo.maven.apache.org/maven2/org/hibernate/models/hibernate-models/1.0.1/hibernate-models-1.0.1-sources.jar
2026-06-23 12:51:30,985 [Worker-9: Download sources and javadoc] INFO  o.e.m.c.i.e.AbstractTransferListenerAdapter - Downloaded https://repo.maven.apache.org/maven2/org/hibernate/models/hibernate-models/1.0.1/hibernate-models-1.0.1-sources.jar
2026-06-23 12:51:30,991 [Worker-9: Download sources and javadoc] INFO  o.e.m.j.internal.DownloadSourcesJob - Downloaded sources for org.hibernate.models:hibernate-models:1.0.1
2026-06-23 12:51:31,092 [Worker-9: Download sources and javadoc] INFO  o.e.m.c.i.e.AbstractTransferListenerAdapter - Downloading https://repo.maven.apache.org/maven2/com/fasterxml/classmate/1.7.1/classmate-1.7.1-sources.jar
2026-06-23 12:51:31,175 [Worker-9: Download sources and javadoc] INFO  o.e.m.c.i.e.AbstractTransferListenerAdapter - Downloaded https://repo.maven.apache.org/maven2/com/fasterxml/classmate/1.7.1/classmate-1.7.1-sources.jar
2026-06-23 12:51:31,183 [Worker-9: Download sources and javadoc] INFO  o.e.m.j.internal.DownloadSourcesJob - Downloaded sources for com.fasterxml:classmate:1.7.1
2026-06-23 12:51:31,304 [Worker-9: Download sources and javadoc] INFO  o.e.m.c.i.e.AbstractTransferListenerAdapter - Downloading https://repo.maven.apache.org/maven2/org/glassfish/jaxb/jaxb-runtime/4.0.6/jaxb-runtime-4.0.6-sources.jar
2026-06-23 12:51:31,440 [Worker-9: Download sources and javadoc] INFO  o.e.m.c.i.e.AbstractTransferListenerAdapter - Downloaded https://repo.maven.apache.org/maven2/org/glassfish/jaxb/jaxb-runtime/4.0.6/jaxb-runtime-4.0.6-sources.jar
2026-06-23 12:51:31,448 [Worker-9: Download sources and javadoc] INFO  o.e.m.j.internal.DownloadSourcesJob - Downloaded sources for org.glassfish.jaxb:jaxb-runtime:4.0.6
2026-06-23 12:51:31,532 [Worker-9: Download sources and javadoc] INFO  o.e.m.c.i.e.AbstractTransferListenerAdapter - Downloading https://repo.maven.apache.org/maven2/org/glassfish/jaxb/jaxb-core/4.0.6/jaxb-core-4.0.6-sources.jar
2026-06-23 12:51:31,598 [Worker-9: Download sources and javadoc] INFO  o.e.m.c.i.e.AbstractTransferListenerAdapter - Downloaded https://repo.maven.apache.org/maven2/org/glassfish/jaxb/jaxb-core/4.0.6/jaxb-core-4.0.6-sources.jar
2026-06-23 12:51:31,604 [Worker-9: Download sources and javadoc] INFO  o.e.m.j.internal.DownloadSourcesJob - Downloaded sources for org.glassfish.jaxb:jaxb-core:4.0.6
2026-06-23 12:51:31,690 [Worker-9: Download sources and javadoc] INFO  o.e.m.c.i.e.AbstractTransferListenerAdapter - Downloading https://repo.maven.apache.org/maven2/org/glassfish/jaxb/txw2/4.0.6/txw2-4.0.6-sources.jar
2026-06-23 12:51:31,766 [Worker-9: Download sources and javadoc] INFO  o.e.m.c.i.e.AbstractTransferListenerAdapter - Downloaded https://repo.maven.apache.org/maven2/org/glassfish/jaxb/txw2/4.0.6/txw2-4.0.6-sources.jar
2026-06-23 12:51:31,774 [Worker-9: Download sources and javadoc] INFO  o.e.m.j.internal.DownloadSourcesJob - Downloaded sources for org.glassfish.jaxb:txw2:4.0.6
2026-06-23 12:51:31,861 [Worker-9: Download sources and javadoc] INFO  o.e.m.c.i.e.AbstractTransferListenerAdapter - Downloading https://repo.maven.apache.org/maven2/org/springframework/spring-orm/7.0.1/spring-orm-7.0.1-sources.jar
2026-06-23 12:51:31,921 [Worker-9: Download sources and javadoc] INFO  o.e.m.c.i.e.AbstractTransferListenerAdapter - Downloaded https://repo.maven.apache.org/maven2/org/springframework/spring-orm/7.0.1/spring-orm-7.0.1-sources.jar
2026-06-23 12:51:31,929 [Worker-9: Download sources and javadoc] INFO  o.e.m.j.internal.DownloadSourcesJob - Downloaded sources for org.springframework:spring-orm:7.0.1
2026-06-23 12:51:32,020 [Worker-9: Download sources and javadoc] INFO  o.e.m.c.i.e.AbstractTransferListenerAdapter - Downloading https://repo.maven.apache.org/maven2/org/springframework/data/spring-data-jpa/4.0.0/spring-data-jpa-4.0.0-sources.jar
2026-06-23 12:51:32,166 [Worker-9: Download sources and javadoc] INFO  o.e.m.c.i.e.AbstractTransferListenerAdapter - Downloaded https://repo.maven.apache.org/maven2/org/springframework/data/spring-data-jpa/4.0.0/spring-data-jpa-4.0.0-sources.jar
2026-06-23 12:51:32,174 [Worker-9: Download sources and javadoc] INFO  o.e.m.j.internal.DownloadSourcesJob - Downloaded sources for org.springframework.data:spring-data-jpa:4.0.0
2026-06-23 12:51:32,275 [Worker-9: Download sources and javadoc] INFO  o.e.m.c.i.e.AbstractTransferListenerAdapter - Downloading https://repo.maven.apache.org/maven2/org/springframework/spring-tx/7.0.1/spring-tx-7.0.1-sources.jar
2026-06-23 12:51:32,364 [Worker-9: Download sources and javadoc] INFO  o.e.m.c.i.e.AbstractTransferListenerAdapter - Downloaded https://repo.maven.apache.org/maven2/org/springframework/spring-tx/7.0.1/spring-tx-7.0.1-sources.jar
2026-06-23 12:51:32,371 [Worker-9: Download sources and javadoc] INFO  o.e.m.j.internal.DownloadSourcesJob - Downloaded sources for org.springframework:spring-tx:7.0.1
2026-06-23 12:51:32,476 [Worker-9: Download sources and javadoc] INFO  o.e.m.c.i.e.AbstractTransferListenerAdapter - Downloading https://repo.maven.apache.org/maven2/org/springframework/spring-aspects/7.0.1/spring-aspects-7.0.1-sources.jar
2026-06-23 12:51:33,097 [Worker-9: Download sources and javadoc] INFO  o.e.m.c.i.e.AbstractTransferListenerAdapter - Downloaded https://repo.maven.apache.org/maven2/org/springframework/spring-aspects/7.0.1/spring-aspects-7.0.1-sources.jar
2026-06-23 12:51:33,103 [Worker-9: Download sources and javadoc] INFO  o.e.m.j.internal.DownloadSourcesJob - Downloaded sources for org.springframework:spring-aspects:7.0.1
2026-06-23 12:51:33,223 [Worker-9: Download sources and javadoc] INFO  o.e.m.c.i.e.AbstractTransferListenerAdapter - Downloading https://repo.maven.apache.org/maven2/org/aspectj/aspectjweaver/1.9.25/aspectjweaver-1.9.25-sources.jar
2026-06-23 12:51:33,415 [Worker-9: Download sources and javadoc] INFO  o.e.m.c.i.e.AbstractTransferListenerAdapter - Downloaded https://repo.maven.apache.org/maven2/org/aspectj/aspectjweaver/1.9.25/aspectjweaver-1.9.25-sources.jar
2026-06-23 12:51:33,422 [Worker-9: Download sources and javadoc] INFO  o.e.m.j.internal.DownloadSourcesJob - Downloaded sources for org.aspectj:aspectjweaver:1.9.25
2026-06-23 12:51:33,500 [Worker-9: Download sources and javadoc] INFO  o.e.m.c.i.e.AbstractTransferListenerAdapter - Downloading https://repo.maven.apache.org/maven2/org/springframework/boot/spring-boot-jdbc/4.0.0/spring-boot-jdbc-4.0.0-sources.jar
2026-06-23 12:51:33,562 [Worker-9: Download sources and javadoc] INFO  o.e.m.c.i.e.AbstractTransferListenerAdapter - Downloaded https://repo.maven.apache.org/maven2/org/springframework/boot/spring-boot-jdbc/4.0.0/spring-boot-jdbc-4.0.0-sources.jar
2026-06-23 12:51:33,571 [Worker-9: Download sources and javadoc] INFO  o.e.m.j.internal.DownloadSourcesJob - Downloaded sources for org.springframework.boot:spring-boot-jdbc:4.0.0
2026-06-23 12:51:33,657 [Worker-9: Download sources and javadoc] INFO  o.e.m.c.i.e.AbstractTransferListenerAdapter - Downloading https://repo.maven.apache.org/maven2/org/springframework/boot/spring-boot-sql/4.0.0/spring-boot-sql-4.0.0-sources.jar
2026-06-23 12:51:34,204 [Worker-9: Download sources and javadoc] INFO  o.e.m.c.i.e.AbstractTransferListenerAdapter - Downloaded https://repo.maven.apache.org/maven2/org/springframework/boot/spring-boot-sql/4.0.0/spring-boot-sql-4.0.0-sources.jar
2026-06-23 12:51:34,211 [Worker-9: Download sources and javadoc] INFO  o.e.m.j.internal.DownloadSourcesJob - Downloaded sources for org.springframework.boot:spring-boot-sql:4.0.0
2026-06-23 12:51:34,297 [Worker-9: Download sources and javadoc] INFO  o.e.m.c.i.e.AbstractTransferListenerAdapter - Downloading https://repo.maven.apache.org/maven2/org/springframework/boot/spring-boot-transaction/4.0.0/spring-boot-transaction-4.0.0-sources.jar
2026-06-23 12:51:34,535 [Worker-9: Download sources and javadoc] INFO  o.e.m.c.i.e.AbstractTransferListenerAdapter - Downloaded https://repo.maven.apache.org/maven2/org/springframework/boot/spring-boot-transaction/4.0.0/spring-boot-transaction-4.0.0-sources.jar
2026-06-23 12:51:34,541 [Worker-9: Download sources and javadoc] INFO  o.e.m.j.internal.DownloadSourcesJob - Downloaded sources for org.springframework.boot:spring-boot-transaction:4.0.0
2026-06-23 12:51:34,625 [Worker-9: Download sources and javadoc] INFO  o.e.m.c.i.e.AbstractTransferListenerAdapter - Downloading https://repo.maven.apache.org/maven2/org/springframework/spring-jdbc/7.0.1/spring-jdbc-7.0.1-sources.jar
2026-06-23 12:51:34,734 [Worker-9: Download sources and javadoc] INFO  o.e.m.c.i.e.AbstractTransferListenerAdapter - Downloaded https://repo.maven.apache.org/maven2/org/springframework/spring-jdbc/7.0.1/spring-jdbc-7.0.1-sources.jar
2026-06-23 12:51:34,742 [Worker-9: Download sources and javadoc] INFO  o.e.m.j.internal.DownloadSourcesJob - Downloaded sources for org.springframework:spring-jdbc:7.0.1
2026-06-23 12:51:34,833 [Worker-9: Download sources and javadoc] INFO  o.e.m.c.i.e.AbstractTransferListenerAdapter - Downloading https://repo.maven.apache.org/maven2/org/springframework/boot/spring-boot-starter-webmvc/4.0.0/spring-boot-starter-webmvc-4.0.0-sources.jar
2026-06-23 12:51:34,860 [Worker-9: Download sources and javadoc] INFO  o.e.m.c.i.e.AbstractTransferListenerAdapter - Downloaded https://repo.maven.apache.org/maven2/org/springframework/boot/spring-boot-starter-webmvc/4.0.0/spring-boot-starter-webmvc-4.0.0-sources.jar
2026-06-23 12:51:34,868 [Worker-9: Download sources and javadoc] INFO  o.e.m.j.internal.DownloadSourcesJob - Downloaded sources for org.springframework.boot:spring-boot-starter-webmvc:4.0.0
2026-06-23 12:51:34,980 [Worker-9: Download sources and javadoc] INFO  o.e.m.c.i.e.AbstractTransferListenerAdapter - Downloading https://repo.maven.apache.org/maven2/org/springframework/boot/spring-boot-starter-jackson/4.0.0/spring-boot-starter-jackson-4.0.0-sources.jar
2026-06-23 12:51:34,989 [Worker-9: Download sources and javadoc] INFO  o.e.m.c.i.e.AbstractTransferListenerAdapter - Downloaded https://repo.maven.apache.org/maven2/org/springframework/boot/spring-boot-starter-jackson/4.0.0/spring-boot-starter-jackson-4.0.0-sources.jar
2026-06-23 12:51:34,995 [Worker-9: Download sources and javadoc] INFO  o.e.m.j.internal.DownloadSourcesJob - Downloaded sources for org.springframework.boot:spring-boot-starter-jackson:4.0.0
2026-06-23 12:51:35,257 [Worker-9: Download sources and javadoc] INFO  o.e.m.c.i.e.AbstractTransferListenerAdapter - Downloading https://repo.maven.apache.org/maven2/org/springframework/boot/spring-boot-jackson/4.0.0/spring-boot-jackson-4.0.0-sources.jar
2026-06-23 12:51:35,799 [Worker-9: Download sources and javadoc] INFO  o.e.m.c.i.e.AbstractTransferListenerAdapter - Downloaded https://repo.maven.apache.org/maven2/org/springframework/boot/spring-boot-jackson/4.0.0/spring-boot-jackson-4.0.0-sources.jar
2026-06-23 12:51:35,807 [Worker-9: Download sources and javadoc] INFO  o.e.m.j.internal.DownloadSourcesJob - Downloaded sources for org.springframework.boot:spring-boot-jackson:4.0.0
2026-06-23 12:51:35,904 [Worker-9: Download sources and javadoc] INFO  o.e.m.c.i.e.AbstractTransferListenerAdapter - Downloading https://repo.maven.apache.org/maven2/tools/jackson/core/jackson-databind/3.0.2/jackson-databind-3.0.2-sources.jar
2026-06-23 12:51:36,034 [Worker-9: Download sources and javadoc] INFO  o.e.m.c.i.e.AbstractTransferListenerAdapter - Downloaded https://repo.maven.apache.org/maven2/tools/jackson/core/jackson-databind/3.0.2/jackson-databind-3.0.2-sources.jar
2026-06-23 12:51:36,041 [Worker-9: Download sources and javadoc] INFO  o.e.m.j.internal.DownloadSourcesJob - Downloaded sources for tools.jackson.core:jackson-databind:3.0.2
2026-06-23 12:51:36,143 [Worker-9: Download sources and javadoc] INFO  o.e.m.c.i.e.AbstractTransferListenerAdapter - Downloading https://repo.maven.apache.org/maven2/com/fasterxml/jackson/core/jackson-annotations/2.20/jackson-annotations-2.20-sources.jar
2026-06-23 12:51:36,195 [Worker-9: Download sources and javadoc] INFO  o.e.m.c.i.e.AbstractTransferListenerAdapter - Downloaded https://repo.maven.apache.org/maven2/com/fasterxml/jackson/core/jackson-annotations/2.20/jackson-annotations-2.20-sources.jar
2026-06-23 12:51:36,203 [Worker-9: Download sources and javadoc] INFO  o.e.m.j.internal.DownloadSourcesJob - Downloaded sources for com.fasterxml.jackson.core:jackson-annotations:2.20
2026-06-23 12:51:36,291 [Worker-9: Download sources and javadoc] INFO  o.e.m.c.i.e.AbstractTransferListenerAdapter - Downloading https://repo.maven.apache.org/maven2/tools/jackson/core/jackson-core/3.0.2/jackson-core-3.0.2-sources.jar
2026-06-23 12:51:36,371 [Worker-9: Download sources and javadoc] INFO  o.e.m.c.i.e.AbstractTransferListenerAdapter - Downloaded https://repo.maven.apache.org/maven2/tools/jackson/core/jackson-core/3.0.2/jackson-core-3.0.2-sources.jar
2026-06-23 12:51:36,378 [Worker-9: Download sources and javadoc] INFO  o.e.m.j.internal.DownloadSourcesJob - Downloaded sources for tools.jackson.core:jackson-core:3.0.2
2026-06-23 12:51:36,469 [Worker-9: Download sources and javadoc] INFO  o.e.m.c.i.e.AbstractTransferListenerAdapter - Downloading https://repo.maven.apache.org/maven2/org/springframework/boot/spring-boot-starter-tomcat/4.0.0/spring-boot-starter-tomcat-4.0.0-sources.jar
2026-06-23 12:51:36,480 [Worker-9: Download sources and javadoc] INFO  o.e.m.c.i.e.AbstractTransferListenerAdapter - Downloaded https://repo.maven.apache.org/maven2/org/springframework/boot/spring-boot-starter-tomcat/4.0.0/spring-boot-starter-tomcat-4.0.0-sources.jar
2026-06-23 12:51:36,487 [Worker-9: Download sources and javadoc] INFO  o.e.m.j.internal.DownloadSourcesJob - Downloaded sources for org.springframework.boot:spring-boot-starter-tomcat:4.0.0
2026-06-23 12:51:36,571 [Worker-9: Download sources and javadoc] INFO  o.e.m.c.i.e.AbstractTransferListenerAdapter - Downloading https://repo.maven.apache.org/maven2/org/springframework/boot/spring-boot-starter-tomcat-runtime/4.0.0/spring-boot-starter-tomcat-runtime-4.0.0-sources.jar
2026-06-23 12:51:36,582 [Worker-9: Download sources and javadoc] INFO  o.e.m.c.i.e.AbstractTransferListenerAdapter - Downloaded https://repo.maven.apache.org/maven2/org/springframework/boot/spring-boot-starter-tomcat-runtime/4.0.0/spring-boot-starter-tomcat-runtime-4.0.0-sources.jar
2026-06-23 12:51:36,589 [Worker-9: Download sources and javadoc] INFO  o.e.m.j.internal.DownloadSourcesJob - Downloaded sources for org.springframework.boot:spring-boot-starter-tomcat-runtime:4.0.0
2026-06-23 12:51:36,667 [Worker-9: Download sources and javadoc] INFO  o.e.m.c.i.e.AbstractTransferListenerAdapter - Downloading https://repo.maven.apache.org/maven2/org/apache/tomcat/embed/tomcat-embed-core/11.0.14/tomcat-embed-core-11.0.14-sources.jar
2026-06-23 12:51:37,137 [Worker-9: Download sources and javadoc] INFO  o.e.m.c.i.e.AbstractTransferListenerAdapter - Downloaded https://repo.maven.apache.org/maven2/org/apache/tomcat/embed/tomcat-embed-core/11.0.14/tomcat-embed-core-11.0.14-sources.jar
2026-06-23 12:51:37,147 [Worker-9: Download sources and javadoc] INFO  o.e.m.j.internal.DownloadSourcesJob - Downloaded sources for org.apache.tomcat.embed:tomcat-embed-core:11.0.14
2026-06-23 12:51:37,231 [Worker-9: Download sources and javadoc] INFO  o.e.m.c.i.e.AbstractTransferListenerAdapter - Downloading https://repo.maven.apache.org/maven2/org/apache/tomcat/embed/tomcat-embed-el/11.0.14/tomcat-embed-el-11.0.14-sources.jar
2026-06-23 12:51:37,303 [Worker-9: Download sources and javadoc] INFO  o.e.m.c.i.e.AbstractTransferListenerAdapter - Downloaded https://repo.maven.apache.org/maven2/org/apache/tomcat/embed/tomcat-embed-el/11.0.14/tomcat-embed-el-11.0.14-sources.jar
2026-06-23 12:51:37,311 [Worker-9: Download sources and javadoc] INFO  o.e.m.j.internal.DownloadSourcesJob - Downloaded sources for org.apache.tomcat.embed:tomcat-embed-el:11.0.14
2026-06-23 12:51:37,388 [Worker-9: Download sources and javadoc] INFO  o.e.m.c.i.e.AbstractTransferListenerAdapter - Downloading https://repo.maven.apache.org/maven2/org/apache/tomcat/embed/tomcat-embed-websocket/11.0.14/tomcat-embed-websocket-11.0.14-sources.jar
2026-06-23 12:51:37,456 [Worker-9: Download sources and javadoc] INFO  o.e.m.c.i.e.AbstractTransferListenerAdapter - Downloaded https://repo.maven.apache.org/maven2/org/apache/tomcat/embed/tomcat-embed-websocket/11.0.14/tomcat-embed-websocket-11.0.14-sources.jar
2026-06-23 12:51:37,462 [Worker-9: Download sources and javadoc] INFO  o.e.m.j.internal.DownloadSourcesJob - Downloaded sources for org.apache.tomcat.embed:tomcat-embed-websocket:11.0.14
2026-06-23 12:51:37,536 [Worker-9: Download sources and javadoc] INFO  o.e.m.c.i.e.AbstractTransferListenerAdapter - Downloading https://repo.maven.apache.org/maven2/org/springframework/boot/spring-boot-tomcat/4.0.0/spring-boot-tomcat-4.0.0-sources.jar
2026-06-23 12:51:37,585 [Worker-9: Download sources and javadoc] INFO  o.e.m.c.i.e.AbstractTransferListenerAdapter - Downloaded https://repo.maven.apache.org/maven2/org/springframework/boot/spring-boot-tomcat/4.0.0/spring-boot-tomcat-4.0.0-sources.jar
2026-06-23 12:51:37,593 [Worker-9: Download sources and javadoc] INFO  o.e.m.j.internal.DownloadSourcesJob - Downloaded sources for org.springframework.boot:spring-boot-tomcat:4.0.0
2026-06-23 12:51:37,692 [Worker-9: Download sources and javadoc] INFO  o.e.m.c.i.e.AbstractTransferListenerAdapter - Downloading https://repo.maven.apache.org/maven2/org/springframework/boot/spring-boot-http-converter/4.0.0/spring-boot-http-converter-4.0.0-sources.jar
2026-06-23 12:51:38,258 [Worker-9: Download sources and javadoc] INFO  o.e.m.c.i.e.AbstractTransferListenerAdapter - Downloaded https://repo.maven.apache.org/maven2/org/springframework/boot/spring-boot-http-converter/4.0.0/spring-boot-http-converter-4.0.0-sources.jar
2026-06-23 12:51:38,265 [Worker-9: Download sources and javadoc] INFO  o.e.m.j.internal.DownloadSourcesJob - Downloaded sources for org.springframework.boot:spring-boot-http-converter:4.0.0
2026-06-23 12:51:38,343 [Worker-9: Download sources and javadoc] INFO  o.e.m.c.i.e.AbstractTransferListenerAdapter - Downloading https://repo.maven.apache.org/maven2/org/springframework/spring-web/7.0.1/spring-web-7.0.1-sources.jar
2026-06-23 12:51:38,478 [Worker-9: Download sources and javadoc] INFO  o.e.m.c.i.e.AbstractTransferListenerAdapter - Downloaded https://repo.maven.apache.org/maven2/org/springframework/spring-web/7.0.1/spring-web-7.0.1-sources.jar
2026-06-23 12:51:38,486 [Worker-9: Download sources and javadoc] INFO  o.e.m.j.internal.DownloadSourcesJob - Downloaded sources for org.springframework:spring-web:7.0.1
2026-06-23 12:51:38,564 [Worker-9: Download sources and javadoc] INFO  o.e.m.c.i.e.AbstractTransferListenerAdapter - Downloading https://repo.maven.apache.org/maven2/org/springframework/boot/spring-boot-webmvc/4.0.0/spring-boot-webmvc-4.0.0-sources.jar
2026-06-23 12:51:38,619 [Worker-9: Download sources and javadoc] INFO  o.e.m.c.i.e.AbstractTransferListenerAdapter - Downloaded https://repo.maven.apache.org/maven2/org/springframework/boot/spring-boot-webmvc/4.0.0/spring-boot-webmvc-4.0.0-sources.jar
2026-06-23 12:51:38,625 [Worker-9: Download sources and javadoc] INFO  o.e.m.j.internal.DownloadSourcesJob - Downloaded sources for org.springframework.boot:spring-boot-webmvc:4.0.0
2026-06-23 12:51:38,724 [Worker-9: Download sources and javadoc] INFO  o.e.m.c.i.e.AbstractTransferListenerAdapter - Downloading https://repo.maven.apache.org/maven2/org/springframework/boot/spring-boot-servlet/4.0.0/spring-boot-servlet-4.0.0-sources.jar
2026-06-23 12:51:39,650 [Worker-9: Download sources and javadoc] INFO  o.e.m.c.i.e.AbstractTransferListenerAdapter - Downloaded https://repo.maven.apache.org/maven2/org/springframework/boot/spring-boot-servlet/4.0.0/spring-boot-servlet-4.0.0-sources.jar
2026-06-23 12:51:39,657 [Worker-9: Download sources and javadoc] INFO  o.e.m.j.internal.DownloadSourcesJob - Downloaded sources for org.springframework.boot:spring-boot-servlet:4.0.0
2026-06-23 12:51:39,746 [Worker-9: Download sources and javadoc] INFO  o.e.m.c.i.e.AbstractTransferListenerAdapter - Downloading https://repo.maven.apache.org/maven2/org/springframework/spring-webmvc/7.0.1/spring-webmvc-7.0.1-sources.jar
2026-06-23 12:51:39,881 [Worker-9: Download sources and javadoc] INFO  o.e.m.c.i.e.AbstractTransferListenerAdapter - Downloaded https://repo.maven.apache.org/maven2/org/springframework/spring-webmvc/7.0.1/spring-webmvc-7.0.1-sources.jar
2026-06-23 12:51:39,888 [Worker-9: Download sources and javadoc] INFO  o.e.m.j.internal.DownloadSourcesJob - Downloaded sources for org.springframework:spring-webmvc:7.0.1
2026-06-23 12:51:39,992 [Worker-9: Download sources and javadoc] INFO  o.e.m.c.i.e.AbstractTransferListenerAdapter - Downloading https://repo.maven.apache.org/maven2/org/postgresql/postgresql/42.7.8/postgresql-42.7.8-sources.jar
2026-06-23 12:51:40,117 [Worker-9: Download sources and javadoc] INFO  o.e.m.c.i.e.AbstractTransferListenerAdapter - Downloaded https://repo.maven.apache.org/maven2/org/postgresql/postgresql/42.7.8/postgresql-42.7.8-sources.jar
2026-06-23 12:51:40,124 [Worker-9: Download sources and javadoc] INFO  o.e.m.j.internal.DownloadSourcesJob - Downloaded sources for org.postgresql:postgresql:42.7.8
2026-06-23 12:51:40,199 [Worker-9: Download sources and javadoc] INFO  o.e.m.c.i.e.AbstractTransferListenerAdapter - Downloading https://repo.maven.apache.org/maven2/org/checkerframework/checker-qual/3.49.5/checker-qual-3.49.5-sources.jar
2026-06-23 12:51:40,263 [Worker-9: Download sources and javadoc] INFO  o.e.m.c.i.e.AbstractTransferListenerAdapter - Downloaded https://repo.maven.apache.org/maven2/org/checkerframework/checker-qual/3.49.5/checker-qual-3.49.5-sources.jar
2026-06-23 12:51:40,270 [Worker-9: Download sources and javadoc] INFO  o.e.m.j.internal.DownloadSourcesJob - Downloaded sources for org.checkerframework:checker-qual:3.49.5
2026-06-23 12:51:40,354 [Worker-9: Download sources and javadoc] INFO  o.e.m.c.i.e.AbstractTransferListenerAdapter - Downloading https://repo.maven.apache.org/maven2/org/springframework/boot/spring-boot-starter-data-jpa-test/4.0.0/spring-boot-starter-data-jpa-test-4.0.0-sources.jar
2026-06-23 12:51:40,393 [Worker-9: Download sources and javadoc] INFO  o.e.m.c.i.e.AbstractTransferListenerAdapter - Downloaded https://repo.maven.apache.org/maven2/org/springframework/boot/spring-boot-starter-data-jpa-test/4.0.0/spring-boot-starter-data-jpa-test-4.0.0-sources.jar
2026-06-23 12:51:40,398 [Worker-9: Download sources and javadoc] INFO  o.e.m.j.internal.DownloadSourcesJob - Downloaded sources for org.springframework.boot:spring-boot-starter-data-jpa-test:4.0.0
2026-06-23 12:51:40,480 [Worker-9: Download sources and javadoc] INFO  o.e.m.c.i.e.AbstractTransferListenerAdapter - Downloading https://repo.maven.apache.org/maven2/org/springframework/boot/spring-boot-starter-test/4.0.0/spring-boot-starter-test-4.0.0-sources.jar
2026-06-23 12:51:40,527 [Worker-9: Download sources and javadoc] INFO  o.e.m.c.i.e.AbstractTransferListenerAdapter - Downloaded https://repo.maven.apache.org/maven2/org/springframework/boot/spring-boot-starter-test/4.0.0/spring-boot-starter-test-4.0.0-sources.jar
2026-06-23 12:51:40,534 [Worker-9: Download sources and javadoc] INFO  o.e.m.j.internal.DownloadSourcesJob - Downloaded sources for org.springframework.boot:spring-boot-starter-test:4.0.0
2026-06-23 12:51:40,614 [Worker-9: Download sources and javadoc] INFO  o.e.m.c.i.e.AbstractTransferListenerAdapter - Downloading https://repo.maven.apache.org/maven2/org/springframework/boot/spring-boot-test/4.0.0/spring-boot-test-4.0.0-sources.jar
2026-06-23 12:51:40,660 [Worker-9: Download sources and javadoc] INFO  o.e.m.c.i.e.AbstractTransferListenerAdapter - Downloaded https://repo.maven.apache.org/maven2/org/springframework/boot/spring-boot-test/4.0.0/spring-boot-test-4.0.0-sources.jar
2026-06-23 12:51:40,667 [Worker-9: Download sources and javadoc] INFO  o.e.m.j.internal.DownloadSourcesJob - Downloaded sources for org.springframework.boot:spring-boot-test:4.0.0
2026-06-23 12:51:40,746 [Worker-9: Download sources and javadoc] INFO  o.e.m.c.i.e.AbstractTransferListenerAdapter - Downloading https://repo.maven.apache.org/maven2/org/springframework/boot/spring-boot-test-autoconfigure/4.0.0/spring-boot-test-autoconfigure-4.0.0-sources.jar
2026-06-23 12:51:41,179 [Worker-9: Download sources and javadoc] INFO  o.e.m.c.i.e.AbstractTransferListenerAdapter - Downloaded https://repo.maven.apache.org/maven2/org/springframework/boot/spring-boot-test-autoconfigure/4.0.0/spring-boot-test-autoconfigure-4.0.0-sources.jar
2026-06-23 12:51:41,186 [Worker-9: Download sources and javadoc] INFO  o.e.m.j.internal.DownloadSourcesJob - Downloaded sources for org.springframework.boot:spring-boot-test-autoconfigure:4.0.0
2026-06-23 12:51:41,285 [Worker-9: Download sources and javadoc] INFO  o.e.m.c.i.e.AbstractTransferListenerAdapter - Downloading https://repo.maven.apache.org/maven2/com/jayway/jsonpath/json-path/2.9.0/json-path-2.9.0-sources.jar
2026-06-23 12:51:41,345 [Worker-9: Download sources and javadoc] INFO  o.e.m.c.i.e.AbstractTransferListenerAdapter - Downloaded https://repo.maven.apache.org/maven2/com/jayway/jsonpath/json-path/2.9.0/json-path-2.9.0-sources.jar
2026-06-23 12:51:41,352 [Worker-9: Download sources and javadoc] INFO  o.e.m.j.internal.DownloadSourcesJob - Downloaded sources for com.jayway.jsonpath:json-path:2.9.0
2026-06-23 12:51:41,451 [Worker-9: Download sources and javadoc] INFO  o.e.m.c.i.e.AbstractTransferListenerAdapter - Downloading https://repo.maven.apache.org/maven2/jakarta/xml/bind/jakarta.xml.bind-api/4.0.4/jakarta.xml.bind-api-4.0.4-sources.jar
2026-06-23 12:51:41,504 [Worker-9: Download sources and javadoc] INFO  o.e.m.c.i.e.AbstractTransferListenerAdapter - Downloaded https://repo.maven.apache.org/maven2/jakarta/xml/bind/jakarta.xml.bind-api/4.0.4/jakarta.xml.bind-api-4.0.4-sources.jar
2026-06-23 12:51:41,512 [Worker-9: Download sources and javadoc] INFO  o.e.m.j.internal.DownloadSourcesJob - Downloaded sources for jakarta.xml.bind:jakarta.xml.bind-api:4.0.4
2026-06-23 12:51:41,601 [Worker-9: Download sources and javadoc] INFO  o.e.m.c.i.e.AbstractTransferListenerAdapter - Downloading https://repo.maven.apache.org/maven2/org/assertj/assertj-core/3.27.6/assertj-core-3.27.6-sources.jar
2026-06-23 12:51:41,719 [Worker-9: Download sources and javadoc] INFO  o.e.m.c.i.e.AbstractTransferListenerAdapter - Downloaded https://repo.maven.apache.org/maven2/org/assertj/assertj-core/3.27.6/assertj-core-3.27.6-sources.jar
2026-06-23 12:51:41,725 [Worker-9: Download sources and javadoc] INFO  o.e.m.j.internal.DownloadSourcesJob - Downloaded sources for org.assertj:assertj-core:3.27.6
2026-06-23 12:51:41,809 [Worker-9: Download sources and javadoc] INFO  o.e.m.c.i.e.AbstractTransferListenerAdapter - Downloading https://repo.maven.apache.org/maven2/net/bytebuddy/byte-buddy/1.17.8/byte-buddy-1.17.8-sources.jar
2026-06-23 12:51:42,228 [Worker-9: Download sources and javadoc] INFO  o.e.m.c.i.e.AbstractTransferListenerAdapter - Downloaded https://repo.maven.apache.org/maven2/net/bytebuddy/byte-buddy/1.17.8/byte-buddy-1.17.8-sources.jar
2026-06-23 12:51:42,236 [Worker-9: Download sources and javadoc] INFO  o.e.m.j.internal.DownloadSourcesJob - Downloaded sources for net.bytebuddy:byte-buddy:1.17.8
2026-06-23 12:51:42,317 [Worker-9: Download sources and javadoc] INFO  o.e.m.c.i.e.AbstractTransferListenerAdapter - Downloading https://repo.maven.apache.org/maven2/org/junit/jupiter/junit-jupiter/6.0.1/junit-jupiter-6.0.1-sources.jar
2026-06-23 12:51:42,364 [Worker-9: Download sources and javadoc] INFO  o.e.m.c.i.e.AbstractTransferListenerAdapter - Downloaded https://repo.maven.apache.org/maven2/org/junit/jupiter/junit-jupiter/6.0.1/junit-jupiter-6.0.1-sources.jar
2026-06-23 12:51:42,371 [Worker-9: Download sources and javadoc] INFO  o.e.m.j.internal.DownloadSourcesJob - Downloaded sources for org.junit.jupiter:junit-jupiter:6.0.1
2026-06-23 12:51:42,454 [Worker-9: Download sources and javadoc] INFO  o.e.m.c.i.e.AbstractTransferListenerAdapter - Downloading https://repo.maven.apache.org/maven2/org/junit/jupiter/junit-jupiter-api/6.0.1/junit-jupiter-api-6.0.1-sources.jar
2026-06-23 12:51:42,510 [Worker-9: Download sources and javadoc] INFO  o.e.m.c.i.e.AbstractTransferListenerAdapter - Downloaded https://repo.maven.apache.org/maven2/org/junit/jupiter/junit-jupiter-api/6.0.1/junit-jupiter-api-6.0.1-sources.jar
2026-06-23 12:51:42,516 [Worker-9: Download sources and javadoc] INFO  o.e.m.j.internal.DownloadSourcesJob - Downloaded sources for org.junit.jupiter:junit-jupiter-api:6.0.1
2026-06-23 12:51:42,606 [Worker-9: Download sources and javadoc] INFO  o.e.m.c.i.e.AbstractTransferListenerAdapter - Downloading https://repo.maven.apache.org/maven2/org/junit/platform/junit-platform-commons/6.0.1/junit-platform-commons-6.0.1-sources.jar
2026-06-23 12:51:42,649 [Worker-9: Download sources and javadoc] INFO  o.e.m.c.i.e.AbstractTransferListenerAdapter - Downloaded https://repo.maven.apache.org/maven2/org/junit/platform/junit-platform-commons/6.0.1/junit-platform-commons-6.0.1-sources.jar
2026-06-23 12:51:42,656 [Worker-9: Download sources and javadoc] INFO  o.e.m.j.internal.DownloadSourcesJob - Downloaded sources for org.junit.platform:junit-platform-commons:6.0.1
2026-06-23 12:51:42,736 [Worker-9: Download sources and javadoc] INFO  o.e.m.c.i.e.AbstractTransferListenerAdapter - Downloading https://repo.maven.apache.org/maven2/org/junit/jupiter/junit-jupiter-params/6.0.1/junit-jupiter-params-6.0.1-sources.jar
2026-06-23 12:51:42,780 [Worker-9: Download sources and javadoc] INFO  o.e.m.c.i.e.AbstractTransferListenerAdapter - Downloaded https://repo.maven.apache.org/maven2/org/junit/jupiter/junit-jupiter-params/6.0.1/junit-jupiter-params-6.0.1-sources.jar
2026-06-23 12:51:42,788 [Worker-9: Download sources and javadoc] INFO  o.e.m.j.internal.DownloadSourcesJob - Downloaded sources for org.junit.jupiter:junit-jupiter-params:6.0.1
2026-06-23 12:51:42,880 [Worker-9: Download sources and javadoc] INFO  o.e.m.c.i.e.AbstractTransferListenerAdapter - Downloading https://repo.maven.apache.org/maven2/org/junit/jupiter/junit-jupiter-engine/6.0.1/junit-jupiter-engine-6.0.1-sources.jar
2026-06-23 12:51:42,936 [Worker-9: Download sources and javadoc] INFO  o.e.m.c.i.e.AbstractTransferListenerAdapter - Downloaded https://repo.maven.apache.org/maven2/org/junit/jupiter/junit-jupiter-engine/6.0.1/junit-jupiter-engine-6.0.1-sources.jar
2026-06-23 12:51:42,943 [Worker-9: Download sources and javadoc] INFO  o.e.m.j.internal.DownloadSourcesJob - Downloaded sources for org.junit.jupiter:junit-jupiter-engine:6.0.1
2026-06-23 12:51:43,036 [Worker-9: Download sources and javadoc] INFO  o.e.m.c.i.e.AbstractTransferListenerAdapter - Downloading https://repo.maven.apache.org/maven2/org/junit/platform/junit-platform-engine/6.0.1/junit-platform-engine-6.0.1-sources.jar
2026-06-23 12:51:43,108 [Worker-9: Download sources and javadoc] INFO  o.e.m.c.i.e.AbstractTransferListenerAdapter - Downloaded https://repo.maven.apache.org/maven2/org/junit/platform/junit-platform-engine/6.0.1/junit-platform-engine-6.0.1-sources.jar
2026-06-23 12:51:43,114 [Worker-9: Download sources and javadoc] INFO  o.e.m.j.internal.DownloadSourcesJob - Downloaded sources for org.junit.platform:junit-platform-engine:6.0.1
2026-06-23 12:51:43,197 [Worker-9: Download sources and javadoc] INFO  o.e.m.c.i.e.AbstractTransferListenerAdapter - Downloading https://repo.maven.apache.org/maven2/org/mockito/mockito-core/5.20.0/mockito-core-5.20.0-sources.jar
2026-06-23 12:51:43,303 [Worker-9: Download sources and javadoc] INFO  o.e.m.c.i.e.AbstractTransferListenerAdapter - Downloaded https://repo.maven.apache.org/maven2/org/mockito/mockito-core/5.20.0/mockito-core-5.20.0-sources.jar
2026-06-23 12:51:43,309 [Worker-9: Download sources and javadoc] INFO  o.e.m.j.internal.DownloadSourcesJob - Downloaded sources for org.mockito:mockito-core:5.20.0
2026-06-23 12:51:43,405 [Worker-9: Download sources and javadoc] INFO  o.e.m.c.i.e.AbstractTransferListenerAdapter - Downloading https://repo.maven.apache.org/maven2/net/bytebuddy/byte-buddy-agent/1.17.8/byte-buddy-agent-1.17.8-sources.jar
2026-06-23 12:51:43,478 [Worker-9: Download sources and javadoc] INFO  o.e.m.c.i.e.AbstractTransferListenerAdapter - Downloaded https://repo.maven.apache.org/maven2/net/bytebuddy/byte-buddy-agent/1.17.8/byte-buddy-agent-1.17.8-sources.jar
2026-06-23 12:51:43,486 [Worker-9: Download sources and javadoc] INFO  o.e.m.j.internal.DownloadSourcesJob - Downloaded sources for net.bytebuddy:byte-buddy-agent:1.17.8
2026-06-23 12:51:43,567 [Worker-9: Download sources and javadoc] INFO  o.e.m.c.i.e.AbstractTransferListenerAdapter - Downloading https://repo.maven.apache.org/maven2/org/mockito/mockito-junit-jupiter/5.20.0/mockito-junit-jupiter-5.20.0-sources.jar
2026-06-23 12:51:43,654 [Worker-9: Download sources and javadoc] INFO  o.e.m.c.i.e.AbstractTransferListenerAdapter - Downloaded https://repo.maven.apache.org/maven2/org/mockito/mockito-junit-jupiter/5.20.0/mockito-junit-jupiter-5.20.0-sources.jar
2026-06-23 12:51:43,660 [Worker-9: Download sources and javadoc] INFO  o.e.m.j.internal.DownloadSourcesJob - Downloaded sources for org.mockito:mockito-junit-jupiter:5.20.0
2026-06-23 12:51:43,744 [Worker-9: Download sources and javadoc] INFO  o.e.m.c.i.e.AbstractTransferListenerAdapter - Downloading https://repo.maven.apache.org/maven2/org/springframework/spring-test/7.0.1/spring-test-7.0.1-sources.jar
2026-06-23 12:51:43,835 [Worker-9: Download sources and javadoc] INFO  o.e.m.c.i.e.AbstractTransferListenerAdapter - Downloaded https://repo.maven.apache.org/maven2/org/springframework/spring-test/7.0.1/spring-test-7.0.1-sources.jar
2026-06-23 12:51:43,840 [Worker-9: Download sources and javadoc] INFO  o.e.m.j.internal.DownloadSourcesJob - Downloaded sources for org.springframework:spring-test:7.0.1
2026-06-23 12:51:43,919 [Worker-9: Download sources and javadoc] INFO  o.e.m.c.i.e.AbstractTransferListenerAdapter - Downloading https://repo.maven.apache.org/maven2/org/xmlunit/xmlunit-core/2.10.4/xmlunit-core-2.10.4-sources.jar
2026-06-23 12:51:43,979 [Worker-9: Download sources and javadoc] INFO  o.e.m.c.i.e.AbstractTransferListenerAdapter - Downloaded https://repo.maven.apache.org/maven2/org/xmlunit/xmlunit-core/2.10.4/xmlunit-core-2.10.4-sources.jar
2026-06-23 12:51:43,987 [Worker-9: Download sources and javadoc] INFO  o.e.m.j.internal.DownloadSourcesJob - Downloaded sources for org.xmlunit:xmlunit-core:2.10.4
2026-06-23 12:51:44,064 [Worker-9: Download sources and javadoc] INFO  o.e.m.c.i.e.AbstractTransferListenerAdapter - Downloading https://repo.maven.apache.org/maven2/org/springframework/boot/spring-boot-starter-jdbc-test/4.0.0/spring-boot-starter-jdbc-test-4.0.0-sources.jar
2026-06-23 12:51:44,102 [Worker-9: Download sources and javadoc] INFO  o.e.m.c.i.e.AbstractTransferListenerAdapter - Downloaded https://repo.maven.apache.org/maven2/org/springframework/boot/spring-boot-starter-jdbc-test/4.0.0/spring-boot-starter-jdbc-test-4.0.0-sources.jar
2026-06-23 12:51:44,107 [Worker-9: Download sources and javadoc] INFO  o.e.m.j.internal.DownloadSourcesJob - Downloaded sources for org.springframework.boot:spring-boot-starter-jdbc-test:4.0.0
2026-06-23 12:51:44,183 [Worker-9: Download sources and javadoc] INFO  o.e.m.c.i.e.AbstractTransferListenerAdapter - Downloading https://repo.maven.apache.org/maven2/org/springframework/boot/spring-boot-jdbc-test/4.0.0/spring-boot-jdbc-test-4.0.0-sources.jar
2026-06-23 12:51:44,366 [Worker-9: Download sources and javadoc] INFO  o.e.m.c.i.e.AbstractTransferListenerAdapter - Downloaded https://repo.maven.apache.org/maven2/org/springframework/boot/spring-boot-jdbc-test/4.0.0/spring-boot-jdbc-test-4.0.0-sources.jar
2026-06-23 12:51:44,371 [Worker-9: Download sources and javadoc] INFO  o.e.m.j.internal.DownloadSourcesJob - Downloaded sources for org.springframework.boot:spring-boot-jdbc-test:4.0.0
2026-06-23 12:51:44,446 [Worker-9: Download sources and javadoc] INFO  o.e.m.c.i.e.AbstractTransferListenerAdapter - Downloading https://repo.maven.apache.org/maven2/org/springframework/boot/spring-boot-data-jpa-test/4.0.0/spring-boot-data-jpa-test-4.0.0-sources.jar
2026-06-23 12:51:44,570 [Worker-9: Download sources and javadoc] INFO  o.e.m.c.i.e.AbstractTransferListenerAdapter - Downloaded https://repo.maven.apache.org/maven2/org/springframework/boot/spring-boot-data-jpa-test/4.0.0/spring-boot-data-jpa-test-4.0.0-sources.jar
2026-06-23 12:51:44,577 [Worker-9: Download sources and javadoc] INFO  o.e.m.j.internal.DownloadSourcesJob - Downloaded sources for org.springframework.boot:spring-boot-data-jpa-test:4.0.0
2026-06-23 12:51:44,669 [Worker-9: Download sources and javadoc] INFO  o.e.m.c.i.e.AbstractTransferListenerAdapter - Downloading https://repo.maven.apache.org/maven2/org/springframework/boot/spring-boot-jpa-test/4.0.0/spring-boot-jpa-test-4.0.0-sources.jar
2026-06-23 12:51:44,789 [Worker-9: Download sources and javadoc] INFO  o.e.m.c.i.e.AbstractTransferListenerAdapter - Downloaded https://repo.maven.apache.org/maven2/org/springframework/boot/spring-boot-jpa-test/4.0.0/spring-boot-jpa-test-4.0.0-sources.jar
2026-06-23 12:51:44,795 [Worker-9: Download sources and javadoc] INFO  o.e.m.j.internal.DownloadSourcesJob - Downloaded sources for org.springframework.boot:spring-boot-jpa-test:4.0.0
2026-06-23 12:51:44,878 [Worker-9: Download sources and javadoc] INFO  o.e.m.c.i.e.AbstractTransferListenerAdapter - Downloading https://repo.maven.apache.org/maven2/org/springframework/boot/spring-boot-starter-webmvc-test/4.0.0/spring-boot-starter-webmvc-test-4.0.0-sources.jar
2026-06-23 12:51:44,887 [Worker-9: Download sources and javadoc] INFO  o.e.m.c.i.e.AbstractTransferListenerAdapter - Downloaded https://repo.maven.apache.org/maven2/org/springframework/boot/spring-boot-starter-webmvc-test/4.0.0/spring-boot-starter-webmvc-test-4.0.0-sources.jar
2026-06-23 12:51:44,894 [Worker-9: Download sources and javadoc] INFO  o.e.m.j.internal.DownloadSourcesJob - Downloaded sources for org.springframework.boot:spring-boot-starter-webmvc-test:4.0.0
2026-06-23 12:51:44,965 [Worker-9: Download sources and javadoc] INFO  o.e.m.c.i.e.AbstractTransferListenerAdapter - Downloading https://repo.maven.apache.org/maven2/org/springframework/boot/spring-boot-starter-jackson-test/4.0.0/spring-boot-starter-jackson-test-4.0.0-sources.jar
2026-06-23 12:51:44,974 [Worker-9: Download sources and javadoc] INFO  o.e.m.c.i.e.AbstractTransferListenerAdapter - Downloaded https://repo.maven.apache.org/maven2/org/springframework/boot/spring-boot-starter-jackson-test/4.0.0/spring-boot-starter-jackson-test-4.0.0-sources.jar
2026-06-23 12:51:44,980 [Worker-9: Download sources and javadoc] INFO  o.e.m.j.internal.DownloadSourcesJob - Downloaded sources for org.springframework.boot:spring-boot-starter-jackson-test:4.0.0
2026-06-23 12:51:45,061 [Worker-9: Download sources and javadoc] INFO  o.e.m.c.i.e.AbstractTransferListenerAdapter - Downloading https://repo.maven.apache.org/maven2/org/springframework/boot/spring-boot-webmvc-test/4.0.0/spring-boot-webmvc-test-4.0.0-sources.jar
2026-06-23 12:51:45,499 [Worker-9: Download sources and javadoc] INFO  o.e.m.c.i.e.AbstractTransferListenerAdapter - Downloaded https://repo.maven.apache.org/maven2/org/springframework/boot/spring-boot-webmvc-test/4.0.0/spring-boot-webmvc-test-4.0.0-sources.jar
2026-06-23 12:51:45,504 [Worker-9: Download sources and javadoc] INFO  o.e.m.j.internal.DownloadSourcesJob - Downloaded sources for org.springframework.boot:spring-boot-webmvc-test:4.0.0
2026-06-23 12:51:45,587 [Worker-9: Download sources and javadoc] INFO  o.e.m.c.i.e.AbstractTransferListenerAdapter - Downloading https://repo.maven.apache.org/maven2/org/springframework/boot/spring-boot-web-server/4.0.0/spring-boot-web-server-4.0.0-sources.jar
2026-06-23 12:51:45,632 [Worker-9: Download sources and javadoc] INFO  o.e.m.c.i.e.AbstractTransferListenerAdapter - Downloaded https://repo.maven.apache.org/maven2/org/springframework/boot/spring-boot-web-server/4.0.0/spring-boot-web-server-4.0.0-sources.jar
2026-06-23 12:51:45,639 [Worker-9: Download sources and javadoc] INFO  o.e.m.j.internal.DownloadSourcesJob - Downloaded sources for org.springframework.boot:spring-boot-web-server:4.0.0
2026-06-23 12:51:45,909 [Worker-9: Download sources and javadoc] INFO  o.e.m.c.i.e.AbstractTransferListenerAdapter - Downloading https://repo.maven.apache.org/maven2/org/springframework/boot/spring-boot-resttestclient/4.0.0/spring-boot-resttestclient-4.0.0-sources.jar
2026-06-23 12:51:46,173 [Worker-9: Download sources and javadoc] INFO  o.e.m.c.i.e.AbstractTransferListenerAdapter - Downloaded https://repo.maven.apache.org/maven2/org/springframework/boot/spring-boot-resttestclient/4.0.0/spring-boot-resttestclient-4.0.0-sources.jar
2026-06-23 12:51:46,179 [Worker-9: Download sources and javadoc] INFO  o.e.m.j.internal.DownloadSourcesJob - Downloaded sources for org.springframework.boot:spring-boot-resttestclient:4.0.0
2026-06-23 12:51:46,298 [Worker-9: Download sources and javadoc] INFO  o.e.m.c.i.e.AbstractTransferListenerAdapter - Downloading https://repo.maven.apache.org/maven2/org/springframework/boot/spring-boot-restclient/4.0.0/spring-boot-restclient-4.0.0-sources.jar
2026-06-23 12:51:46,891 [Worker-9: Download sources and javadoc] INFO  o.e.m.c.i.e.AbstractTransferListenerAdapter - Downloaded https://repo.maven.apache.org/maven2/org/springframework/boot/spring-boot-restclient/4.0.0/spring-boot-restclient-4.0.0-sources.jar
2026-06-23 12:51:46,897 [Worker-9: Download sources and javadoc] INFO  o.e.m.j.internal.DownloadSourcesJob - Downloaded sources for org.springframework.boot:spring-boot-restclient:4.0.0
2026-06-23 12:51:46,982 [Worker-9: Download sources and javadoc] INFO  o.e.m.c.i.e.AbstractTransferListenerAdapter - Downloading https://repo.maven.apache.org/maven2/org/springframework/boot/spring-boot-http-client/4.0.0/spring-boot-http-client-4.0.0-sources.jar
2026-06-23 12:51:47,022 [Worker-9: Download sources and javadoc] INFO  o.e.m.c.i.e.AbstractTransferListenerAdapter - Downloaded https://repo.maven.apache.org/maven2/org/springframework/boot/spring-boot-http-client/4.0.0/spring-boot-http-client-4.0.0-sources.jar
2026-06-23 12:51:47,028 [Worker-9: Download sources and javadoc] INFO  o.e.m.j.internal.DownloadSourcesJob - Downloaded sources for org.springframework.boot:spring-boot-http-client:4.0.0
2026-06-23 12:57:15,621 [Worker-3: Loading available Gradle versions] INFO  o.e.b.c.i.u.g.PublishedGradleVersions - Gradle version information cache is up-to-date. Trying to read.
2026-06-23 12:57:21,583 [Worker-0: Building] INFO  o.e.m.c.i.e.AbstractTransferListenerAdapter - Downloading https://repo.spring.io/milestone/org/springframework/boot/spring-boot-starter-parent/3.0.0-M5/spring-boot-starter-parent-3.0.0-M5.pom
2026-06-23 12:57:21,752 [Worker-0: Building] INFO  o.e.m.c.i.e.AbstractTransferListenerAdapter - Downloaded https://repo.spring.io/milestone/org/springframework/boot/spring-boot-starter-parent/3.0.0-M5/spring-boot-starter-parent-3.0.0-M5.pom
2026-06-23 12:57:21,927 [Worker-0: Building] INFO  o.e.m.c.i.e.AbstractTransferListenerAdapter - Downloading https://repo.spring.io/milestone/org/springframework/boot/spring-boot-dependencies/3.0.0-M5/spring-boot-dependencies-3.0.0-M5.pom
2026-06-23 12:57:22,260 [Worker-0: Building] INFO  o.e.m.c.i.e.AbstractTransferListenerAdapter - Downloaded https://repo.spring.io/milestone/org/springframework/boot/spring-boot-dependencies/3.0.0-M5/spring-boot-dependencies-3.0.0-M5.pom
2026-06-23 12:57:22,500 [Worker-0: Building] INFO  o.e.m.c.i.e.AbstractTransferListenerAdapter - Downloaded https://repo.spring.io/milestone/com/datastax/oss/java-driver-bom/4.14.1/java-driver-bom-4.14.1.pom
2026-06-23 12:57:22,665 [Worker-0: Building] INFO  o.e.m.c.i.e.AbstractTransferListenerAdapter - Downloading https://repo.maven.apache.org/maven2/com/datastax/oss/java-driver-bom/4.14.1/java-driver-bom-4.14.1.pom
2026-06-23 12:57:22,698 [Worker-0: Building] INFO  o.e.m.c.i.e.AbstractTransferListenerAdapter - Downloaded https://repo.maven.apache.org/maven2/com/datastax/oss/java-driver-bom/4.14.1/java-driver-bom-4.14.1.pom
2026-06-23 12:57:22,859 [Worker-0: Building] INFO  o.e.m.c.i.e.AbstractTransferListenerAdapter - Downloaded https://repo.spring.io/milestone/io/dropwizard/metrics/metrics-bom/4.2.12/metrics-bom-4.2.12.pom
2026-06-23 12:57:22,941 [Worker-0: Building] INFO  o.e.m.c.i.e.AbstractTransferListenerAdapter - Downloading https://repo.maven.apache.org/maven2/io/dropwizard/metrics/metrics-bom/4.2.12/metrics-bom-4.2.12.pom
2026-06-23 12:57:22,970 [Worker-0: Building] INFO  o.e.m.c.i.e.AbstractTransferListenerAdapter - Downloaded https://repo.maven.apache.org/maven2/io/dropwizard/metrics/metrics-bom/4.2.12/metrics-bom-4.2.12.pom
2026-06-23 12:57:23,126 [Worker-0: Building] INFO  o.e.m.c.i.e.AbstractTransferListenerAdapter - Downloaded https://repo.spring.io/milestone/io/dropwizard/metrics/metrics-parent/4.2.12/metrics-parent-4.2.12.pom
2026-06-23 12:57:23,183 [Worker-0: Building] INFO  o.e.m.c.i.e.AbstractTransferListenerAdapter - Downloading https://repo.maven.apache.org/maven2/io/dropwizard/metrics/metrics-parent/4.2.12/metrics-parent-4.2.12.pom
2026-06-23 12:57:23,220 [Worker-0: Building] INFO  o.e.m.c.i.e.AbstractTransferListenerAdapter - Downloaded https://repo.maven.apache.org/maven2/io/dropwizard/metrics/metrics-parent/4.2.12/metrics-parent-4.2.12.pom
2026-06-23 12:57:23,389 [Worker-0: Building] INFO  o.e.m.c.i.e.AbstractTransferListenerAdapter - Downloaded https://repo.spring.io/milestone/org/apache/groovy/groovy-bom/4.0.5/groovy-bom-4.0.5.pom
2026-06-23 12:57:23,446 [Worker-0: Building] INFO  o.e.m.c.i.e.AbstractTransferListenerAdapter - Downloading https://repo.maven.apache.org/maven2/org/apache/groovy/groovy-bom/4.0.5/groovy-bom-4.0.5.pom
2026-06-23 12:57:23,488 [Worker-0: Building] INFO  o.e.m.c.i.e.AbstractTransferListenerAdapter - Downloaded https://repo.maven.apache.org/maven2/org/apache/groovy/groovy-bom/4.0.5/groovy-bom-4.0.5.pom
2026-06-23 12:57:23,658 [Worker-0: Building] INFO  o.e.m.c.i.e.AbstractTransferListenerAdapter - Downloaded https://repo.spring.io/milestone/com/fasterxml/jackson/jackson-bom/2.13.4/jackson-bom-2.13.4.pom
2026-06-23 12:57:23,730 [Worker-0: Building] INFO  o.e.m.c.i.e.AbstractTransferListenerAdapter - Downloading https://repo.maven.apache.org/maven2/com/fasterxml/jackson/jackson-bom/2.13.4/jackson-bom-2.13.4.pom
2026-06-23 12:57:23,757 [Worker-0: Building] INFO  o.e.m.c.i.e.AbstractTransferListenerAdapter - Downloaded https://repo.maven.apache.org/maven2/com/fasterxml/jackson/jackson-bom/2.13.4/jackson-bom-2.13.4.pom
2026-06-23 12:57:23,921 [Worker-0: Building] INFO  o.e.m.c.i.e.AbstractTransferListenerAdapter - Downloaded https://repo.spring.io/milestone/com/fasterxml/jackson/jackson-parent/2.13/jackson-parent-2.13.pom
2026-06-23 12:57:23,975 [Worker-0: Building] INFO  o.e.m.c.i.e.AbstractTransferListenerAdapter - Downloading https://repo.maven.apache.org/maven2/com/fasterxml/jackson/jackson-parent/2.13/jackson-parent-2.13.pom
2026-06-23 12:57:24,007 [Worker-0: Building] INFO  o.e.m.c.i.e.AbstractTransferListenerAdapter - Downloaded https://repo.maven.apache.org/maven2/com/fasterxml/jackson/jackson-parent/2.13/jackson-parent-2.13.pom
2026-06-23 12:57:24,164 [Worker-0: Building] INFO  o.e.m.c.i.e.AbstractTransferListenerAdapter - Downloaded https://repo.spring.io/milestone/com/fasterxml/oss-parent/43/oss-parent-43.pom
2026-06-23 12:57:24,216 [Worker-0: Building] INFO  o.e.m.c.i.e.AbstractTransferListenerAdapter - Downloading https://repo.maven.apache.org/maven2/com/fasterxml/oss-parent/43/oss-parent-43.pom
2026-06-23 12:57:24,244 [Worker-0: Building] INFO  o.e.m.c.i.e.AbstractTransferListenerAdapter - Downloaded https://repo.maven.apache.org/maven2/com/fasterxml/oss-parent/43/oss-parent-43.pom
2026-06-23 12:57:24,409 [Worker-0: Building] INFO  o.e.m.c.i.e.AbstractTransferListenerAdapter - Downloaded https://repo.spring.io/milestone/org/glassfish/jersey/jersey-bom/3.0.8/jersey-bom-3.0.8.pom
2026-06-23 12:57:24,461 [Worker-0: Building] INFO  o.e.m.c.i.e.AbstractTransferListenerAdapter - Downloading https://repo.maven.apache.org/maven2/org/glassfish/jersey/jersey-bom/3.0.8/jersey-bom-3.0.8.pom
2026-06-23 12:57:24,488 [Worker-0: Building] INFO  o.e.m.c.i.e.AbstractTransferListenerAdapter - Downloaded https://repo.maven.apache.org/maven2/org/glassfish/jersey/jersey-bom/3.0.8/jersey-bom-3.0.8.pom
2026-06-23 12:57:24,654 [Worker-0: Building] INFO  o.e.m.c.i.e.AbstractTransferListenerAdapter - Downloaded https://repo.spring.io/milestone/org/eclipse/jetty/jetty-bom/11.0.12/jetty-bom-11.0.12.pom
2026-06-23 12:57:24,710 [Worker-0: Building] INFO  o.e.m.c.i.e.AbstractTransferListenerAdapter - Downloading https://repo.maven.apache.org/maven2/org/eclipse/jetty/jetty-bom/11.0.12/jetty-bom-11.0.12.pom
2026-06-23 12:57:24,743 [Worker-0: Building] INFO  o.e.m.c.i.e.AbstractTransferListenerAdapter - Downloaded https://repo.maven.apache.org/maven2/org/eclipse/jetty/jetty-bom/11.0.12/jetty-bom-11.0.12.pom
2026-06-23 12:57:24,909 [Worker-0: Building] INFO  o.e.m.c.i.e.AbstractTransferListenerAdapter - Downloaded https://repo.spring.io/milestone/org/junit/junit-bom/5.9.1/junit-bom-5.9.1.pom
2026-06-23 12:57:24,960 [Worker-0: Building] INFO  o.e.m.c.i.e.AbstractTransferListenerAdapter - Downloading https://repo.maven.apache.org/maven2/org/junit/junit-bom/5.9.1/junit-bom-5.9.1.pom
2026-06-23 12:57:24,987 [Worker-0: Building] INFO  o.e.m.c.i.e.AbstractTransferListenerAdapter - Downloaded https://repo.maven.apache.org/maven2/org/junit/junit-bom/5.9.1/junit-bom-5.9.1.pom
2026-06-23 12:57:25,144 [Worker-0: Building] INFO  o.e.m.c.i.e.AbstractTransferListenerAdapter - Downloaded https://repo.spring.io/milestone/org/jetbrains/kotlin/kotlin-bom/1.7.10/kotlin-bom-1.7.10.pom
2026-06-23 12:57:25,199 [Worker-0: Building] INFO  o.e.m.c.i.e.AbstractTransferListenerAdapter - Downloading https://repo.maven.apache.org/maven2/org/jetbrains/kotlin/kotlin-bom/1.7.10/kotlin-bom-1.7.10.pom
2026-06-23 12:57:25,228 [Worker-0: Building] INFO  o.e.m.c.i.e.AbstractTransferListenerAdapter - Downloaded https://repo.maven.apache.org/maven2/org/jetbrains/kotlin/kotlin-bom/1.7.10/kotlin-bom-1.7.10.pom
2026-06-23 12:57:25,399 [Worker-0: Building] INFO  o.e.m.c.i.e.AbstractTransferListenerAdapter - Downloaded https://repo.spring.io/milestone/org/jetbrains/kotlinx/kotlinx-coroutines-bom/1.6.4/kotlinx-coroutines-bom-1.6.4.pom
2026-06-23 12:57:25,465 [Worker-0: Building] INFO  o.e.m.c.i.e.AbstractTransferListenerAdapter - Downloading https://repo.maven.apache.org/maven2/org/jetbrains/kotlinx/kotlinx-coroutines-bom/1.6.4/kotlinx-coroutines-bom-1.6.4.pom
2026-06-23 12:57:25,497 [Worker-0: Building] INFO  o.e.m.c.i.e.AbstractTransferListenerAdapter - Downloaded https://repo.maven.apache.org/maven2/org/jetbrains/kotlinx/kotlinx-coroutines-bom/1.6.4/kotlinx-coroutines-bom-1.6.4.pom
2026-06-23 12:57:25,654 [Worker-0: Building] INFO  o.e.m.c.i.e.AbstractTransferListenerAdapter - Downloaded https://repo.spring.io/milestone/org/apache/logging/log4j/log4j-bom/2.18.0/log4j-bom-2.18.0.pom
2026-06-23 12:57:25,711 [Worker-0: Building] INFO  o.e.m.c.i.e.AbstractTransferListenerAdapter - Downloading https://repo.maven.apache.org/maven2/org/apache/logging/log4j/log4j-bom/2.18.0/log4j-bom-2.18.0.pom
2026-06-23 12:57:25,744 [Worker-0: Building] INFO  o.e.m.c.i.e.AbstractTransferListenerAdapter - Downloaded https://repo.maven.apache.org/maven2/org/apache/logging/log4j/log4j-bom/2.18.0/log4j-bom-2.18.0.pom
2026-06-23 12:57:25,904 [Worker-0: Building] INFO  o.e.m.c.i.e.AbstractTransferListenerAdapter - Downloaded https://repo.spring.io/milestone/org/apache/logging/logging-parent/5/logging-parent-5.pom
2026-06-23 12:57:25,967 [Worker-0: Building] INFO  o.e.m.c.i.e.AbstractTransferListenerAdapter - Downloading https://repo.maven.apache.org/maven2/org/apache/logging/logging-parent/5/logging-parent-5.pom
2026-06-23 12:57:26,009 [Worker-0: Building] INFO  o.e.m.c.i.e.AbstractTransferListenerAdapter - Downloaded https://repo.maven.apache.org/maven2/org/apache/logging/logging-parent/5/logging-parent-5.pom
2026-06-23 12:57:26,163 [Worker-0: Building] INFO  o.e.m.c.i.e.AbstractTransferListenerAdapter - Downloaded https://repo.spring.io/milestone/org/apache/apache/24/apache-24.pom
2026-06-23 12:57:26,213 [Worker-0: Building] INFO  o.e.m.c.i.e.AbstractTransferListenerAdapter - Downloading https://repo.maven.apache.org/maven2/org/apache/apache/24/apache-24.pom
2026-06-23 12:57:26,250 [Worker-0: Building] INFO  o.e.m.c.i.e.AbstractTransferListenerAdapter - Downloaded https://repo.maven.apache.org/maven2/org/apache/apache/24/apache-24.pom
2026-06-23 12:57:26,426 [Worker-0: Building] INFO  o.e.m.c.i.e.AbstractTransferListenerAdapter - Downloading https://repo.spring.io/milestone/io/micrometer/micrometer-bom/1.10.0-M6/micrometer-bom-1.10.0-M6.pom
2026-06-23 12:57:26,463 [Worker-0: Building] INFO  o.e.m.c.i.e.AbstractTransferListenerAdapter - Downloaded https://repo.spring.io/milestone/io/micrometer/micrometer-bom/1.10.0-M6/micrometer-bom-1.10.0-M6.pom
2026-06-23 12:57:26,624 [Worker-0: Building] INFO  o.e.m.c.i.e.AbstractTransferListenerAdapter - Downloading https://repo.spring.io/milestone/io/micrometer/micrometer-tracing-bom/1.0.0-M8/micrometer-tracing-bom-1.0.0-M8.pom
2026-06-23 12:57:26,670 [Worker-0: Building] INFO  o.e.m.c.i.e.AbstractTransferListenerAdapter - Downloaded https://repo.spring.io/milestone/io/micrometer/micrometer-tracing-bom/1.0.0-M8/micrometer-tracing-bom-1.0.0-M8.pom
2026-06-23 12:57:26,829 [Worker-0: Building] INFO  o.e.m.c.i.e.AbstractTransferListenerAdapter - Downloading https://repo.spring.io/milestone/io/micrometer/micrometer-bom/1.10.0-M5/micrometer-bom-1.10.0-M5.pom
2026-06-23 12:57:26,876 [Worker-0: Building] INFO  o.e.m.c.i.e.AbstractTransferListenerAdapter - Downloaded https://repo.spring.io/milestone/io/micrometer/micrometer-bom/1.10.0-M5/micrometer-bom-1.10.0-M5.pom
2026-06-23 12:57:27,031 [Worker-0: Building] INFO  o.e.m.c.i.e.AbstractTransferListenerAdapter - Downloaded https://repo.spring.io/milestone/io/zipkin/brave/brave-bom/5.13.11/brave-bom-5.13.11.pom
2026-06-23 12:57:27,087 [Worker-0: Building] INFO  o.e.m.c.i.e.AbstractTransferListenerAdapter - Downloading https://repo.maven.apache.org/maven2/io/zipkin/brave/brave-bom/5.13.11/brave-bom-5.13.11.pom
2026-06-23 12:57:27,124 [Worker-0: Building] INFO  o.e.m.c.i.e.AbstractTransferListenerAdapter - Downloaded https://repo.maven.apache.org/maven2/io/zipkin/brave/brave-bom/5.13.11/brave-bom-5.13.11.pom
2026-06-23 12:57:27,289 [Worker-0: Building] INFO  o.e.m.c.i.e.AbstractTransferListenerAdapter - Downloaded https://repo.spring.io/milestone/io/zipkin/reporter2/zipkin-reporter-bom/2.16.3/zipkin-reporter-bom-2.16.3.pom
2026-06-23 12:57:27,341 [Worker-0: Building] INFO  o.e.m.c.i.e.AbstractTransferListenerAdapter - Downloading https://repo.maven.apache.org/maven2/io/zipkin/reporter2/zipkin-reporter-bom/2.16.3/zipkin-reporter-bom-2.16.3.pom
2026-06-23 12:57:27,368 [Worker-0: Building] INFO  o.e.m.c.i.e.AbstractTransferListenerAdapter - Downloaded https://repo.maven.apache.org/maven2/io/zipkin/reporter2/zipkin-reporter-bom/2.16.3/zipkin-reporter-bom-2.16.3.pom
2026-06-23 12:57:27,525 [Worker-0: Building] INFO  o.e.m.c.i.e.AbstractTransferListenerAdapter - Downloaded https://repo.spring.io/milestone/io/opentelemetry/opentelemetry-bom/1.18.0/opentelemetry-bom-1.18.0.pom
2026-06-23 12:57:27,579 [Worker-0: Building] INFO  o.e.m.c.i.e.AbstractTransferListenerAdapter - Downloading https://repo.maven.apache.org/maven2/io/opentelemetry/opentelemetry-bom/1.18.0/opentelemetry-bom-1.18.0.pom
2026-06-23 12:57:27,603 [Worker-0: Building] INFO  o.e.m.c.i.e.AbstractTransferListenerAdapter - Downloaded https://repo.maven.apache.org/maven2/io/opentelemetry/opentelemetry-bom/1.18.0/opentelemetry-bom-1.18.0.pom
2026-06-23 12:57:27,759 [Worker-0: Building] INFO  o.e.m.c.i.e.AbstractTransferListenerAdapter - Downloaded https://repo.spring.io/milestone/io/opentelemetry/opentelemetry-bom-alpha/1.18.0-alpha/opentelemetry-bom-alpha-1.18.0-alpha.pom
2026-06-23 12:57:27,814 [Worker-0: Building] INFO  o.e.m.c.i.e.AbstractTransferListenerAdapter - Downloading https://repo.maven.apache.org/maven2/io/opentelemetry/opentelemetry-bom-alpha/1.18.0-alpha/opentelemetry-bom-alpha-1.18.0-alpha.pom
2026-06-23 12:57:27,843 [Worker-0: Building] INFO  o.e.m.c.i.e.AbstractTransferListenerAdapter - Downloaded https://repo.maven.apache.org/maven2/io/opentelemetry/opentelemetry-bom-alpha/1.18.0-alpha/opentelemetry-bom-alpha-1.18.0-alpha.pom
2026-06-23 12:57:27,997 [Worker-0: Building] INFO  o.e.m.c.i.e.AbstractTransferListenerAdapter - Downloaded https://repo.spring.io/milestone/org/junit/junit-bom/5.8.2/junit-bom-5.8.2.pom
2026-06-23 12:57:28,043 [Worker-0: Building] INFO  o.e.m.c.i.e.AbstractTransferListenerAdapter - Downloading https://repo.maven.apache.org/maven2/org/junit/junit-bom/5.8.2/junit-bom-5.8.2.pom
2026-06-23 12:57:28,069 [Worker-0: Building] INFO  o.e.m.c.i.e.AbstractTransferListenerAdapter - Downloaded https://repo.maven.apache.org/maven2/org/junit/junit-bom/5.8.2/junit-bom-5.8.2.pom
2026-06-23 12:57:28,246 [Worker-0: Building] INFO  o.e.m.c.i.e.AbstractTransferListenerAdapter - Downloaded https://repo.spring.io/milestone/org/mockito/mockito-bom/4.8.0/mockito-bom-4.8.0.pom
2026-06-23 12:57:28,297 [Worker-0: Building] INFO  o.e.m.c.i.e.AbstractTransferListenerAdapter - Downloading https://repo.maven.apache.org/maven2/org/mockito/mockito-bom/4.8.0/mockito-bom-4.8.0.pom
2026-06-23 12:57:28,327 [Worker-0: Building] INFO  o.e.m.c.i.e.AbstractTransferListenerAdapter - Downloaded https://repo.maven.apache.org/maven2/org/mockito/mockito-bom/4.8.0/mockito-bom-4.8.0.pom
2026-06-23 12:57:28,483 [Worker-0: Building] INFO  o.e.m.c.i.e.AbstractTransferListenerAdapter - Downloaded https://repo.spring.io/milestone/io/netty/netty-bom/4.1.82.Final/netty-bom-4.1.82.Final.pom
2026-06-23 12:57:28,543 [Worker-0: Building] INFO  o.e.m.c.i.e.AbstractTransferListenerAdapter - Downloading https://repo.maven.apache.org/maven2/io/netty/netty-bom/4.1.82.Final/netty-bom-4.1.82.Final.pom
2026-06-23 12:57:28,573 [Worker-0: Building] INFO  o.e.m.c.i.e.AbstractTransferListenerAdapter - Downloaded https://repo.maven.apache.org/maven2/io/netty/netty-bom/4.1.82.Final/netty-bom-4.1.82.Final.pom
2026-06-23 12:57:28,737 [Worker-0: Building] INFO  o.e.m.c.i.e.AbstractTransferListenerAdapter - Downloaded https://repo.spring.io/milestone/com/squareup/okhttp3/okhttp-bom/4.10.0/okhttp-bom-4.10.0.pom
2026-06-23 12:57:28,797 [Worker-0: Building] INFO  o.e.m.c.i.e.AbstractTransferListenerAdapter - Downloading https://repo.maven.apache.org/maven2/com/squareup/okhttp3/okhttp-bom/4.10.0/okhttp-bom-4.10.0.pom
2026-06-23 12:57:28,831 [Worker-0: Building] INFO  o.e.m.c.i.e.AbstractTransferListenerAdapter - Downloaded https://repo.maven.apache.org/maven2/com/squareup/okhttp3/okhttp-bom/4.10.0/okhttp-bom-4.10.0.pom
2026-06-23 12:57:28,985 [Worker-0: Building] INFO  o.e.m.c.i.e.AbstractTransferListenerAdapter - Downloaded https://repo.spring.io/milestone/com/oracle/database/jdbc/ojdbc-bom/21.7.0.0/ojdbc-bom-21.7.0.0.pom
2026-06-23 12:57:29,041 [Worker-0: Building] INFO  o.e.m.c.i.e.AbstractTransferListenerAdapter - Downloading https://repo.maven.apache.org/maven2/com/oracle/database/jdbc/ojdbc-bom/21.7.0.0/ojdbc-bom-21.7.0.0.pom
2026-06-23 12:57:29,073 [Worker-0: Building] INFO  o.e.m.c.i.e.AbstractTransferListenerAdapter - Downloaded https://repo.maven.apache.org/maven2/com/oracle/database/jdbc/ojdbc-bom/21.7.0.0/ojdbc-bom-21.7.0.0.pom
2026-06-23 12:57:29,246 [Worker-0: Building] INFO  o.e.m.c.i.e.AbstractTransferListenerAdapter - Downloaded https://repo.spring.io/milestone/com/querydsl/querydsl-bom/5.0.0/querydsl-bom-5.0.0.pom
2026-06-23 12:57:29,311 [Worker-0: Building] INFO  o.e.m.c.i.e.AbstractTransferListenerAdapter - Downloading https://repo.maven.apache.org/maven2/com/querydsl/querydsl-bom/5.0.0/querydsl-bom-5.0.0.pom
2026-06-23 12:57:29,339 [Worker-0: Building] INFO  o.e.m.c.i.e.AbstractTransferListenerAdapter - Downloaded https://repo.maven.apache.org/maven2/com/querydsl/querydsl-bom/5.0.0/querydsl-bom-5.0.0.pom
2026-06-23 12:57:29,499 [Worker-0: Building] INFO  o.e.m.c.i.e.AbstractTransferListenerAdapter - Downloading https://repo.spring.io/milestone/io/projectreactor/reactor-bom/2022.0.0-M6/reactor-bom-2022.0.0-M6.pom
2026-06-23 12:57:29,533 [Worker-0: Building] INFO  o.e.m.c.i.e.AbstractTransferListenerAdapter - Downloaded https://repo.spring.io/milestone/io/projectreactor/reactor-bom/2022.0.0-M6/reactor-bom-2022.0.0-M6.pom
2026-06-23 12:57:29,693 [Worker-0: Building] INFO  o.e.m.c.i.e.AbstractTransferListenerAdapter - Downloaded https://repo.spring.io/milestone/io/rest-assured/rest-assured-bom/5.2.0/rest-assured-bom-5.2.0.pom
2026-06-23 12:57:29,747 [Worker-0: Building] INFO  o.e.m.c.i.e.AbstractTransferListenerAdapter - Downloading https://repo.maven.apache.org/maven2/io/rest-assured/rest-assured-bom/5.2.0/rest-assured-bom-5.2.0.pom
2026-06-23 12:57:29,793 [Worker-0: Building] INFO  o.e.m.c.i.e.AbstractTransferListenerAdapter - Downloaded https://repo.maven.apache.org/maven2/io/rest-assured/rest-assured-bom/5.2.0/rest-assured-bom-5.2.0.pom
2026-06-23 12:57:29,950 [Worker-0: Building] INFO  o.e.m.c.i.e.AbstractTransferListenerAdapter - Downloaded https://repo.spring.io/milestone/io/rsocket/rsocket-bom/1.1.3/rsocket-bom-1.1.3.pom
2026-06-23 12:57:30,017 [Worker-0: Building] INFO  o.e.m.c.i.e.AbstractTransferListenerAdapter - Downloading https://repo.maven.apache.org/maven2/io/rsocket/rsocket-bom/1.1.3/rsocket-bom-1.1.3.pom
2026-06-23 12:57:30,047 [Worker-0: Building] INFO  o.e.m.c.i.e.AbstractTransferListenerAdapter - Downloaded https://repo.maven.apache.org/maven2/io/rsocket/rsocket-bom/1.1.3/rsocket-bom-1.1.3.pom
2026-06-23 12:57:30,217 [Worker-0: Building] INFO  o.e.m.c.i.e.AbstractTransferListenerAdapter - Downloading https://repo.spring.io/milestone/org/springframework/batch/spring-batch-bom/5.0.0-M6/spring-batch-bom-5.0.0-M6.pom
2026-06-23 12:57:30,249 [Worker-0: Building] INFO  o.e.m.c.i.e.AbstractTransferListenerAdapter - Downloaded https://repo.spring.io/milestone/org/springframework/batch/spring-batch-bom/5.0.0-M6/spring-batch-bom-5.0.0-M6.pom
2026-06-23 12:57:30,413 [Worker-0: Building] INFO  o.e.m.c.i.e.AbstractTransferListenerAdapter - Downloading https://repo.spring.io/milestone/org/springframework/data/spring-data-bom/2022.0.0-M6/spring-data-bom-2022.0.0-M6.pom
2026-06-23 12:57:30,450 [Worker-0: Building] INFO  o.e.m.c.i.e.AbstractTransferListenerAdapter - Downloaded https://repo.spring.io/milestone/org/springframework/data/spring-data-bom/2022.0.0-M6/spring-data-bom-2022.0.0-M6.pom
2026-06-23 12:57:30,614 [Worker-0: Building] INFO  o.e.m.c.i.e.AbstractTransferListenerAdapter - Downloading https://repo.spring.io/milestone/org/springframework/spring-framework-bom/6.0.0-M6/spring-framework-bom-6.0.0-M6.pom
2026-06-23 12:57:30,651 [Worker-0: Building] INFO  o.e.m.c.i.e.AbstractTransferListenerAdapter - Downloaded https://repo.spring.io/milestone/org/springframework/spring-framework-bom/6.0.0-M6/spring-framework-bom-6.0.0-M6.pom
2026-06-23 12:57:30,816 [Worker-0: Building] INFO  o.e.m.c.i.e.AbstractTransferListenerAdapter - Downloading https://repo.spring.io/milestone/org/springframework/integration/spring-integration-bom/6.0.0-M5/spring-integration-bom-6.0.0-M5.pom
2026-06-23 12:57:30,881 [Worker-0: Building] INFO  o.e.m.c.i.e.AbstractTransferListenerAdapter - Downloaded https://repo.spring.io/milestone/org/springframework/integration/spring-integration-bom/6.0.0-M5/spring-integration-bom-6.0.0-M5.pom
2026-06-23 12:57:31,052 [Worker-0: Building] INFO  o.e.m.c.i.e.AbstractTransferListenerAdapter - Downloading https://repo.spring.io/milestone/org/springframework/restdocs/spring-restdocs-bom/3.0.0-M4/spring-restdocs-bom-3.0.0-M4.pom
2026-06-23 12:57:31,132 [Worker-0: Building] INFO  o.e.m.c.i.e.AbstractTransferListenerAdapter - Downloaded https://repo.spring.io/milestone/org/springframework/restdocs/spring-restdocs-bom/3.0.0-M4/spring-restdocs-bom-3.0.0-M4.pom
2026-06-23 12:57:31,294 [Worker-0: Building] INFO  o.e.m.c.i.e.AbstractTransferListenerAdapter - Downloading https://repo.spring.io/milestone/org/springframework/security/spring-security-bom/6.0.0-M7/spring-security-bom-6.0.0-M7.pom
2026-06-23 12:57:31,356 [Worker-0: Building] INFO  o.e.m.c.i.e.AbstractTransferListenerAdapter - Downloaded https://repo.spring.io/milestone/org/springframework/security/spring-security-bom/6.0.0-M7/spring-security-bom-6.0.0-M7.pom
2026-06-23 12:57:31,514 [Worker-0: Building] INFO  o.e.m.c.i.e.AbstractTransferListenerAdapter - Downloading https://repo.spring.io/milestone/org/springframework/session/spring-session-bom/2022.0.0-M3/spring-session-bom-2022.0.0-M3.pom
2026-06-23 12:57:31,559 [Worker-0: Building] INFO  o.e.m.c.i.e.AbstractTransferListenerAdapter - Downloaded https://repo.spring.io/milestone/org/springframework/session/spring-session-bom/2022.0.0-M3/spring-session-bom-2022.0.0-M3.pom
2026-06-23 12:57:32,031 [Worker-0: Building] INFO  o.e.m.c.i.e.AbstractTransferListenerAdapter - Downloading https://repo.spring.io/milestone/org/springframework/boot/spring-boot-starter-web/3.0.0-M5/spring-boot-starter-web-3.0.0-M5.pom
2026-06-23 12:57:32,079 [Worker-0: Building] INFO  o.e.m.c.i.e.AbstractTransferListenerAdapter - Downloaded https://repo.spring.io/milestone/org/springframework/boot/spring-boot-starter-web/3.0.0-M5/spring-boot-starter-web-3.0.0-M5.pom
2026-06-23 12:57:32,244 [Worker-0: Building] INFO  o.e.m.c.i.e.AbstractTransferListenerAdapter - Downloading https://repo.spring.io/milestone/org/springframework/boot/spring-boot-starter/3.0.0-M5/spring-boot-starter-3.0.0-M5.pom
2026-06-23 12:57:32,289 [Worker-0: Building] INFO  o.e.m.c.i.e.AbstractTransferListenerAdapter - Downloaded https://repo.spring.io/milestone/org/springframework/boot/spring-boot-starter/3.0.0-M5/spring-boot-starter-3.0.0-M5.pom
2026-06-23 12:57:32,449 [Worker-0: Building] INFO  o.e.m.c.i.e.AbstractTransferListenerAdapter - Downloading https://repo.spring.io/milestone/org/springframework/boot/spring-boot/3.0.0-M5/spring-boot-3.0.0-M5.pom
2026-06-23 12:57:32,479 [Worker-0: Building] INFO  o.e.m.c.i.e.AbstractTransferListenerAdapter - Downloaded https://repo.spring.io/milestone/org/springframework/boot/spring-boot/3.0.0-M5/spring-boot-3.0.0-M5.pom
2026-06-23 12:57:32,645 [Worker-0: Building] INFO  o.e.m.c.i.e.AbstractTransferListenerAdapter - Downloading https://repo.spring.io/milestone/org/springframework/spring-core/6.0.0-M6/spring-core-6.0.0-M6.pom
2026-06-23 12:57:32,674 [Worker-0: Building] INFO  o.e.m.c.i.e.AbstractTransferListenerAdapter - Downloaded https://repo.spring.io/milestone/org/springframework/spring-core/6.0.0-M6/spring-core-6.0.0-M6.pom
2026-06-23 12:57:32,835 [Worker-0: Building] INFO  o.e.m.c.i.e.AbstractTransferListenerAdapter - Downloading https://repo.spring.io/milestone/org/springframework/spring-jcl/6.0.0-M6/spring-jcl-6.0.0-M6.pom
2026-06-23 12:57:32,867 [Worker-0: Building] INFO  o.e.m.c.i.e.AbstractTransferListenerAdapter - Downloaded https://repo.spring.io/milestone/org/springframework/spring-jcl/6.0.0-M6/spring-jcl-6.0.0-M6.pom
2026-06-23 12:57:33,027 [Worker-0: Building] INFO  o.e.m.c.i.e.AbstractTransferListenerAdapter - Downloading https://repo.spring.io/milestone/org/springframework/spring-context/6.0.0-M6/spring-context-6.0.0-M6.pom
2026-06-23 12:57:33,069 [Worker-0: Building] INFO  o.e.m.c.i.e.AbstractTransferListenerAdapter - Downloaded https://repo.spring.io/milestone/org/springframework/spring-context/6.0.0-M6/spring-context-6.0.0-M6.pom
2026-06-23 12:57:33,225 [Worker-0: Building] INFO  o.e.m.c.i.e.AbstractTransferListenerAdapter - Downloading https://repo.spring.io/milestone/org/springframework/spring-aop/6.0.0-M6/spring-aop-6.0.0-M6.pom
2026-06-23 12:57:33,252 [Worker-0: Building] INFO  o.e.m.c.i.e.AbstractTransferListenerAdapter - Downloaded https://repo.spring.io/milestone/org/springframework/spring-aop/6.0.0-M6/spring-aop-6.0.0-M6.pom
2026-06-23 12:57:33,412 [Worker-0: Building] INFO  o.e.m.c.i.e.AbstractTransferListenerAdapter - Downloading https://repo.spring.io/milestone/org/springframework/spring-beans/6.0.0-M6/spring-beans-6.0.0-M6.pom
2026-06-23 12:57:33,443 [Worker-0: Building] INFO  o.e.m.c.i.e.AbstractTransferListenerAdapter - Downloaded https://repo.spring.io/milestone/org/springframework/spring-beans/6.0.0-M6/spring-beans-6.0.0-M6.pom
2026-06-23 12:57:33,603 [Worker-0: Building] INFO  o.e.m.c.i.e.AbstractTransferListenerAdapter - Downloading https://repo.spring.io/milestone/org/springframework/spring-expression/6.0.0-M6/spring-expression-6.0.0-M6.pom
2026-06-23 12:57:33,651 [Worker-0: Building] INFO  o.e.m.c.i.e.AbstractTransferListenerAdapter - Downloaded https://repo.spring.io/milestone/org/springframework/spring-expression/6.0.0-M6/spring-expression-6.0.0-M6.pom
2026-06-23 12:57:33,807 [Worker-0: Building] INFO  o.e.m.c.i.e.AbstractTransferListenerAdapter - Downloading https://repo.spring.io/milestone/org/springframework/boot/spring-boot-autoconfigure/3.0.0-M5/spring-boot-autoconfigure-3.0.0-M5.pom
2026-06-23 12:57:33,837 [Worker-0: Building] INFO  o.e.m.c.i.e.AbstractTransferListenerAdapter - Downloaded https://repo.spring.io/milestone/org/springframework/boot/spring-boot-autoconfigure/3.0.0-M5/spring-boot-autoconfigure-3.0.0-M5.pom
2026-06-23 12:57:33,995 [Worker-0: Building] INFO  o.e.m.c.i.e.AbstractTransferListenerAdapter - Downloading https://repo.spring.io/milestone/org/springframework/boot/spring-boot-starter-logging/3.0.0-M5/spring-boot-starter-logging-3.0.0-M5.pom
2026-06-23 12:57:34,032 [Worker-0: Building] INFO  o.e.m.c.i.e.AbstractTransferListenerAdapter - Downloaded https://repo.spring.io/milestone/org/springframework/boot/spring-boot-starter-logging/3.0.0-M5/spring-boot-starter-logging-3.0.0-M5.pom
2026-06-23 12:57:34,186 [Worker-0: Building] INFO  o.e.m.c.i.e.AbstractTransferListenerAdapter - Downloaded https://repo.spring.io/milestone/ch/qos/logback/logback-classic/1.2.11/logback-classic-1.2.11.pom
2026-06-23 12:57:34,252 [Worker-0: Building] INFO  o.e.m.c.i.e.AbstractTransferListenerAdapter - Downloading https://repo.maven.apache.org/maven2/ch/qos/logback/logback-classic/1.2.11/logback-classic-1.2.11.pom
2026-06-23 12:57:34,277 [Worker-0: Building] INFO  o.e.m.c.i.e.AbstractTransferListenerAdapter - Downloaded https://repo.maven.apache.org/maven2/ch/qos/logback/logback-classic/1.2.11/logback-classic-1.2.11.pom
2026-06-23 12:57:34,439 [Worker-0: Building] INFO  o.e.m.c.i.e.AbstractTransferListenerAdapter - Downloaded https://repo.spring.io/milestone/ch/qos/logback/logback-parent/1.2.11/logback-parent-1.2.11.pom
2026-06-23 12:57:34,500 [Worker-0: Building] INFO  o.e.m.c.i.e.AbstractTransferListenerAdapter - Downloading https://repo.maven.apache.org/maven2/ch/qos/logback/logback-parent/1.2.11/logback-parent-1.2.11.pom
2026-06-23 12:57:34,527 [Worker-0: Building] INFO  o.e.m.c.i.e.AbstractTransferListenerAdapter - Downloaded https://repo.maven.apache.org/maven2/ch/qos/logback/logback-parent/1.2.11/logback-parent-1.2.11.pom
2026-06-23 12:57:34,687 [Worker-0: Building] INFO  o.e.m.c.i.e.AbstractTransferListenerAdapter - Downloaded https://repo.spring.io/milestone/ch/qos/logback/logback-core/1.2.11/logback-core-1.2.11.pom
2026-06-23 12:57:34,745 [Worker-0: Building] INFO  o.e.m.c.i.e.AbstractTransferListenerAdapter - Downloading https://repo.maven.apache.org/maven2/ch/qos/logback/logback-core/1.2.11/logback-core-1.2.11.pom
2026-06-23 12:57:34,790 [Worker-0: Building] INFO  o.e.m.c.i.e.AbstractTransferListenerAdapter - Downloaded https://repo.maven.apache.org/maven2/ch/qos/logback/logback-core/1.2.11/logback-core-1.2.11.pom
2026-06-23 12:57:34,967 [Worker-0: Building] INFO  o.e.m.c.i.e.AbstractTransferListenerAdapter - Downloaded https://repo.spring.io/milestone/org/apache/logging/log4j/log4j-to-slf4j/2.18.0/log4j-to-slf4j-2.18.0.pom
2026-06-23 12:57:35,021 [Worker-0: Building] INFO  o.e.m.c.i.e.AbstractTransferListenerAdapter - Downloading https://repo.maven.apache.org/maven2/org/apache/logging/log4j/log4j-to-slf4j/2.18.0/log4j-to-slf4j-2.18.0.pom
2026-06-23 12:57:35,086 [Worker-0: Building] INFO  o.e.m.c.i.e.AbstractTransferListenerAdapter - Downloaded https://repo.maven.apache.org/maven2/org/apache/logging/log4j/log4j-to-slf4j/2.18.0/log4j-to-slf4j-2.18.0.pom
2026-06-23 12:57:35,248 [Worker-0: Building] INFO  o.e.m.c.i.e.AbstractTransferListenerAdapter - Downloaded https://repo.spring.io/milestone/org/apache/logging/log4j/log4j/2.18.0/log4j-2.18.0.pom
2026-06-23 12:57:35,325 [Worker-0: Building] INFO  o.e.m.c.i.e.AbstractTransferListenerAdapter - Downloading https://repo.maven.apache.org/maven2/org/apache/logging/log4j/log4j/2.18.0/log4j-2.18.0.pom
2026-06-23 12:57:35,362 [Worker-0: Building] INFO  o.e.m.c.i.e.AbstractTransferListenerAdapter - Downloaded https://repo.maven.apache.org/maven2/org/apache/logging/log4j/log4j/2.18.0/log4j-2.18.0.pom
2026-06-23 12:57:35,536 [Worker-0: Building] INFO  o.e.m.c.i.e.AbstractTransferListenerAdapter - Downloaded https://repo.spring.io/milestone/org/apache/logging/log4j/log4j-api/2.18.0/log4j-api-2.18.0.pom
2026-06-23 12:57:35,591 [Worker-0: Building] INFO  o.e.m.c.i.e.AbstractTransferListenerAdapter - Downloading https://repo.maven.apache.org/maven2/org/apache/logging/log4j/log4j-api/2.18.0/log4j-api-2.18.0.pom
2026-06-23 12:57:35,618 [Worker-0: Building] INFO  o.e.m.c.i.e.AbstractTransferListenerAdapter - Downloaded https://repo.maven.apache.org/maven2/org/apache/logging/log4j/log4j-api/2.18.0/log4j-api-2.18.0.pom
2026-06-23 12:57:35,782 [Worker-0: Building] INFO  o.e.m.c.i.e.AbstractTransferListenerAdapter - Downloaded https://repo.spring.io/milestone/org/slf4j/jul-to-slf4j/1.7.36/jul-to-slf4j-1.7.36.pom
2026-06-23 12:57:35,843 [Worker-0: Building] INFO  o.e.m.c.i.e.AbstractTransferListenerAdapter - Downloading https://repo.maven.apache.org/maven2/org/slf4j/jul-to-slf4j/1.7.36/jul-to-slf4j-1.7.36.pom
2026-06-23 12:57:35,884 [Worker-0: Building] INFO  o.e.m.c.i.e.AbstractTransferListenerAdapter - Downloaded https://repo.maven.apache.org/maven2/org/slf4j/jul-to-slf4j/1.7.36/jul-to-slf4j-1.7.36.pom
2026-06-23 12:57:36,044 [Worker-0: Building] INFO  o.e.m.c.i.e.AbstractTransferListenerAdapter - Downloaded https://repo.spring.io/milestone/jakarta/annotation/jakarta.annotation-api/2.0.0/jakarta.annotation-api-2.0.0.pom
2026-06-23 12:57:36,119 [Worker-0: Building] INFO  o.e.m.c.i.e.AbstractTransferListenerAdapter - Downloading https://repo.maven.apache.org/maven2/jakarta/annotation/jakarta.annotation-api/2.0.0/jakarta.annotation-api-2.0.0.pom
2026-06-23 12:57:36,186 [Worker-0: Building] INFO  o.e.m.c.i.e.AbstractTransferListenerAdapter - Downloaded https://repo.maven.apache.org/maven2/jakarta/annotation/jakarta.annotation-api/2.0.0/jakarta.annotation-api-2.0.0.pom
2026-06-23 12:57:36,369 [Worker-0: Building] INFO  o.e.m.c.i.e.AbstractTransferListenerAdapter - Downloaded https://repo.spring.io/milestone/org/yaml/snakeyaml/1.32/snakeyaml-1.32.pom
2026-06-23 12:57:36,435 [Worker-0: Building] INFO  o.e.m.c.i.e.AbstractTransferListenerAdapter - Downloading https://repo.maven.apache.org/maven2/org/yaml/snakeyaml/1.32/snakeyaml-1.32.pom
2026-06-23 12:57:36,462 [Worker-0: Building] INFO  o.e.m.c.i.e.AbstractTransferListenerAdapter - Downloaded https://repo.maven.apache.org/maven2/org/yaml/snakeyaml/1.32/snakeyaml-1.32.pom
2026-06-23 12:57:36,645 [Worker-0: Building] INFO  o.e.m.c.i.e.AbstractTransferListenerAdapter - Downloading https://repo.spring.io/milestone/org/springframework/boot/spring-boot-starter-json/3.0.0-M5/spring-boot-starter-json-3.0.0-M5.pom
2026-06-23 12:57:36,683 [Worker-0: Building] INFO  o.e.m.c.i.e.AbstractTransferListenerAdapter - Downloaded https://repo.spring.io/milestone/org/springframework/boot/spring-boot-starter-json/3.0.0-M5/spring-boot-starter-json-3.0.0-M5.pom
2026-06-23 12:57:36,844 [Worker-0: Building] INFO  o.e.m.c.i.e.AbstractTransferListenerAdapter - Downloading https://repo.spring.io/milestone/org/springframework/spring-web/6.0.0-M6/spring-web-6.0.0-M6.pom
2026-06-23 12:57:36,875 [Worker-0: Building] INFO  o.e.m.c.i.e.AbstractTransferListenerAdapter - Downloaded https://repo.spring.io/milestone/org/springframework/spring-web/6.0.0-M6/spring-web-6.0.0-M6.pom
2026-06-23 12:57:37,037 [Worker-0: Building] INFO  o.e.m.c.i.e.AbstractTransferListenerAdapter - Downloading https://repo.spring.io/milestone/io/micrometer/micrometer-observation/1.10.0-M6/micrometer-observation-1.10.0-M6.pom
2026-06-23 12:57:37,067 [Worker-0: Building] INFO  o.e.m.c.i.e.AbstractTransferListenerAdapter - Downloaded https://repo.spring.io/milestone/io/micrometer/micrometer-observation/1.10.0-M6/micrometer-observation-1.10.0-M6.pom
2026-06-23 12:57:37,228 [Worker-0: Building] INFO  o.e.m.c.i.e.AbstractTransferListenerAdapter - Downloading https://repo.spring.io/milestone/io/micrometer/micrometer-commons/1.10.0-M6/micrometer-commons-1.10.0-M6.pom
2026-06-23 12:57:37,253 [Worker-0: Building] INFO  o.e.m.c.i.e.AbstractTransferListenerAdapter - Downloaded https://repo.spring.io/milestone/io/micrometer/micrometer-commons/1.10.0-M6/micrometer-commons-1.10.0-M6.pom
2026-06-23 12:57:37,408 [Worker-0: Building] INFO  o.e.m.c.i.e.AbstractTransferListenerAdapter - Downloaded https://repo.spring.io/milestone/com/fasterxml/jackson/core/jackson-databind/2.13.4/jackson-databind-2.13.4.pom
2026-06-23 12:57:37,462 [Worker-0: Building] INFO  o.e.m.c.i.e.AbstractTransferListenerAdapter - Downloading https://repo.maven.apache.org/maven2/com/fasterxml/jackson/core/jackson-databind/2.13.4/jackson-databind-2.13.4.pom
2026-06-23 12:57:37,488 [Worker-0: Building] INFO  o.e.m.c.i.e.AbstractTransferListenerAdapter - Downloaded https://repo.maven.apache.org/maven2/com/fasterxml/jackson/core/jackson-databind/2.13.4/jackson-databind-2.13.4.pom
2026-06-23 12:57:37,653 [Worker-0: Building] INFO  o.e.m.c.i.e.AbstractTransferListenerAdapter - Downloaded https://repo.spring.io/milestone/com/fasterxml/jackson/jackson-base/2.13.4/jackson-base-2.13.4.pom
2026-06-23 12:57:37,707 [Worker-0: Building] INFO  o.e.m.c.i.e.AbstractTransferListenerAdapter - Downloading https://repo.maven.apache.org/maven2/com/fasterxml/jackson/jackson-base/2.13.4/jackson-base-2.13.4.pom
2026-06-23 12:57:37,739 [Worker-0: Building] INFO  o.e.m.c.i.e.AbstractTransferListenerAdapter - Downloaded https://repo.maven.apache.org/maven2/com/fasterxml/jackson/jackson-base/2.13.4/jackson-base-2.13.4.pom
2026-06-23 12:57:37,911 [Worker-0: Building] INFO  o.e.m.c.i.e.AbstractTransferListenerAdapter - Downloaded https://repo.spring.io/milestone/com/fasterxml/jackson/core/jackson-annotations/2.13.4/jackson-annotations-2.13.4.pom
2026-06-23 12:57:37,962 [Worker-0: Building] INFO  o.e.m.c.i.e.AbstractTransferListenerAdapter - Downloading https://repo.maven.apache.org/maven2/com/fasterxml/jackson/core/jackson-annotations/2.13.4/jackson-annotations-2.13.4.pom
2026-06-23 12:57:37,989 [Worker-0: Building] INFO  o.e.m.c.i.e.AbstractTransferListenerAdapter - Downloaded https://repo.maven.apache.org/maven2/com/fasterxml/jackson/core/jackson-annotations/2.13.4/jackson-annotations-2.13.4.pom
2026-06-23 12:57:38,150 [Worker-0: Building] INFO  o.e.m.c.i.e.AbstractTransferListenerAdapter - Downloaded https://repo.spring.io/milestone/com/fasterxml/jackson/core/jackson-core/2.13.4/jackson-core-2.13.4.pom
2026-06-23 12:57:38,219 [Worker-0: Building] INFO  o.e.m.c.i.e.AbstractTransferListenerAdapter - Downloading https://repo.maven.apache.org/maven2/com/fasterxml/jackson/core/jackson-core/2.13.4/jackson-core-2.13.4.pom
2026-06-23 12:57:38,246 [Worker-0: Building] INFO  o.e.m.c.i.e.AbstractTransferListenerAdapter - Downloaded https://repo.maven.apache.org/maven2/com/fasterxml/jackson/core/jackson-core/2.13.4/jackson-core-2.13.4.pom
2026-06-23 12:57:38,406 [Worker-0: Building] INFO  o.e.m.c.i.e.AbstractTransferListenerAdapter - Downloaded https://repo.spring.io/milestone/com/fasterxml/jackson/datatype/jackson-datatype-jdk8/2.13.4/jackson-datatype-jdk8-2.13.4.pom
2026-06-23 12:57:38,459 [Worker-0: Building] INFO  o.e.m.c.i.e.AbstractTransferListenerAdapter - Downloading https://repo.maven.apache.org/maven2/com/fasterxml/jackson/datatype/jackson-datatype-jdk8/2.13.4/jackson-datatype-jdk8-2.13.4.pom
2026-06-23 12:57:38,484 [Worker-0: Building] INFO  o.e.m.c.i.e.AbstractTransferListenerAdapter - Downloaded https://repo.maven.apache.org/maven2/com/fasterxml/jackson/datatype/jackson-datatype-jdk8/2.13.4/jackson-datatype-jdk8-2.13.4.pom
2026-06-23 12:57:38,644 [Worker-0: Building] INFO  o.e.m.c.i.e.AbstractTransferListenerAdapter - Downloaded https://repo.spring.io/milestone/com/fasterxml/jackson/module/jackson-modules-java8/2.13.4/jackson-modules-java8-2.13.4.pom
2026-06-23 12:57:38,721 [Worker-0: Building] INFO  o.e.m.c.i.e.AbstractTransferListenerAdapter - Downloading https://repo.maven.apache.org/maven2/com/fasterxml/jackson/module/jackson-modules-java8/2.13.4/jackson-modules-java8-2.13.4.pom
2026-06-23 12:57:38,758 [Worker-0: Building] INFO  o.e.m.c.i.e.AbstractTransferListenerAdapter - Downloaded https://repo.maven.apache.org/maven2/com/fasterxml/jackson/module/jackson-modules-java8/2.13.4/jackson-modules-java8-2.13.4.pom
2026-06-23 12:57:38,915 [Worker-0: Building] INFO  o.e.m.c.i.e.AbstractTransferListenerAdapter - Downloaded https://repo.spring.io/milestone/com/fasterxml/jackson/datatype/jackson-datatype-jsr310/2.13.4/jackson-datatype-jsr310-2.13.4.pom
2026-06-23 12:57:38,972 [Worker-0: Building] INFO  o.e.m.c.i.e.AbstractTransferListenerAdapter - Downloading https://repo.maven.apache.org/maven2/com/fasterxml/jackson/datatype/jackson-datatype-jsr310/2.13.4/jackson-datatype-jsr310-2.13.4.pom
2026-06-23 12:57:39,004 [Worker-0: Building] INFO  o.e.m.c.i.e.AbstractTransferListenerAdapter - Downloaded https://repo.maven.apache.org/maven2/com/fasterxml/jackson/datatype/jackson-datatype-jsr310/2.13.4/jackson-datatype-jsr310-2.13.4.pom
2026-06-23 12:57:39,166 [Worker-0: Building] INFO  o.e.m.c.i.e.AbstractTransferListenerAdapter - Downloaded https://repo.spring.io/milestone/com/fasterxml/jackson/module/jackson-module-parameter-names/2.13.4/jackson-module-parameter-names-2.13.4.pom
2026-06-23 12:57:39,227 [Worker-0: Building] INFO  o.e.m.c.i.e.AbstractTransferListenerAdapter - Downloading https://repo.maven.apache.org/maven2/com/fasterxml/jackson/module/jackson-module-parameter-names/2.13.4/jackson-module-parameter-names-2.13.4.pom
2026-06-23 12:57:39,254 [Worker-0: Building] INFO  o.e.m.c.i.e.AbstractTransferListenerAdapter - Downloaded https://repo.maven.apache.org/maven2/com/fasterxml/jackson/module/jackson-module-parameter-names/2.13.4/jackson-module-parameter-names-2.13.4.pom
2026-06-23 12:57:39,416 [Worker-0: Building] INFO  o.e.m.c.i.e.AbstractTransferListenerAdapter - Downloading https://repo.spring.io/milestone/org/springframework/boot/spring-boot-starter-tomcat/3.0.0-M5/spring-boot-starter-tomcat-3.0.0-M5.pom
2026-06-23 12:57:39,451 [Worker-0: Building] INFO  o.e.m.c.i.e.AbstractTransferListenerAdapter - Downloaded https://repo.spring.io/milestone/org/springframework/boot/spring-boot-starter-tomcat/3.0.0-M5/spring-boot-starter-tomcat-3.0.0-M5.pom
2026-06-23 12:57:39,608 [Worker-0: Building] INFO  o.e.m.c.i.e.AbstractTransferListenerAdapter - Downloaded https://repo.spring.io/milestone/org/apache/tomcat/embed/tomcat-embed-core/10.0.23/tomcat-embed-core-10.0.23.pom
2026-06-23 12:57:39,666 [Worker-0: Building] INFO  o.e.m.c.i.e.AbstractTransferListenerAdapter - Downloading https://repo.maven.apache.org/maven2/org/apache/tomcat/embed/tomcat-embed-core/10.0.23/tomcat-embed-core-10.0.23.pom
2026-06-23 12:57:39,693 [Worker-0: Building] INFO  o.e.m.c.i.e.AbstractTransferListenerAdapter - Downloaded https://repo.maven.apache.org/maven2/org/apache/tomcat/embed/tomcat-embed-core/10.0.23/tomcat-embed-core-10.0.23.pom
2026-06-23 12:57:39,853 [Worker-0: Building] INFO  o.e.m.c.i.e.AbstractTransferListenerAdapter - Downloaded https://repo.spring.io/milestone/org/apache/tomcat/embed/tomcat-embed-el/10.0.23/tomcat-embed-el-10.0.23.pom
2026-06-23 12:57:39,906 [Worker-0: Building] INFO  o.e.m.c.i.e.AbstractTransferListenerAdapter - Downloading https://repo.maven.apache.org/maven2/org/apache/tomcat/embed/tomcat-embed-el/10.0.23/tomcat-embed-el-10.0.23.pom
2026-06-23 12:57:39,932 [Worker-0: Building] INFO  o.e.m.c.i.e.AbstractTransferListenerAdapter - Downloaded https://repo.maven.apache.org/maven2/org/apache/tomcat/embed/tomcat-embed-el/10.0.23/tomcat-embed-el-10.0.23.pom
2026-06-23 12:57:40,089 [Worker-0: Building] INFO  o.e.m.c.i.e.AbstractTransferListenerAdapter - Downloaded https://repo.spring.io/milestone/org/apache/tomcat/embed/tomcat-embed-websocket/10.0.23/tomcat-embed-websocket-10.0.23.pom
2026-06-23 12:57:40,151 [Worker-0: Building] INFO  o.e.m.c.i.e.AbstractTransferListenerAdapter - Downloading https://repo.maven.apache.org/maven2/org/apache/tomcat/embed/tomcat-embed-websocket/10.0.23/tomcat-embed-websocket-10.0.23.pom
2026-06-23 12:57:40,177 [Worker-0: Building] INFO  o.e.m.c.i.e.AbstractTransferListenerAdapter - Downloaded https://repo.maven.apache.org/maven2/org/apache/tomcat/embed/tomcat-embed-websocket/10.0.23/tomcat-embed-websocket-10.0.23.pom
2026-06-23 12:57:40,345 [Worker-0: Building] INFO  o.e.m.c.i.e.AbstractTransferListenerAdapter - Downloading https://repo.spring.io/milestone/org/springframework/spring-webmvc/6.0.0-M6/spring-webmvc-6.0.0-M6.pom
2026-06-23 12:57:40,373 [Worker-0: Building] INFO  o.e.m.c.i.e.AbstractTransferListenerAdapter - Downloaded https://repo.spring.io/milestone/org/springframework/spring-webmvc/6.0.0-M6/spring-webmvc-6.0.0-M6.pom
2026-06-23 12:57:40,538 [Worker-0: Building] INFO  o.e.m.c.i.e.AbstractTransferListenerAdapter - Downloading https://repo.spring.io/milestone/org/springframework/boot/spring-boot-starter-test/3.0.0-M5/spring-boot-starter-test-3.0.0-M5.pom
2026-06-23 12:57:40,565 [Worker-0: Building] INFO  o.e.m.c.i.e.AbstractTransferListenerAdapter - Downloaded https://repo.spring.io/milestone/org/springframework/boot/spring-boot-starter-test/3.0.0-M5/spring-boot-starter-test-3.0.0-M5.pom
2026-06-23 12:57:40,724 [Worker-0: Building] INFO  o.e.m.c.i.e.AbstractTransferListenerAdapter - Downloading https://repo.spring.io/milestone/org/springframework/boot/spring-boot-test/3.0.0-M5/spring-boot-test-3.0.0-M5.pom
2026-06-23 12:57:40,771 [Worker-0: Building] INFO  o.e.m.c.i.e.AbstractTransferListenerAdapter - Downloaded https://repo.spring.io/milestone/org/springframework/boot/spring-boot-test/3.0.0-M5/spring-boot-test-3.0.0-M5.pom
2026-06-23 12:57:40,929 [Worker-0: Building] INFO  o.e.m.c.i.e.AbstractTransferListenerAdapter - Downloading https://repo.spring.io/milestone/org/springframework/boot/spring-boot-test-autoconfigure/3.0.0-M5/spring-boot-test-autoconfigure-3.0.0-M5.pom
2026-06-23 12:57:40,971 [Worker-0: Building] INFO  o.e.m.c.i.e.AbstractTransferListenerAdapter - Downloaded https://repo.spring.io/milestone/org/springframework/boot/spring-boot-test-autoconfigure/3.0.0-M5/spring-boot-test-autoconfigure-3.0.0-M5.pom
2026-06-23 12:57:41,126 [Worker-0: Building] INFO  o.e.m.c.i.e.AbstractTransferListenerAdapter - Downloaded https://repo.spring.io/milestone/com/jayway/jsonpath/json-path/2.7.0/json-path-2.7.0.pom
2026-06-23 12:57:41,178 [Worker-0: Building] INFO  o.e.m.c.i.e.AbstractTransferListenerAdapter - Downloading https://repo.maven.apache.org/maven2/com/jayway/jsonpath/json-path/2.7.0/json-path-2.7.0.pom
2026-06-23 12:57:41,204 [Worker-0: Building] INFO  o.e.m.c.i.e.AbstractTransferListenerAdapter - Downloaded https://repo.maven.apache.org/maven2/com/jayway/jsonpath/json-path/2.7.0/json-path-2.7.0.pom
2026-06-23 12:57:41,359 [Worker-0: Building] INFO  o.e.m.c.i.e.AbstractTransferListenerAdapter - Downloaded https://repo.spring.io/milestone/net/minidev/json-smart/2.4.8/json-smart-2.4.8.pom
2026-06-23 12:57:41,411 [Worker-0: Building] INFO  o.e.m.c.i.e.AbstractTransferListenerAdapter - Downloading https://repo.maven.apache.org/maven2/net/minidev/json-smart/2.4.8/json-smart-2.4.8.pom
2026-06-23 12:57:41,440 [Worker-0: Building] INFO  o.e.m.c.i.e.AbstractTransferListenerAdapter - Downloaded https://repo.maven.apache.org/maven2/net/minidev/json-smart/2.4.8/json-smart-2.4.8.pom
2026-06-23 12:57:41,601 [Worker-0: Building] INFO  o.e.m.c.i.e.AbstractTransferListenerAdapter - Downloaded https://repo.spring.io/milestone/net/minidev/accessors-smart/2.4.8/accessors-smart-2.4.8.pom
2026-06-23 12:57:41,648 [Worker-0: Building] INFO  o.e.m.c.i.e.AbstractTransferListenerAdapter - Downloading https://repo.maven.apache.org/maven2/net/minidev/accessors-smart/2.4.8/accessors-smart-2.4.8.pom
2026-06-23 12:57:41,679 [Worker-0: Building] INFO  o.e.m.c.i.e.AbstractTransferListenerAdapter - Downloaded https://repo.maven.apache.org/maven2/net/minidev/accessors-smart/2.4.8/accessors-smart-2.4.8.pom
2026-06-23 12:57:41,847 [Worker-0: Building] INFO  o.e.m.c.i.e.AbstractTransferListenerAdapter - Downloaded https://repo.spring.io/milestone/org/ow2/asm/asm/9.1/asm-9.1.pom
2026-06-23 12:57:41,912 [Worker-0: Building] INFO  o.e.m.c.i.e.AbstractTransferListenerAdapter - Downloading https://repo.maven.apache.org/maven2/org/ow2/asm/asm/9.1/asm-9.1.pom
2026-06-23 12:57:41,950 [Worker-0: Building] INFO  o.e.m.c.i.e.AbstractTransferListenerAdapter - Downloaded https://repo.maven.apache.org/maven2/org/ow2/asm/asm/9.1/asm-9.1.pom
2026-06-23 12:57:42,103 [Worker-0: Building] INFO  o.e.m.c.i.e.AbstractTransferListenerAdapter - Downloaded https://repo.spring.io/milestone/org/ow2/ow2/1.5/ow2-1.5.pom
2026-06-23 12:57:42,155 [Worker-0: Building] INFO  o.e.m.c.i.e.AbstractTransferListenerAdapter - Downloading https://repo.maven.apache.org/maven2/org/ow2/ow2/1.5/ow2-1.5.pom
2026-06-23 12:57:42,189 [Worker-0: Building] INFO  o.e.m.c.i.e.AbstractTransferListenerAdapter - Downloaded https://repo.maven.apache.org/maven2/org/ow2/ow2/1.5/ow2-1.5.pom
2026-06-23 12:57:42,353 [Worker-0: Building] INFO  o.e.m.c.i.e.AbstractTransferListenerAdapter - Downloaded https://repo.spring.io/milestone/jakarta/xml/bind/jakarta.xml.bind-api/3.0.1/jakarta.xml.bind-api-3.0.1.pom
2026-06-23 12:57:42,404 [Worker-0: Building] INFO  o.e.m.c.i.e.AbstractTransferListenerAdapter - Downloading https://repo.maven.apache.org/maven2/jakarta/xml/bind/jakarta.xml.bind-api/3.0.1/jakarta.xml.bind-api-3.0.1.pom
2026-06-23 12:57:42,431 [Worker-0: Building] INFO  o.e.m.c.i.e.AbstractTransferListenerAdapter - Downloaded https://repo.maven.apache.org/maven2/jakarta/xml/bind/jakarta.xml.bind-api/3.0.1/jakarta.xml.bind-api-3.0.1.pom
2026-06-23 12:57:42,590 [Worker-0: Building] INFO  o.e.m.c.i.e.AbstractTransferListenerAdapter - Downloaded https://repo.spring.io/milestone/jakarta/xml/bind/jakarta.xml.bind-api-parent/3.0.1/jakarta.xml.bind-api-parent-3.0.1.pom
2026-06-23 12:57:42,639 [Worker-0: Building] INFO  o.e.m.c.i.e.AbstractTransferListenerAdapter - Downloading https://repo.maven.apache.org/maven2/jakarta/xml/bind/jakarta.xml.bind-api-parent/3.0.1/jakarta.xml.bind-api-parent-3.0.1.pom
2026-06-23 12:57:42,682 [Worker-0: Building] INFO  o.e.m.c.i.e.AbstractTransferListenerAdapter - Downloaded https://repo.maven.apache.org/maven2/jakarta/xml/bind/jakarta.xml.bind-api-parent/3.0.1/jakarta.xml.bind-api-parent-3.0.1.pom
2026-06-23 12:57:42,848 [Worker-0: Building] INFO  o.e.m.c.i.e.AbstractTransferListenerAdapter - Downloaded https://repo.spring.io/milestone/com/sun/activation/jakarta.activation/2.0.1/jakarta.activation-2.0.1.pom
2026-06-23 12:57:42,911 [Worker-0: Building] INFO  o.e.m.c.i.e.AbstractTransferListenerAdapter - Downloading https://repo.maven.apache.org/maven2/com/sun/activation/jakarta.activation/2.0.1/jakarta.activation-2.0.1.pom
2026-06-23 12:57:42,947 [Worker-0: Building] INFO  o.e.m.c.i.e.AbstractTransferListenerAdapter - Downloaded https://repo.maven.apache.org/maven2/com/sun/activation/jakarta.activation/2.0.1/jakarta.activation-2.0.1.pom
2026-06-23 12:57:43,100 [Worker-0: Building] INFO  o.e.m.c.i.e.AbstractTransferListenerAdapter - Downloaded https://repo.spring.io/milestone/com/sun/activation/all/2.0.1/all-2.0.1.pom
2026-06-23 12:57:43,155 [Worker-0: Building] INFO  o.e.m.c.i.e.AbstractTransferListenerAdapter - Downloading https://repo.maven.apache.org/maven2/com/sun/activation/all/2.0.1/all-2.0.1.pom
2026-06-23 12:57:43,189 [Worker-0: Building] INFO  o.e.m.c.i.e.AbstractTransferListenerAdapter - Downloaded https://repo.maven.apache.org/maven2/com/sun/activation/all/2.0.1/all-2.0.1.pom
2026-06-23 12:57:43,353 [Worker-0: Building] INFO  o.e.m.c.i.e.AbstractTransferListenerAdapter - Downloaded https://repo.spring.io/milestone/org/assertj/assertj-core/3.23.1/assertj-core-3.23.1.pom
2026-06-23 12:57:43,404 [Worker-0: Building] INFO  o.e.m.c.i.e.AbstractTransferListenerAdapter - Downloading https://repo.maven.apache.org/maven2/org/assertj/assertj-core/3.23.1/assertj-core-3.23.1.pom
2026-06-23 12:57:43,442 [Worker-0: Building] INFO  o.e.m.c.i.e.AbstractTransferListenerAdapter - Downloaded https://repo.maven.apache.org/maven2/org/assertj/assertj-core/3.23.1/assertj-core-3.23.1.pom
2026-06-23 12:57:43,607 [Worker-0: Building] INFO  o.e.m.c.i.e.AbstractTransferListenerAdapter - Downloaded https://repo.spring.io/milestone/org/assertj/assertj-parent-pom/2.2.17/assertj-parent-pom-2.2.17.pom
2026-06-23 12:57:43,664 [Worker-0: Building] INFO  o.e.m.c.i.e.AbstractTransferListenerAdapter - Downloading https://repo.maven.apache.org/maven2/org/assertj/assertj-parent-pom/2.2.17/assertj-parent-pom-2.2.17.pom
2026-06-23 12:57:43,693 [Worker-0: Building] INFO  o.e.m.c.i.e.AbstractTransferListenerAdapter - Downloaded https://repo.maven.apache.org/maven2/org/assertj/assertj-parent-pom/2.2.17/assertj-parent-pom-2.2.17.pom
2026-06-23 12:57:43,859 [Worker-0: Building] INFO  o.e.m.c.i.e.AbstractTransferListenerAdapter - Downloaded https://repo.spring.io/milestone/org/mockito/mockito-bom/4.5.1/mockito-bom-4.5.1.pom
2026-06-23 12:57:43,905 [Worker-0: Building] INFO  o.e.m.c.i.e.AbstractTransferListenerAdapter - Downloading https://repo.maven.apache.org/maven2/org/mockito/mockito-bom/4.5.1/mockito-bom-4.5.1.pom
2026-06-23 12:57:43,937 [Worker-0: Building] INFO  o.e.m.c.i.e.AbstractTransferListenerAdapter - Downloaded https://repo.maven.apache.org/maven2/org/mockito/mockito-bom/4.5.1/mockito-bom-4.5.1.pom
2026-06-23 12:57:44,092 [Worker-0: Building] INFO  o.e.m.c.i.e.AbstractTransferListenerAdapter - Downloaded https://repo.spring.io/milestone/net/bytebuddy/byte-buddy/1.12.17/byte-buddy-1.12.17.pom
2026-06-23 12:57:44,154 [Worker-0: Building] INFO  o.e.m.c.i.e.AbstractTransferListenerAdapter - Downloading https://repo.maven.apache.org/maven2/net/bytebuddy/byte-buddy/1.12.17/byte-buddy-1.12.17.pom
2026-06-23 12:57:44,186 [Worker-0: Building] INFO  o.e.m.c.i.e.AbstractTransferListenerAdapter - Downloaded https://repo.maven.apache.org/maven2/net/bytebuddy/byte-buddy/1.12.17/byte-buddy-1.12.17.pom
2026-06-23 12:57:44,344 [Worker-0: Building] INFO  o.e.m.c.i.e.AbstractTransferListenerAdapter - Downloaded https://repo.spring.io/milestone/net/bytebuddy/byte-buddy-parent/1.12.17/byte-buddy-parent-1.12.17.pom
2026-06-23 12:57:44,407 [Worker-0: Building] INFO  o.e.m.c.i.e.AbstractTransferListenerAdapter - Downloading https://repo.maven.apache.org/maven2/net/bytebuddy/byte-buddy-parent/1.12.17/byte-buddy-parent-1.12.17.pom
2026-06-23 12:57:44,450 [Worker-0: Building] INFO  o.e.m.c.i.e.AbstractTransferListenerAdapter - Downloaded https://repo.maven.apache.org/maven2/net/bytebuddy/byte-buddy-parent/1.12.17/byte-buddy-parent-1.12.17.pom
2026-06-23 12:57:44,630 [Worker-0: Building] INFO  o.e.m.c.i.e.AbstractTransferListenerAdapter - Downloaded https://repo.spring.io/milestone/org/hamcrest/hamcrest/2.2/hamcrest-2.2.pom
2026-06-23 12:57:44,703 [Worker-0: Building] INFO  o.e.m.c.i.e.AbstractTransferListenerAdapter - Downloading https://repo.maven.apache.org/maven2/org/hamcrest/hamcrest/2.2/hamcrest-2.2.pom
2026-06-23 12:57:44,800 [Worker-0: Building] INFO  o.e.m.c.i.e.AbstractTransferListenerAdapter - Downloaded https://repo.maven.apache.org/maven2/org/hamcrest/hamcrest/2.2/hamcrest-2.2.pom
2026-06-23 12:57:44,982 [Worker-0: Building] INFO  o.e.m.c.i.e.AbstractTransferListenerAdapter - Downloaded https://repo.spring.io/milestone/org/junit/jupiter/junit-jupiter/5.9.1/junit-jupiter-5.9.1.pom
2026-06-23 12:57:45,058 [Worker-0: Building] INFO  o.e.m.c.i.e.AbstractTransferListenerAdapter - Downloading https://repo.maven.apache.org/maven2/org/junit/jupiter/junit-jupiter/5.9.1/junit-jupiter-5.9.1.pom
2026-06-23 12:57:45,117 [Worker-0: Building] INFO  o.e.m.c.i.e.AbstractTransferListenerAdapter - Downloaded https://repo.maven.apache.org/maven2/org/junit/jupiter/junit-jupiter/5.9.1/junit-jupiter-5.9.1.pom
2026-06-23 12:57:45,285 [Worker-0: Building] INFO  o.e.m.c.i.e.AbstractTransferListenerAdapter - Downloaded https://repo.spring.io/milestone/org/junit/jupiter/junit-jupiter-api/5.9.1/junit-jupiter-api-5.9.1.pom
2026-06-23 12:57:45,332 [Worker-0: Building] INFO  o.e.m.c.i.e.AbstractTransferListenerAdapter - Downloading https://repo.maven.apache.org/maven2/org/junit/jupiter/junit-jupiter-api/5.9.1/junit-jupiter-api-5.9.1.pom
2026-06-23 12:57:45,360 [Worker-0: Building] INFO  o.e.m.c.i.e.AbstractTransferListenerAdapter - Downloaded https://repo.maven.apache.org/maven2/org/junit/jupiter/junit-jupiter-api/5.9.1/junit-jupiter-api-5.9.1.pom
2026-06-23 12:57:45,518 [Worker-0: Building] INFO  o.e.m.c.i.e.AbstractTransferListenerAdapter - Downloaded https://repo.spring.io/milestone/org/opentest4j/opentest4j/1.2.0/opentest4j-1.2.0.pom
2026-06-23 12:57:45,588 [Worker-0: Building] INFO  o.e.m.c.i.e.AbstractTransferListenerAdapter - Downloading https://repo.maven.apache.org/maven2/org/opentest4j/opentest4j/1.2.0/opentest4j-1.2.0.pom
2026-06-23 12:57:45,630 [Worker-0: Building] INFO  o.e.m.c.i.e.AbstractTransferListenerAdapter - Downloaded https://repo.maven.apache.org/maven2/org/opentest4j/opentest4j/1.2.0/opentest4j-1.2.0.pom
2026-06-23 12:57:45,783 [Worker-0: Building] INFO  o.e.m.c.i.e.AbstractTransferListenerAdapter - Downloaded https://repo.spring.io/milestone/org/junit/platform/junit-platform-commons/1.9.1/junit-platform-commons-1.9.1.pom
2026-06-23 12:57:45,843 [Worker-0: Building] INFO  o.e.m.c.i.e.AbstractTransferListenerAdapter - Downloading https://repo.maven.apache.org/maven2/org/junit/platform/junit-platform-commons/1.9.1/junit-platform-commons-1.9.1.pom
2026-06-23 12:57:45,868 [Worker-0: Building] INFO  o.e.m.c.i.e.AbstractTransferListenerAdapter - Downloaded https://repo.maven.apache.org/maven2/org/junit/platform/junit-platform-commons/1.9.1/junit-platform-commons-1.9.1.pom
2026-06-23 12:57:46,025 [Worker-0: Building] INFO  o.e.m.c.i.e.AbstractTransferListenerAdapter - Downloaded https://repo.spring.io/milestone/org/junit/jupiter/junit-jupiter-params/5.9.1/junit-jupiter-params-5.9.1.pom
2026-06-23 12:57:46,076 [Worker-0: Building] INFO  o.e.m.c.i.e.AbstractTransferListenerAdapter - Downloading https://repo.maven.apache.org/maven2/org/junit/jupiter/junit-jupiter-params/5.9.1/junit-jupiter-params-5.9.1.pom
2026-06-23 12:57:46,103 [Worker-0: Building] INFO  o.e.m.c.i.e.AbstractTransferListenerAdapter - Downloaded https://repo.maven.apache.org/maven2/org/junit/jupiter/junit-jupiter-params/5.9.1/junit-jupiter-params-5.9.1.pom
2026-06-23 12:57:46,256 [Worker-0: Building] INFO  o.e.m.c.i.e.AbstractTransferListenerAdapter - Downloaded https://repo.spring.io/milestone/org/junit/jupiter/junit-jupiter-engine/5.9.1/junit-jupiter-engine-5.9.1.pom
2026-06-23 12:57:46,308 [Worker-0: Building] INFO  o.e.m.c.i.e.AbstractTransferListenerAdapter - Downloading https://repo.maven.apache.org/maven2/org/junit/jupiter/junit-jupiter-engine/5.9.1/junit-jupiter-engine-5.9.1.pom
2026-06-23 12:57:46,334 [Worker-0: Building] INFO  o.e.m.c.i.e.AbstractTransferListenerAdapter - Downloaded https://repo.maven.apache.org/maven2/org/junit/jupiter/junit-jupiter-engine/5.9.1/junit-jupiter-engine-5.9.1.pom
2026-06-23 12:57:46,488 [Worker-0: Building] INFO  o.e.m.c.i.e.AbstractTransferListenerAdapter - Downloaded https://repo.spring.io/milestone/org/junit/platform/junit-platform-engine/1.9.1/junit-platform-engine-1.9.1.pom
2026-06-23 12:57:46,541 [Worker-0: Building] INFO  o.e.m.c.i.e.AbstractTransferListenerAdapter - Downloading https://repo.maven.apache.org/maven2/org/junit/platform/junit-platform-engine/1.9.1/junit-platform-engine-1.9.1.pom
2026-06-23 12:57:46,567 [Worker-0: Building] INFO  o.e.m.c.i.e.AbstractTransferListenerAdapter - Downloaded https://repo.maven.apache.org/maven2/org/junit/platform/junit-platform-engine/1.9.1/junit-platform-engine-1.9.1.pom
2026-06-23 12:57:46,723 [Worker-0: Building] INFO  o.e.m.c.i.e.AbstractTransferListenerAdapter - Downloaded https://repo.spring.io/milestone/org/mockito/mockito-core/4.8.0/mockito-core-4.8.0.pom
2026-06-23 12:57:46,767 [Worker-0: Building] INFO  o.e.m.c.i.e.AbstractTransferListenerAdapter - Downloading https://repo.maven.apache.org/maven2/org/mockito/mockito-core/4.8.0/mockito-core-4.8.0.pom
2026-06-23 12:57:46,796 [Worker-0: Building] INFO  o.e.m.c.i.e.AbstractTransferListenerAdapter - Downloaded https://repo.maven.apache.org/maven2/org/mockito/mockito-core/4.8.0/mockito-core-4.8.0.pom
2026-06-23 12:57:46,950 [Worker-0: Building] INFO  o.e.m.c.i.e.AbstractTransferListenerAdapter - Downloaded https://repo.spring.io/milestone/net/bytebuddy/byte-buddy-agent/1.12.17/byte-buddy-agent-1.12.17.pom
2026-06-23 12:57:46,996 [Worker-0: Building] INFO  o.e.m.c.i.e.AbstractTransferListenerAdapter - Downloading https://repo.maven.apache.org/maven2/net/bytebuddy/byte-buddy-agent/1.12.17/byte-buddy-agent-1.12.17.pom
2026-06-23 12:57:47,020 [Worker-0: Building] INFO  o.e.m.c.i.e.AbstractTransferListenerAdapter - Downloaded https://repo.maven.apache.org/maven2/net/bytebuddy/byte-buddy-agent/1.12.17/byte-buddy-agent-1.12.17.pom
2026-06-23 12:57:47,180 [Worker-0: Building] INFO  o.e.m.c.i.e.AbstractTransferListenerAdapter - Downloaded https://repo.spring.io/milestone/org/objenesis/objenesis/3.2/objenesis-3.2.pom
2026-06-23 12:57:47,230 [Worker-0: Building] INFO  o.e.m.c.i.e.AbstractTransferListenerAdapter - Downloading https://repo.maven.apache.org/maven2/org/objenesis/objenesis/3.2/objenesis-3.2.pom
2026-06-23 12:57:47,257 [Worker-0: Building] INFO  o.e.m.c.i.e.AbstractTransferListenerAdapter - Downloaded https://repo.maven.apache.org/maven2/org/objenesis/objenesis/3.2/objenesis-3.2.pom
2026-06-23 12:57:47,414 [Worker-0: Building] INFO  o.e.m.c.i.e.AbstractTransferListenerAdapter - Downloaded https://repo.spring.io/milestone/org/objenesis/objenesis-parent/3.2/objenesis-parent-3.2.pom
2026-06-23 12:57:47,466 [Worker-0: Building] INFO  o.e.m.c.i.e.AbstractTransferListenerAdapter - Downloading https://repo.maven.apache.org/maven2/org/objenesis/objenesis-parent/3.2/objenesis-parent-3.2.pom
2026-06-23 12:57:47,497 [Worker-0: Building] INFO  o.e.m.c.i.e.AbstractTransferListenerAdapter - Downloaded https://repo.maven.apache.org/maven2/org/objenesis/objenesis-parent/3.2/objenesis-parent-3.2.pom
2026-06-23 12:57:47,661 [Worker-0: Building] INFO  o.e.m.c.i.e.AbstractTransferListenerAdapter - Downloaded https://repo.spring.io/milestone/org/mockito/mockito-junit-jupiter/4.8.0/mockito-junit-jupiter-4.8.0.pom
2026-06-23 12:57:47,707 [Worker-0: Building] INFO  o.e.m.c.i.e.AbstractTransferListenerAdapter - Downloading https://repo.maven.apache.org/maven2/org/mockito/mockito-junit-jupiter/4.8.0/mockito-junit-jupiter-4.8.0.pom
2026-06-23 12:57:47,737 [Worker-0: Building] INFO  o.e.m.c.i.e.AbstractTransferListenerAdapter - Downloaded https://repo.maven.apache.org/maven2/org/mockito/mockito-junit-jupiter/4.8.0/mockito-junit-jupiter-4.8.0.pom
2026-06-23 12:57:47,893 [Worker-0: Building] INFO  o.e.m.c.i.e.AbstractTransferListenerAdapter - Downloaded https://repo.spring.io/milestone/org/skyscreamer/jsonassert/1.5.1/jsonassert-1.5.1.pom
2026-06-23 12:57:47,960 [Worker-0: Building] INFO  o.e.m.c.i.e.AbstractTransferListenerAdapter - Downloading https://repo.maven.apache.org/maven2/org/skyscreamer/jsonassert/1.5.1/jsonassert-1.5.1.pom
2026-06-23 12:57:47,986 [Worker-0: Building] INFO  o.e.m.c.i.e.AbstractTransferListenerAdapter - Downloaded https://repo.maven.apache.org/maven2/org/skyscreamer/jsonassert/1.5.1/jsonassert-1.5.1.pom
2026-06-23 12:57:48,152 [Worker-0: Building] INFO  o.e.m.c.i.e.AbstractTransferListenerAdapter - Downloading https://repo.spring.io/milestone/org/springframework/spring-test/6.0.0-M6/spring-test-6.0.0-M6.pom
2026-06-23 12:57:48,195 [Worker-0: Building] INFO  o.e.m.c.i.e.AbstractTransferListenerAdapter - Downloaded https://repo.spring.io/milestone/org/springframework/spring-test/6.0.0-M6/spring-test-6.0.0-M6.pom
2026-06-23 12:57:48,349 [Worker-0: Building] INFO  o.e.m.c.i.e.AbstractTransferListenerAdapter - Downloaded https://repo.spring.io/milestone/org/xmlunit/xmlunit-core/2.9.0/xmlunit-core-2.9.0.pom
2026-06-23 12:57:48,402 [Worker-0: Building] INFO  o.e.m.c.i.e.AbstractTransferListenerAdapter - Downloading https://repo.maven.apache.org/maven2/org/xmlunit/xmlunit-core/2.9.0/xmlunit-core-2.9.0.pom
2026-06-23 12:57:48,430 [Worker-0: Building] INFO  o.e.m.c.i.e.AbstractTransferListenerAdapter - Downloaded https://repo.maven.apache.org/maven2/org/xmlunit/xmlunit-core/2.9.0/xmlunit-core-2.9.0.pom
2026-06-23 12:57:48,586 [Worker-0: Building] INFO  o.e.m.c.i.e.AbstractTransferListenerAdapter - Downloaded https://repo.spring.io/milestone/org/xmlunit/xmlunit-parent/2.9.0/xmlunit-parent-2.9.0.pom
2026-06-23 12:57:48,643 [Worker-0: Building] INFO  o.e.m.c.i.e.AbstractTransferListenerAdapter - Downloading https://repo.maven.apache.org/maven2/org/xmlunit/xmlunit-parent/2.9.0/xmlunit-parent-2.9.0.pom
2026-06-23 12:57:48,672 [Worker-0: Building] INFO  o.e.m.c.i.e.AbstractTransferListenerAdapter - Downloaded https://repo.maven.apache.org/maven2/org/xmlunit/xmlunit-parent/2.9.0/xmlunit-parent-2.9.0.pom
2026-06-23 12:57:48,846 [Worker-0: Building] INFO  o.e.m.c.i.e.AbstractTransferListenerAdapter - Downloading https://repo.spring.io/milestone/org/springframework/boot/spring-boot-starter-data-jpa/3.0.0-M5/spring-boot-starter-data-jpa-3.0.0-M5.pom
2026-06-23 12:57:48,891 [Worker-0: Building] INFO  o.e.m.c.i.e.AbstractTransferListenerAdapter - Downloaded https://repo.spring.io/milestone/org/springframework/boot/spring-boot-starter-data-jpa/3.0.0-M5/spring-boot-starter-data-jpa-3.0.0-M5.pom
2026-06-23 12:57:49,051 [Worker-0: Building] INFO  o.e.m.c.i.e.AbstractTransferListenerAdapter - Downloading https://repo.spring.io/milestone/org/springframework/boot/spring-boot-starter-aop/3.0.0-M5/spring-boot-starter-aop-3.0.0-M5.pom
2026-06-23 12:57:49,083 [Worker-0: Building] INFO  o.e.m.c.i.e.AbstractTransferListenerAdapter - Downloaded https://repo.spring.io/milestone/org/springframework/boot/spring-boot-starter-aop/3.0.0-M5/spring-boot-starter-aop-3.0.0-M5.pom
2026-06-23 12:57:49,239 [Worker-0: Building] INFO  o.e.m.c.i.e.AbstractTransferListenerAdapter - Downloaded https://repo.spring.io/milestone/org/aspectj/aspectjweaver/1.9.9.1/aspectjweaver-1.9.9.1.pom
2026-06-23 12:57:49,298 [Worker-0: Building] INFO  o.e.m.c.i.e.AbstractTransferListenerAdapter - Downloading https://repo.maven.apache.org/maven2/org/aspectj/aspectjweaver/1.9.9.1/aspectjweaver-1.9.9.1.pom
2026-06-23 12:57:49,328 [Worker-0: Building] INFO  o.e.m.c.i.e.AbstractTransferListenerAdapter - Downloaded https://repo.maven.apache.org/maven2/org/aspectj/aspectjweaver/1.9.9.1/aspectjweaver-1.9.9.1.pom
2026-06-23 12:57:49,496 [Worker-0: Building] INFO  o.e.m.c.i.e.AbstractTransferListenerAdapter - Downloading https://repo.spring.io/milestone/org/springframework/boot/spring-boot-starter-jdbc/3.0.0-M5/spring-boot-starter-jdbc-3.0.0-M5.pom
2026-06-23 12:57:49,525 [Worker-0: Building] INFO  o.e.m.c.i.e.AbstractTransferListenerAdapter - Downloaded https://repo.spring.io/milestone/org/springframework/boot/spring-boot-starter-jdbc/3.0.0-M5/spring-boot-starter-jdbc-3.0.0-M5.pom
2026-06-23 12:57:49,679 [Worker-0: Building] INFO  o.e.m.c.i.e.AbstractTransferListenerAdapter - Downloaded https://repo.spring.io/milestone/com/zaxxer/HikariCP/5.0.1/HikariCP-5.0.1.pom
2026-06-23 12:57:49,729 [Worker-0: Building] INFO  o.e.m.c.i.e.AbstractTransferListenerAdapter - Downloading https://repo.maven.apache.org/maven2/com/zaxxer/HikariCP/5.0.1/HikariCP-5.0.1.pom
2026-06-23 12:57:49,754 [Worker-0: Building] INFO  o.e.m.c.i.e.AbstractTransferListenerAdapter - Downloaded https://repo.maven.apache.org/maven2/com/zaxxer/HikariCP/5.0.1/HikariCP-5.0.1.pom
2026-06-23 12:57:49,926 [Worker-0: Building] INFO  o.e.m.c.i.e.AbstractTransferListenerAdapter - Downloading https://repo.spring.io/milestone/org/springframework/spring-jdbc/6.0.0-M6/spring-jdbc-6.0.0-M6.pom
2026-06-23 12:57:49,956 [Worker-0: Building] INFO  o.e.m.c.i.e.AbstractTransferListenerAdapter - Downloaded https://repo.spring.io/milestone/org/springframework/spring-jdbc/6.0.0-M6/spring-jdbc-6.0.0-M6.pom
2026-06-23 12:57:50,115 [Worker-0: Building] INFO  o.e.m.c.i.e.AbstractTransferListenerAdapter - Downloading https://repo.spring.io/milestone/org/springframework/spring-tx/6.0.0-M6/spring-tx-6.0.0-M6.pom
2026-06-23 12:57:50,147 [Worker-0: Building] INFO  o.e.m.c.i.e.AbstractTransferListenerAdapter - Downloaded https://repo.spring.io/milestone/org/springframework/spring-tx/6.0.0-M6/spring-tx-6.0.0-M6.pom
2026-06-23 12:57:50,299 [Worker-0: Building] INFO  o.e.m.c.i.e.AbstractTransferListenerAdapter - Downloaded https://repo.spring.io/milestone/org/hibernate/orm/hibernate-core/6.1.3.Final/hibernate-core-6.1.3.Final.pom
2026-06-23 12:57:50,354 [Worker-0: Building] INFO  o.e.m.c.i.e.AbstractTransferListenerAdapter - Downloading https://repo.maven.apache.org/maven2/org/hibernate/orm/hibernate-core/6.1.3.Final/hibernate-core-6.1.3.Final.pom
2026-06-23 12:57:50,380 [Worker-0: Building] INFO  o.e.m.c.i.e.AbstractTransferListenerAdapter - Downloaded https://repo.maven.apache.org/maven2/org/hibernate/orm/hibernate-core/6.1.3.Final/hibernate-core-6.1.3.Final.pom
2026-06-23 12:57:50,534 [Worker-0: Building] INFO  o.e.m.c.i.e.AbstractTransferListenerAdapter - Downloaded https://repo.spring.io/milestone/jakarta/persistence/jakarta.persistence-api/3.0.0/jakarta.persistence-api-3.0.0.pom
2026-06-23 12:57:50,586 [Worker-0: Building] INFO  o.e.m.c.i.e.AbstractTransferListenerAdapter - Downloading https://repo.maven.apache.org/maven2/jakarta/persistence/jakarta.persistence-api/3.0.0/jakarta.persistence-api-3.0.0.pom
2026-06-23 12:57:50,617 [Worker-0: Building] INFO  o.e.m.c.i.e.AbstractTransferListenerAdapter - Downloaded https://repo.maven.apache.org/maven2/jakarta/persistence/jakarta.persistence-api/3.0.0/jakarta.persistence-api-3.0.0.pom
2026-06-23 12:57:50,789 [Worker-0: Building] INFO  o.e.m.c.i.e.AbstractTransferListenerAdapter - Downloaded https://repo.spring.io/milestone/org/jboss/logging/jboss-logging/3.5.0.Final/jboss-logging-3.5.0.Final.pom
2026-06-23 12:57:50,842 [Worker-0: Building] INFO  o.e.m.c.i.e.AbstractTransferListenerAdapter - Downloading https://repo.maven.apache.org/maven2/org/jboss/logging/jboss-logging/3.5.0.Final/jboss-logging-3.5.0.Final.pom
2026-06-23 12:57:50,870 [Worker-0: Building] INFO  o.e.m.c.i.e.AbstractTransferListenerAdapter - Downloaded https://repo.maven.apache.org/maven2/org/jboss/logging/jboss-logging/3.5.0.Final/jboss-logging-3.5.0.Final.pom
2026-06-23 12:57:51,031 [Worker-0: Building] INFO  o.e.m.c.i.e.AbstractTransferListenerAdapter - Downloaded https://repo.spring.io/milestone/org/jboss/jboss-parent/39/jboss-parent-39.pom
2026-06-23 12:57:51,091 [Worker-0: Building] INFO  o.e.m.c.i.e.AbstractTransferListenerAdapter - Downloading https://repo.maven.apache.org/maven2/org/jboss/jboss-parent/39/jboss-parent-39.pom
2026-06-23 12:57:51,128 [Worker-0: Building] INFO  o.e.m.c.i.e.AbstractTransferListenerAdapter - Downloaded https://repo.maven.apache.org/maven2/org/jboss/jboss-parent/39/jboss-parent-39.pom
2026-06-23 12:57:51,296 [Worker-0: Building] INFO  o.e.m.c.i.e.AbstractTransferListenerAdapter - Downloaded https://repo.spring.io/milestone/org/hibernate/common/hibernate-commons-annotations/6.0.2.Final/hibernate-commons-annotations-6.0.2.Final.pom
2026-06-23 12:57:51,376 [Worker-0: Building] INFO  o.e.m.c.i.e.AbstractTransferListenerAdapter - Downloading https://repo.maven.apache.org/maven2/org/hibernate/common/hibernate-commons-annotations/6.0.2.Final/hibernate-commons-annotations-6.0.2.Final.pom
2026-06-23 12:57:51,406 [Worker-0: Building] INFO  o.e.m.c.i.e.AbstractTransferListenerAdapter - Downloaded https://repo.maven.apache.org/maven2/org/hibernate/common/hibernate-commons-annotations/6.0.2.Final/hibernate-commons-annotations-6.0.2.Final.pom
2026-06-23 12:57:51,559 [Worker-0: Building] INFO  o.e.m.c.i.e.AbstractTransferListenerAdapter - Downloaded https://repo.spring.io/milestone/org/jboss/jandex/2.4.2.Final/jandex-2.4.2.Final.pom
2026-06-23 12:57:51,620 [Worker-0: Building] INFO  o.e.m.c.i.e.AbstractTransferListenerAdapter - Downloading https://repo.maven.apache.org/maven2/org/jboss/jandex/2.4.2.Final/jandex-2.4.2.Final.pom
2026-06-23 12:57:51,647 [Worker-0: Building] INFO  o.e.m.c.i.e.AbstractTransferListenerAdapter - Downloaded https://repo.maven.apache.org/maven2/org/jboss/jandex/2.4.2.Final/jandex-2.4.2.Final.pom
2026-06-23 12:57:51,881 [Worker-0: Building] INFO  o.e.m.c.i.e.AbstractTransferListenerAdapter - Downloaded https://repo.spring.io/milestone/org/glassfish/jaxb/jaxb-runtime/3.0.2/jaxb-runtime-3.0.2.pom
2026-06-23 12:57:51,971 [Worker-0: Building] INFO  o.e.m.c.i.e.AbstractTransferListenerAdapter - Downloading https://repo.maven.apache.org/maven2/org/glassfish/jaxb/jaxb-runtime/3.0.2/jaxb-runtime-3.0.2.pom
2026-06-23 12:57:51,996 [Worker-0: Building] INFO  o.e.m.c.i.e.AbstractTransferListenerAdapter - Downloaded https://repo.maven.apache.org/maven2/org/glassfish/jaxb/jaxb-runtime/3.0.2/jaxb-runtime-3.0.2.pom
2026-06-23 12:57:52,151 [Worker-0: Building] INFO  o.e.m.c.i.e.AbstractTransferListenerAdapter - Downloaded https://repo.spring.io/milestone/com/sun/xml/bind/mvn/jaxb-runtime-parent/3.0.2/jaxb-runtime-parent-3.0.2.pom
2026-06-23 12:57:52,208 [Worker-0: Building] INFO  o.e.m.c.i.e.AbstractTransferListenerAdapter - Downloading https://repo.maven.apache.org/maven2/com/sun/xml/bind/mvn/jaxb-runtime-parent/3.0.2/jaxb-runtime-parent-3.0.2.pom
2026-06-23 12:57:52,233 [Worker-0: Building] INFO  o.e.m.c.i.e.AbstractTransferListenerAdapter - Downloaded https://repo.maven.apache.org/maven2/com/sun/xml/bind/mvn/jaxb-runtime-parent/3.0.2/jaxb-runtime-parent-3.0.2.pom
2026-06-23 12:57:52,387 [Worker-0: Building] INFO  o.e.m.c.i.e.AbstractTransferListenerAdapter - Downloaded https://repo.spring.io/milestone/com/sun/xml/bind/mvn/jaxb-parent/3.0.2/jaxb-parent-3.0.2.pom
2026-06-23 12:57:52,440 [Worker-0: Building] INFO  o.e.m.c.i.e.AbstractTransferListenerAdapter - Downloading https://repo.maven.apache.org/maven2/com/sun/xml/bind/mvn/jaxb-parent/3.0.2/jaxb-parent-3.0.2.pom
2026-06-23 12:57:52,476 [Worker-0: Building] INFO  o.e.m.c.i.e.AbstractTransferListenerAdapter - Downloaded https://repo.maven.apache.org/maven2/com/sun/xml/bind/mvn/jaxb-parent/3.0.2/jaxb-parent-3.0.2.pom
2026-06-23 12:57:52,638 [Worker-0: Building] INFO  o.e.m.c.i.e.AbstractTransferListenerAdapter - Downloaded https://repo.spring.io/milestone/com/sun/xml/bind/jaxb-bom-ext/3.0.2/jaxb-bom-ext-3.0.2.pom
2026-06-23 12:57:52,692 [Worker-0: Building] INFO  o.e.m.c.i.e.AbstractTransferListenerAdapter - Downloading https://repo.maven.apache.org/maven2/com/sun/xml/bind/jaxb-bom-ext/3.0.2/jaxb-bom-ext-3.0.2.pom
2026-06-23 12:57:52,717 [Worker-0: Building] INFO  o.e.m.c.i.e.AbstractTransferListenerAdapter - Downloaded https://repo.maven.apache.org/maven2/com/sun/xml/bind/jaxb-bom-ext/3.0.2/jaxb-bom-ext-3.0.2.pom
2026-06-23 12:57:52,870 [Worker-0: Building] INFO  o.e.m.c.i.e.AbstractTransferListenerAdapter - Downloaded https://repo.spring.io/milestone/org/glassfish/jaxb/jaxb-bom/3.0.2/jaxb-bom-3.0.2.pom
2026-06-23 12:57:52,917 [Worker-0: Building] INFO  o.e.m.c.i.e.AbstractTransferListenerAdapter - Downloading https://repo.maven.apache.org/maven2/org/glassfish/jaxb/jaxb-bom/3.0.2/jaxb-bom-3.0.2.pom
2026-06-23 12:57:52,951 [Worker-0: Building] INFO  o.e.m.c.i.e.AbstractTransferListenerAdapter - Downloaded https://repo.maven.apache.org/maven2/org/glassfish/jaxb/jaxb-bom/3.0.2/jaxb-bom-3.0.2.pom
2026-06-23 12:57:53,115 [Worker-0: Building] INFO  o.e.m.c.i.e.AbstractTransferListenerAdapter - Downloaded https://repo.spring.io/milestone/org/glassfish/jaxb/jaxb-core/3.0.2/jaxb-core-3.0.2.pom
2026-06-23 12:57:53,192 [Worker-0: Building] INFO  o.e.m.c.i.e.AbstractTransferListenerAdapter - Downloading https://repo.maven.apache.org/maven2/org/glassfish/jaxb/jaxb-core/3.0.2/jaxb-core-3.0.2.pom
2026-06-23 12:57:53,215 [Worker-0: Building] INFO  o.e.m.c.i.e.AbstractTransferListenerAdapter - Downloaded https://repo.maven.apache.org/maven2/org/glassfish/jaxb/jaxb-core/3.0.2/jaxb-core-3.0.2.pom
2026-06-23 12:57:53,371 [Worker-0: Building] INFO  o.e.m.c.i.e.AbstractTransferListenerAdapter - Downloaded https://repo.spring.io/milestone/org/glassfish/jaxb/txw2/3.0.2/txw2-3.0.2.pom
2026-06-23 12:57:53,427 [Worker-0: Building] INFO  o.e.m.c.i.e.AbstractTransferListenerAdapter - Downloading https://repo.maven.apache.org/maven2/org/glassfish/jaxb/txw2/3.0.2/txw2-3.0.2.pom
2026-06-23 12:57:53,452 [Worker-0: Building] INFO  o.e.m.c.i.e.AbstractTransferListenerAdapter - Downloaded https://repo.maven.apache.org/maven2/org/glassfish/jaxb/txw2/3.0.2/txw2-3.0.2.pom
2026-06-23 12:57:53,606 [Worker-0: Building] INFO  o.e.m.c.i.e.AbstractTransferListenerAdapter - Downloaded https://repo.spring.io/milestone/com/sun/xml/bind/mvn/jaxb-txw-parent/3.0.2/jaxb-txw-parent-3.0.2.pom
2026-06-23 12:57:53,674 [Worker-0: Building] INFO  o.e.m.c.i.e.AbstractTransferListenerAdapter - Downloading https://repo.maven.apache.org/maven2/com/sun/xml/bind/mvn/jaxb-txw-parent/3.0.2/jaxb-txw-parent-3.0.2.pom
2026-06-23 12:57:53,701 [Worker-0: Building] INFO  o.e.m.c.i.e.AbstractTransferListenerAdapter - Downloaded https://repo.maven.apache.org/maven2/com/sun/xml/bind/mvn/jaxb-txw-parent/3.0.2/jaxb-txw-parent-3.0.2.pom
2026-06-23 12:57:53,857 [Worker-0: Building] INFO  o.e.m.c.i.e.AbstractTransferListenerAdapter - Downloaded https://repo.spring.io/milestone/com/sun/istack/istack-commons-runtime/4.0.1/istack-commons-runtime-4.0.1.pom
2026-06-23 12:57:53,917 [Worker-0: Building] INFO  o.e.m.c.i.e.AbstractTransferListenerAdapter - Downloading https://repo.maven.apache.org/maven2/com/sun/istack/istack-commons-runtime/4.0.1/istack-commons-runtime-4.0.1.pom
2026-06-23 12:57:53,956 [Worker-0: Building] INFO  o.e.m.c.i.e.AbstractTransferListenerAdapter - Downloaded https://repo.maven.apache.org/maven2/com/sun/istack/istack-commons-runtime/4.0.1/istack-commons-runtime-4.0.1.pom
2026-06-23 12:57:54,108 [Worker-0: Building] INFO  o.e.m.c.i.e.AbstractTransferListenerAdapter - Downloaded https://repo.spring.io/milestone/com/sun/istack/istack-commons/4.0.1/istack-commons-4.0.1.pom
2026-06-23 12:57:54,161 [Worker-0: Building] INFO  o.e.m.c.i.e.AbstractTransferListenerAdapter - Downloading https://repo.maven.apache.org/maven2/com/sun/istack/istack-commons/4.0.1/istack-commons-4.0.1.pom
2026-06-23 12:57:54,190 [Worker-0: Building] INFO  o.e.m.c.i.e.AbstractTransferListenerAdapter - Downloaded https://repo.maven.apache.org/maven2/com/sun/istack/istack-commons/4.0.1/istack-commons-4.0.1.pom
2026-06-23 12:57:54,352 [Worker-0: Building] INFO  o.e.m.c.i.e.AbstractTransferListenerAdapter - Downloaded https://repo.spring.io/milestone/jakarta/inject/jakarta.inject-api/2.0.0/jakarta.inject-api-2.0.0.pom
2026-06-23 12:57:54,402 [Worker-0: Building] INFO  o.e.m.c.i.e.AbstractTransferListenerAdapter - Downloading https://repo.maven.apache.org/maven2/jakarta/inject/jakarta.inject-api/2.0.0/jakarta.inject-api-2.0.0.pom
2026-06-23 12:57:54,431 [Worker-0: Building] INFO  o.e.m.c.i.e.AbstractTransferListenerAdapter - Downloaded https://repo.maven.apache.org/maven2/jakarta/inject/jakarta.inject-api/2.0.0/jakarta.inject-api-2.0.0.pom
2026-06-23 12:57:54,590 [Worker-0: Building] INFO  o.e.m.c.i.e.AbstractTransferListenerAdapter - Downloaded https://repo.spring.io/milestone/org/antlr/antlr4-runtime/4.10/antlr4-runtime-4.10.pom
2026-06-23 12:57:54,652 [Worker-0: Building] INFO  o.e.m.c.i.e.AbstractTransferListenerAdapter - Downloading https://repo.maven.apache.org/maven2/org/antlr/antlr4-runtime/4.10/antlr4-runtime-4.10.pom
2026-06-23 12:57:54,685 [Worker-0: Building] INFO  o.e.m.c.i.e.AbstractTransferListenerAdapter - Downloaded https://repo.maven.apache.org/maven2/org/antlr/antlr4-runtime/4.10/antlr4-runtime-4.10.pom
2026-06-23 12:57:54,839 [Worker-0: Building] INFO  o.e.m.c.i.e.AbstractTransferListenerAdapter - Downloaded https://repo.spring.io/milestone/org/antlr/antlr4-master/4.10/antlr4-master-4.10.pom
2026-06-23 12:57:54,890 [Worker-0: Building] INFO  o.e.m.c.i.e.AbstractTransferListenerAdapter - Downloading https://repo.maven.apache.org/maven2/org/antlr/antlr4-master/4.10/antlr4-master-4.10.pom
2026-06-23 12:57:54,919 [Worker-0: Building] INFO  o.e.m.c.i.e.AbstractTransferListenerAdapter - Downloaded https://repo.maven.apache.org/maven2/org/antlr/antlr4-master/4.10/antlr4-master-4.10.pom
2026-06-23 12:57:55,081 [Worker-0: Building] INFO  o.e.m.c.i.e.AbstractTransferListenerAdapter - Downloading https://repo.spring.io/milestone/org/springframework/data/spring-data-jpa/3.0.0-M6/spring-data-jpa-3.0.0-M6.pom
2026-06-23 12:57:55,249 [Worker-0: Building] INFO  o.e.m.c.i.e.AbstractTransferListenerAdapter - Downloaded https://repo.spring.io/milestone/org/springframework/data/spring-data-jpa/3.0.0-M6/spring-data-jpa-3.0.0-M6.pom
2026-06-23 12:57:55,416 [Worker-0: Building] INFO  o.e.m.c.i.e.AbstractTransferListenerAdapter - Downloading https://repo.spring.io/milestone/org/springframework/data/spring-data-jpa-parent/3.0.0-M6/spring-data-jpa-parent-3.0.0-M6.pom
2026-06-23 12:57:55,454 [Worker-0: Building] INFO  o.e.m.c.i.e.AbstractTransferListenerAdapter - Downloaded https://repo.spring.io/milestone/org/springframework/data/spring-data-jpa-parent/3.0.0-M6/spring-data-jpa-parent-3.0.0-M6.pom
2026-06-23 12:57:55,613 [Worker-0: Building] INFO  o.e.m.c.i.e.AbstractTransferListenerAdapter - Downloading https://repo.spring.io/milestone/org/springframework/data/build/spring-data-parent/3.0.0-M6/spring-data-parent-3.0.0-M6.pom
2026-06-23 12:57:55,781 [Worker-0: Building] INFO  o.e.m.c.i.e.AbstractTransferListenerAdapter - Downloaded https://repo.spring.io/milestone/org/springframework/data/build/spring-data-parent/3.0.0-M6/spring-data-parent-3.0.0-M6.pom
2026-06-23 12:57:55,947 [Worker-0: Building] INFO  o.e.m.c.i.e.AbstractTransferListenerAdapter - Downloading https://repo.spring.io/milestone/org/springframework/data/build/spring-data-build/3.0.0-M6/spring-data-build-3.0.0-M6.pom
2026-06-23 12:57:55,974 [Worker-0: Building] INFO  o.e.m.c.i.e.AbstractTransferListenerAdapter - Downloaded https://repo.spring.io/milestone/org/springframework/data/build/spring-data-build/3.0.0-M6/spring-data-build-3.0.0-M6.pom
2026-06-23 12:57:56,131 [Worker-0: Building] INFO  o.e.m.c.i.e.AbstractTransferListenerAdapter - Downloaded https://repo.spring.io/milestone/org/testcontainers/testcontainers-bom/1.17.3/testcontainers-bom-1.17.3.pom
2026-06-23 12:57:56,205 [Worker-0: Building] INFO  o.e.m.c.i.e.AbstractTransferListenerAdapter - Downloading https://repo.maven.apache.org/maven2/org/testcontainers/testcontainers-bom/1.17.3/testcontainers-bom-1.17.3.pom
2026-06-23 12:57:56,230 [Worker-0: Building] INFO  o.e.m.c.i.e.AbstractTransferListenerAdapter - Downloaded https://repo.maven.apache.org/maven2/org/testcontainers/testcontainers-bom/1.17.3/testcontainers-bom-1.17.3.pom
2026-06-23 12:57:56,422 [Worker-0: Building] INFO  o.e.m.c.i.e.AbstractTransferListenerAdapter - Downloading https://repo.spring.io/milestone/io/micrometer/micrometer-docs-generator-bom/1.0.0-M7/micrometer-docs-generator-bom-1.0.0-M7.pom
2026-06-23 12:57:56,458 [Worker-0: Building] INFO  o.e.m.c.i.e.AbstractTransferListenerAdapter - Downloaded https://repo.spring.io/milestone/io/micrometer/micrometer-docs-generator-bom/1.0.0-M7/micrometer-docs-generator-bom-1.0.0-M7.pom
2026-06-23 12:57:56,614 [Worker-0: Building] INFO  o.e.m.c.i.e.AbstractTransferListenerAdapter - Downloaded https://repo.spring.io/milestone/org/jetbrains/kotlin/kotlin-bom/1.7.20-RC/kotlin-bom-1.7.20-RC.pom
2026-06-23 12:57:56,682 [Worker-0: Building] INFO  o.e.m.c.i.e.AbstractTransferListenerAdapter - Downloading https://repo.maven.apache.org/maven2/org/jetbrains/kotlin/kotlin-bom/1.7.20-RC/kotlin-bom-1.7.20-RC.pom
2026-06-23 12:57:56,708 [Worker-0: Building] INFO  o.e.m.c.i.e.AbstractTransferListenerAdapter - Downloaded https://repo.maven.apache.org/maven2/org/jetbrains/kotlin/kotlin-bom/1.7.20-RC/kotlin-bom-1.7.20-RC.pom
2026-06-23 12:57:56,874 [Worker-0: Building] INFO  o.e.m.c.i.e.AbstractTransferListenerAdapter - Downloaded https://repo.spring.io/milestone/org/junit/junit-bom/5.9.0/junit-bom-5.9.0.pom
2026-06-23 12:57:56,921 [Worker-0: Building] INFO  o.e.m.c.i.e.AbstractTransferListenerAdapter - Downloading https://repo.maven.apache.org/maven2/org/junit/junit-bom/5.9.0/junit-bom-5.9.0.pom
2026-06-23 12:57:56,948 [Worker-0: Building] INFO  o.e.m.c.i.e.AbstractTransferListenerAdapter - Downloaded https://repo.maven.apache.org/maven2/org/junit/junit-bom/5.9.0/junit-bom-5.9.0.pom
2026-06-23 12:57:57,107 [Worker-0: Building] INFO  o.e.m.c.i.e.AbstractTransferListenerAdapter - Downloading https://repo.spring.io/milestone/org/springframework/data/spring-data-commons/3.0.0-M6/spring-data-commons-3.0.0-M6.pom
2026-06-23 12:57:57,133 [Worker-0: Building] INFO  o.e.m.c.i.e.AbstractTransferListenerAdapter - Downloaded https://repo.spring.io/milestone/org/springframework/data/spring-data-commons/3.0.0-M6/spring-data-commons-3.0.0-M6.pom
2026-06-23 12:57:57,297 [Worker-0: Building] INFO  o.e.m.c.i.e.AbstractTransferListenerAdapter - Downloading https://repo.spring.io/milestone/org/springframework/spring-orm/6.0.0-M6/spring-orm-6.0.0-M6.pom
2026-06-23 12:57:57,330 [Worker-0: Building] INFO  o.e.m.c.i.e.AbstractTransferListenerAdapter - Downloaded https://repo.spring.io/milestone/org/springframework/spring-orm/6.0.0-M6/spring-orm-6.0.0-M6.pom
2026-06-23 12:57:57,489 [Worker-0: Building] INFO  o.e.m.c.i.e.AbstractTransferListenerAdapter - Downloading https://repo.spring.io/milestone/org/springframework/spring-aspects/6.0.0-M6/spring-aspects-6.0.0-M6.pom
2026-06-23 12:57:57,524 [Worker-0: Building] INFO  o.e.m.c.i.e.AbstractTransferListenerAdapter - Downloaded https://repo.spring.io/milestone/org/springframework/spring-aspects/6.0.0-M6/spring-aspects-6.0.0-M6.pom
2026-06-23 12:57:57,676 [Worker-0: Building] INFO  o.e.m.c.i.e.AbstractTransferListenerAdapter - Downloaded https://repo.spring.io/milestone/com/h2database/h2/2.1.214/h2-2.1.214.pom
2026-06-23 12:57:57,737 [Worker-0: Building] INFO  o.e.m.c.i.e.AbstractTransferListenerAdapter - Downloading https://repo.maven.apache.org/maven2/com/h2database/h2/2.1.214/h2-2.1.214.pom
2026-06-23 12:57:57,762 [Worker-0: Building] INFO  o.e.m.c.i.e.AbstractTransferListenerAdapter - Downloaded https://repo.maven.apache.org/maven2/com/h2database/h2/2.1.214/h2-2.1.214.pom
2026-06-23 12:57:57,989 [Worker-0: Building] INFO  o.e.m.c.i.e.AbstractTransferListenerAdapter - Downloading https://repo.spring.io/milestone/org/springframework/boot/spring-boot-starter-web/3.0.0-M5/spring-boot-starter-web-3.0.0-M5.jar
2026-06-23 12:57:58,047 [Worker-0: Building] INFO  o.e.m.c.i.e.AbstractTransferListenerAdapter - Downloaded https://repo.spring.io/milestone/org/springframework/boot/spring-boot-starter-web/3.0.0-M5/spring-boot-starter-web-3.0.0-M5.jar
2026-06-23 12:57:58,495 [BasicRepositoryConnector-repo.spring.io-0-4] INFO  o.e.m.c.i.e.AbstractTransferListenerAdapter - Downloaded https://repo.spring.io/milestone/ch/qos/logback/logback-classic/1.2.11/logback-classic-1.2.11.jar
2026-06-23 12:57:58,644 [BasicRepositoryConnector-repo.spring.io-0-4] INFO  o.e.m.c.i.e.AbstractTransferListenerAdapter - Downloaded https://repo.spring.io/milestone/ch/qos/logback/logback-core/1.2.11/logback-core-1.2.11.jar
2026-06-23 12:57:58,644 [BasicRepositoryConnector-repo.spring.io-0-3] INFO  o.e.m.c.i.e.AbstractTransferListenerAdapter - Downloading https://repo.spring.io/milestone/org/springframework/boot/spring-boot-starter-logging/3.0.0-M5/spring-boot-starter-logging-3.0.0-M5.jar
2026-06-23 12:57:58,647 [BasicRepositoryConnector-repo.spring.io-0-0] INFO  o.e.m.c.i.e.AbstractTransferListenerAdapter - Downloading https://repo.spring.io/milestone/org/springframework/boot/spring-boot-starter/3.0.0-M5/spring-boot-starter-3.0.0-M5.jar
2026-06-23 12:57:58,691 [BasicRepositoryConnector-repo.spring.io-0-3] INFO  o.e.m.c.i.e.AbstractTransferListenerAdapter - Downloaded https://repo.spring.io/milestone/org/springframework/boot/spring-boot-starter-logging/3.0.0-M5/spring-boot-starter-logging-3.0.0-M5.jar
2026-06-23 12:57:58,691 [BasicRepositoryConnector-repo.spring.io-0-0] INFO  o.e.m.c.i.e.AbstractTransferListenerAdapter - Downloaded https://repo.spring.io/milestone/org/springframework/boot/spring-boot-starter/3.0.0-M5/spring-boot-starter-3.0.0-M5.jar
2026-06-23 12:57:58,788 [BasicRepositoryConnector-repo.spring.io-0-1] INFO  o.e.m.c.i.e.AbstractTransferListenerAdapter - Downloading https://repo.spring.io/milestone/org/springframework/boot/spring-boot/3.0.0-M5/spring-boot-3.0.0-M5.jar
2026-06-23 12:57:58,794 [BasicRepositoryConnector-repo.spring.io-0-4] INFO  o.e.m.c.i.e.AbstractTransferListenerAdapter - Downloaded https://repo.spring.io/milestone/org/apache/logging/log4j/log4j-to-slf4j/2.18.0/log4j-to-slf4j-2.18.0.jar
2026-06-23 12:57:58,837 [BasicRepositoryConnector-repo.spring.io-0-3] INFO  o.e.m.c.i.e.AbstractTransferListenerAdapter - Downloaded https://repo.spring.io/milestone/org/apache/logging/log4j/log4j-api/2.18.0/log4j-api-2.18.0.jar
2026-06-23 12:57:58,837 [BasicRepositoryConnector-repo.spring.io-0-0] INFO  o.e.m.c.i.e.AbstractTransferListenerAdapter - Downloaded https://repo.spring.io/milestone/org/slf4j/jul-to-slf4j/1.7.36/jul-to-slf4j-1.7.36.jar
2026-06-23 12:57:58,941 [BasicRepositoryConnector-repo.spring.io-0-4] INFO  o.e.m.c.i.e.AbstractTransferListenerAdapter - Downloaded https://repo.spring.io/milestone/jakarta/annotation/jakarta.annotation-api/2.0.0/jakarta.annotation-api-2.0.0.jar
2026-06-23 12:57:58,985 [BasicRepositoryConnector-repo.spring.io-0-0] INFO  o.e.m.c.i.e.AbstractTransferListenerAdapter - Downloading https://repo.spring.io/milestone/org/springframework/boot/spring-boot-starter-json/3.0.0-M5/spring-boot-starter-json-3.0.0-M5.jar
2026-06-23 12:57:58,986 [BasicRepositoryConnector-repo.spring.io-0-3] INFO  o.e.m.c.i.e.AbstractTransferListenerAdapter - Downloaded https://repo.spring.io/milestone/org/yaml/snakeyaml/1.32/snakeyaml-1.32.jar
2026-06-23 12:57:59,030 [BasicRepositoryConnector-repo.spring.io-0-0] INFO  o.e.m.c.i.e.AbstractTransferListenerAdapter - Downloaded https://repo.spring.io/milestone/org/springframework/boot/spring-boot-starter-json/3.0.0-M5/spring-boot-starter-json-3.0.0-M5.jar
2026-06-23 12:57:59,087 [BasicRepositoryConnector-repo.spring.io-0-4] INFO  o.e.m.c.i.e.AbstractTransferListenerAdapter - Downloaded https://repo.spring.io/milestone/com/fasterxml/jackson/core/jackson-databind/2.13.4/jackson-databind-2.13.4.jar
2026-06-23 12:57:59,132 [BasicRepositoryConnector-repo.spring.io-0-3] INFO  o.e.m.c.i.e.AbstractTransferListenerAdapter - Downloaded https://repo.spring.io/milestone/com/fasterxml/jackson/core/jackson-annotations/2.13.4/jackson-annotations-2.13.4.jar
2026-06-23 12:57:59,175 [BasicRepositoryConnector-repo.spring.io-0-0] INFO  o.e.m.c.i.e.AbstractTransferListenerAdapter - Downloaded https://repo.spring.io/milestone/com/fasterxml/jackson/core/jackson-core/2.13.4/jackson-core-2.13.4.jar
2026-06-23 12:57:59,232 [BasicRepositoryConnector-repo.spring.io-0-4] INFO  o.e.m.c.i.e.AbstractTransferListenerAdapter - Downloaded https://repo.spring.io/milestone/com/fasterxml/jackson/datatype/jackson-datatype-jdk8/2.13.4/jackson-datatype-jdk8-2.13.4.jar
2026-06-23 12:57:59,256 [BasicRepositoryConnector-repo.spring.io-0-2] INFO  o.e.m.c.i.e.AbstractTransferListenerAdapter - Downloading https://repo.spring.io/milestone/org/springframework/boot/spring-boot-autoconfigure/3.0.0-M5/spring-boot-autoconfigure-3.0.0-M5.jar
2026-06-23 12:57:59,282 [BasicRepositoryConnector-repo.spring.io-0-3] INFO  o.e.m.c.i.e.AbstractTransferListenerAdapter - Downloaded https://repo.spring.io/milestone/com/fasterxml/jackson/datatype/jackson-datatype-jsr310/2.13.4/jackson-datatype-jsr310-2.13.4.jar
2026-06-23 12:57:59,322 [BasicRepositoryConnector-repo.spring.io-0-0] INFO  o.e.m.c.i.e.AbstractTransferListenerAdapter - Downloaded https://repo.spring.io/milestone/com/fasterxml/jackson/module/jackson-module-parameter-names/2.13.4/jackson-module-parameter-names-2.13.4.jar
2026-06-23 12:57:59,380 [BasicRepositoryConnector-repo.spring.io-0-4] INFO  o.e.m.c.i.e.AbstractTransferListenerAdapter - Downloading https://repo.spring.io/milestone/org/springframework/boot/spring-boot-starter-tomcat/3.0.0-M5/spring-boot-starter-tomcat-3.0.0-M5.jar
2026-06-23 12:57:59,424 [BasicRepositoryConnector-repo.spring.io-0-4] INFO  o.e.m.c.i.e.AbstractTransferListenerAdapter - Downloaded https://repo.spring.io/milestone/org/springframework/boot/spring-boot-starter-tomcat/3.0.0-M5/spring-boot-starter-tomcat-3.0.0-M5.jar
2026-06-23 12:57:59,428 [BasicRepositoryConnector-repo.spring.io-0-3] INFO  o.e.m.c.i.e.AbstractTransferListenerAdapter - Downloaded https://repo.spring.io/milestone/org/apache/tomcat/embed/tomcat-embed-core/10.0.23/tomcat-embed-core-10.0.23.jar
2026-06-23 12:57:59,468 [BasicRepositoryConnector-repo.spring.io-0-0] INFO  o.e.m.c.i.e.AbstractTransferListenerAdapter - Downloaded https://repo.spring.io/milestone/org/apache/tomcat/embed/tomcat-embed-el/10.0.23/tomcat-embed-el-10.0.23.jar
2026-06-23 12:57:59,573 [BasicRepositoryConnector-repo.spring.io-0-4] INFO  o.e.m.c.i.e.AbstractTransferListenerAdapter - Downloaded https://repo.spring.io/milestone/org/apache/tomcat/embed/tomcat-embed-websocket/10.0.23/tomcat-embed-websocket-10.0.23.jar
2026-06-23 12:57:59,723 [BasicRepositoryConnector-repo.spring.io-0-4] INFO  o.e.m.c.i.e.AbstractTransferListenerAdapter - Downloading https://repo.spring.io/milestone/io/micrometer/micrometer-observation/1.10.0-M6/micrometer-observation-1.10.0-M6.jar
2026-06-23 12:57:59,832 [BasicRepositoryConnector-repo.spring.io-0-1] INFO  o.e.m.c.i.e.AbstractTransferListenerAdapter - Downloaded https://repo.spring.io/milestone/org/springframework/boot/spring-boot/3.0.0-M5/spring-boot-3.0.0-M5.jar
2026-06-23 12:57:59,886 [BasicRepositoryConnector-repo.spring.io-0-4] INFO  o.e.m.c.i.e.AbstractTransferListenerAdapter - Downloaded https://repo.spring.io/milestone/io/micrometer/micrometer-observation/1.10.0-M6/micrometer-observation-1.10.0-M6.jar
2026-06-23 12:57:59,983 [BasicRepositoryConnector-repo.spring.io-0-1] INFO  o.e.m.c.i.e.AbstractTransferListenerAdapter - Downloading https://repo.spring.io/milestone/io/micrometer/micrometer-commons/1.10.0-M6/micrometer-commons-1.10.0-M6.jar
2026-06-23 12:58:00,175 [BasicRepositoryConnector-repo.spring.io-0-3] INFO  o.e.m.c.i.e.AbstractTransferListenerAdapter - Downloading https://repo.spring.io/milestone/org/springframework/spring-web/6.0.0-M6/spring-web-6.0.0-M6.jar
2026-06-23 12:58:00,344 [BasicRepositoryConnector-repo.spring.io-0-0] INFO  o.e.m.c.i.e.AbstractTransferListenerAdapter - Downloading https://repo.spring.io/milestone/org/springframework/spring-beans/6.0.0-M6/spring-beans-6.0.0-M6.jar
2026-06-23 12:58:00,373 [BasicRepositoryConnector-repo.spring.io-0-4] INFO  o.e.m.c.i.e.AbstractTransferListenerAdapter - Downloading https://repo.spring.io/milestone/org/springframework/spring-webmvc/6.0.0-M6/spring-webmvc-6.0.0-M6.jar
2026-06-23 12:58:00,411 [BasicRepositoryConnector-repo.spring.io-0-2] INFO  o.e.m.c.i.e.AbstractTransferListenerAdapter - Downloaded https://repo.spring.io/milestone/org/springframework/boot/spring-boot-autoconfigure/3.0.0-M5/spring-boot-autoconfigure-3.0.0-M5.jar
2026-06-23 12:58:00,568 [BasicRepositoryConnector-repo.spring.io-0-4] INFO  o.e.m.c.i.e.AbstractTransferListenerAdapter - Downloaded https://repo.spring.io/milestone/org/springframework/spring-webmvc/6.0.0-M6/spring-webmvc-6.0.0-M6.jar
2026-06-23 12:58:00,576 [BasicRepositoryConnector-repo.spring.io-0-1] INFO  o.e.m.c.i.e.AbstractTransferListenerAdapter - Downloaded https://repo.spring.io/milestone/io/micrometer/micrometer-commons/1.10.0-M6/micrometer-commons-1.10.0-M6.jar
2026-06-23 12:58:00,910 [BasicRepositoryConnector-repo.spring.io-0-2] INFO  o.e.m.c.i.e.AbstractTransferListenerAdapter - Downloading https://repo.spring.io/milestone/org/springframework/spring-aop/6.0.0-M6/spring-aop-6.0.0-M6.jar
2026-06-23 12:58:01,005 [BasicRepositoryConnector-repo.spring.io-0-4] INFO  o.e.m.c.i.e.AbstractTransferListenerAdapter - Downloading https://repo.spring.io/milestone/org/springframework/spring-context/6.0.0-M6/spring-context-6.0.0-M6.jar
2026-06-23 12:58:01,095 [BasicRepositoryConnector-repo.spring.io-0-2] INFO  o.e.m.c.i.e.AbstractTransferListenerAdapter - Downloaded https://repo.spring.io/milestone/org/springframework/spring-aop/6.0.0-M6/spring-aop-6.0.0-M6.jar
2026-06-23 12:58:01,203 [BasicRepositoryConnector-repo.spring.io-0-3] INFO  o.e.m.c.i.e.AbstractTransferListenerAdapter - Downloaded https://repo.spring.io/milestone/org/springframework/spring-web/6.0.0-M6/spring-web-6.0.0-M6.jar
2026-06-23 12:58:01,220 [BasicRepositoryConnector-repo.spring.io-0-4] INFO  o.e.m.c.i.e.AbstractTransferListenerAdapter - Downloaded https://repo.spring.io/milestone/org/springframework/spring-context/6.0.0-M6/spring-context-6.0.0-M6.jar
2026-06-23 12:58:01,241 [BasicRepositoryConnector-repo.spring.io-0-0] INFO  o.e.m.c.i.e.AbstractTransferListenerAdapter - Downloaded https://repo.spring.io/milestone/org/springframework/spring-beans/6.0.0-M6/spring-beans-6.0.0-M6.jar
2026-06-23 12:58:01,257 [BasicRepositoryConnector-repo.spring.io-0-2] INFO  o.e.m.c.i.e.AbstractTransferListenerAdapter - Downloading https://repo.spring.io/milestone/org/springframework/boot/spring-boot-starter-test/3.0.0-M5/spring-boot-starter-test-3.0.0-M5.jar
2026-06-23 12:58:01,303 [BasicRepositoryConnector-repo.spring.io-0-2] INFO  o.e.m.c.i.e.AbstractTransferListenerAdapter - Downloaded https://repo.spring.io/milestone/org/springframework/boot/spring-boot-starter-test/3.0.0-M5/spring-boot-starter-test-3.0.0-M5.jar
2026-06-23 12:58:01,312 [BasicRepositoryConnector-repo.spring.io-0-1] INFO  o.e.m.c.i.e.AbstractTransferListenerAdapter - Downloading https://repo.spring.io/milestone/org/springframework/spring-expression/6.0.0-M6/spring-expression-6.0.0-M6.jar
2026-06-23 12:58:01,387 [BasicRepositoryConnector-repo.spring.io-0-0] INFO  o.e.m.c.i.e.AbstractTransferListenerAdapter - Downloaded https://repo.spring.io/milestone/com/jayway/jsonpath/json-path/2.7.0/json-path-2.7.0.jar
2026-06-23 12:58:01,453 [BasicRepositoryConnector-repo.spring.io-0-2] INFO  o.e.m.c.i.e.AbstractTransferListenerAdapter - Downloaded https://repo.spring.io/milestone/net/minidev/json-smart/2.4.8/json-smart-2.4.8.jar
2026-06-23 12:58:01,540 [BasicRepositoryConnector-repo.spring.io-0-0] INFO  o.e.m.c.i.e.AbstractTransferListenerAdapter - Downloaded https://repo.spring.io/milestone/net/minidev/accessors-smart/2.4.8/accessors-smart-2.4.8.jar
2026-06-23 12:58:01,601 [BasicRepositoryConnector-repo.spring.io-0-2] INFO  o.e.m.c.i.e.AbstractTransferListenerAdapter - Downloaded https://repo.spring.io/milestone/org/ow2/asm/asm/9.1/asm-9.1.jar
2026-06-23 12:58:01,642 [BasicRepositoryConnector-repo.spring.io-0-3] INFO  o.e.m.c.i.e.AbstractTransferListenerAdapter - Downloading https://repo.spring.io/milestone/org/springframework/boot/spring-boot-test/3.0.0-M5/spring-boot-test-3.0.0-M5.jar
2026-06-23 12:58:01,671 [BasicRepositoryConnector-repo.spring.io-0-4] INFO  o.e.m.c.i.e.AbstractTransferListenerAdapter - Downloading https://repo.spring.io/milestone/org/springframework/boot/spring-boot-test-autoconfigure/3.0.0-M5/spring-boot-test-autoconfigure-3.0.0-M5.jar
2026-06-23 12:58:01,686 [BasicRepositoryConnector-repo.spring.io-0-0] INFO  o.e.m.c.i.e.AbstractTransferListenerAdapter - Downloaded https://repo.spring.io/milestone/jakarta/xml/bind/jakarta.xml.bind-api/3.0.1/jakarta.xml.bind-api-3.0.1.jar
2026-06-23 12:58:01,751 [BasicRepositoryConnector-repo.spring.io-0-2] INFO  o.e.m.c.i.e.AbstractTransferListenerAdapter - Downloaded https://repo.spring.io/milestone/com/sun/activation/jakarta.activation/2.0.1/jakarta.activation-2.0.1.jar
2026-06-23 12:58:01,821 [BasicRepositoryConnector-repo.spring.io-0-3] INFO  o.e.m.c.i.e.AbstractTransferListenerAdapter - Downloaded https://repo.spring.io/milestone/org/springframework/boot/spring-boot-test/3.0.0-M5/spring-boot-test-3.0.0-M5.jar
2026-06-23 12:58:01,832 [BasicRepositoryConnector-repo.spring.io-0-0] INFO  o.e.m.c.i.e.AbstractTransferListenerAdapter - Downloaded https://repo.spring.io/milestone/org/assertj/assertj-core/3.23.1/assertj-core-3.23.1.jar
2026-06-23 12:58:01,855 [BasicRepositoryConnector-repo.spring.io-0-4] INFO  o.e.m.c.i.e.AbstractTransferListenerAdapter - Downloaded https://repo.spring.io/milestone/org/springframework/boot/spring-boot-test-autoconfigure/3.0.0-M5/spring-boot-test-autoconfigure-3.0.0-M5.jar
2026-06-23 12:58:01,898 [BasicRepositoryConnector-repo.spring.io-0-2] INFO  o.e.m.c.i.e.AbstractTransferListenerAdapter - Downloaded https://repo.spring.io/milestone/net/bytebuddy/byte-buddy/1.12.17/byte-buddy-1.12.17.jar
2026-06-23 12:58:01,966 [BasicRepositoryConnector-repo.spring.io-0-3] INFO  o.e.m.c.i.e.AbstractTransferListenerAdapter - Downloaded https://repo.spring.io/milestone/org/hamcrest/hamcrest/2.2/hamcrest-2.2.jar
2026-06-23 12:58:01,978 [BasicRepositoryConnector-repo.spring.io-0-0] INFO  o.e.m.c.i.e.AbstractTransferListenerAdapter - Downloaded https://repo.spring.io/milestone/org/junit/jupiter/junit-jupiter/5.9.1/junit-jupiter-5.9.1.jar
2026-06-23 12:58:02,003 [BasicRepositoryConnector-repo.spring.io-0-4] INFO  o.e.m.c.i.e.AbstractTransferListenerAdapter - Downloaded https://repo.spring.io/milestone/org/junit/jupiter/junit-jupiter-api/5.9.1/junit-jupiter-api-5.9.1.jar
2026-06-23 12:58:02,048 [BasicRepositoryConnector-repo.spring.io-0-2] INFO  o.e.m.c.i.e.AbstractTransferListenerAdapter - Downloaded https://repo.spring.io/milestone/org/opentest4j/opentest4j/1.2.0/opentest4j-1.2.0.jar
2026-06-23 12:58:02,058 [BasicRepositoryConnector-repo.spring.io-0-1] INFO  o.e.m.c.i.e.AbstractTransferListenerAdapter - Downloaded https://repo.spring.io/milestone/org/springframework/spring-expression/6.0.0-M6/spring-expression-6.0.0-M6.jar
2026-06-23 12:58:02,111 [BasicRepositoryConnector-repo.spring.io-0-3] INFO  o.e.m.c.i.e.AbstractTransferListenerAdapter - Downloaded https://repo.spring.io/milestone/org/junit/platform/junit-platform-commons/1.9.1/junit-platform-commons-1.9.1.jar
2026-06-23 12:58:02,128 [BasicRepositoryConnector-repo.spring.io-0-0] INFO  o.e.m.c.i.e.AbstractTransferListenerAdapter - Downloaded https://repo.spring.io/milestone/org/junit/jupiter/junit-jupiter-params/5.9.1/junit-jupiter-params-5.9.1.jar
2026-06-23 12:58:02,150 [BasicRepositoryConnector-repo.spring.io-0-4] INFO  o.e.m.c.i.e.AbstractTransferListenerAdapter - Downloaded https://repo.spring.io/milestone/org/junit/jupiter/junit-jupiter-engine/5.9.1/junit-jupiter-engine-5.9.1.jar
2026-06-23 12:58:02,199 [BasicRepositoryConnector-repo.spring.io-0-2] INFO  o.e.m.c.i.e.AbstractTransferListenerAdapter - Downloaded https://repo.spring.io/milestone/org/junit/platform/junit-platform-engine/1.9.1/junit-platform-engine-1.9.1.jar
2026-06-23 12:58:02,204 [BasicRepositoryConnector-repo.spring.io-0-1] INFO  o.e.m.c.i.e.AbstractTransferListenerAdapter - Downloaded https://repo.spring.io/milestone/org/mockito/mockito-core/4.8.0/mockito-core-4.8.0.jar
2026-06-23 12:58:02,256 [BasicRepositoryConnector-repo.spring.io-0-3] INFO  o.e.m.c.i.e.AbstractTransferListenerAdapter - Downloaded https://repo.spring.io/milestone/net/bytebuddy/byte-buddy-agent/1.12.17/byte-buddy-agent-1.12.17.jar
2026-06-23 12:58:02,275 [BasicRepositoryConnector-repo.spring.io-0-0] INFO  o.e.m.c.i.e.AbstractTransferListenerAdapter - Downloaded https://repo.spring.io/milestone/org/objenesis/objenesis/3.2/objenesis-3.2.jar
2026-06-23 12:58:02,296 [BasicRepositoryConnector-repo.spring.io-0-4] INFO  o.e.m.c.i.e.AbstractTransferListenerAdapter - Downloaded https://repo.spring.io/milestone/org/mockito/mockito-junit-jupiter/4.8.0/mockito-junit-jupiter-4.8.0.jar
2026-06-23 12:58:02,345 [BasicRepositoryConnector-repo.spring.io-0-2] INFO  o.e.m.c.i.e.AbstractTransferListenerAdapter - Downloaded https://repo.spring.io/milestone/org/skyscreamer/jsonassert/1.5.1/jsonassert-1.5.1.jar
2026-06-23 12:58:02,408 [BasicRepositoryConnector-repo.spring.io-0-3] INFO  o.e.m.c.i.e.AbstractTransferListenerAdapter - Downloading https://repo.spring.io/milestone/org/springframework/spring-jcl/6.0.0-M6/spring-jcl-6.0.0-M6.jar
2026-06-23 12:58:02,444 [BasicRepositoryConnector-repo.spring.io-0-4] INFO  o.e.m.c.i.e.AbstractTransferListenerAdapter - Downloaded https://repo.spring.io/milestone/org/xmlunit/xmlunit-core/2.9.0/xmlunit-core-2.9.0.jar
2026-06-23 12:58:02,496 [BasicRepositoryConnector-repo.spring.io-0-2] INFO  o.e.m.c.i.e.AbstractTransferListenerAdapter - Downloading https://repo.spring.io/milestone/org/springframework/boot/spring-boot-starter-data-jpa/3.0.0-M5/spring-boot-starter-data-jpa-3.0.0-M5.jar
2026-06-23 12:58:02,543 [BasicRepositoryConnector-repo.spring.io-0-2] INFO  o.e.m.c.i.e.AbstractTransferListenerAdapter - Downloaded https://repo.spring.io/milestone/org/springframework/boot/spring-boot-starter-data-jpa/3.0.0-M5/spring-boot-starter-data-jpa-3.0.0-M5.jar
2026-06-23 12:58:02,594 [BasicRepositoryConnector-repo.spring.io-0-4] INFO  o.e.m.c.i.e.AbstractTransferListenerAdapter - Downloading https://repo.spring.io/milestone/org/springframework/boot/spring-boot-starter-aop/3.0.0-M5/spring-boot-starter-aop-3.0.0-M5.jar
2026-06-23 12:58:02,627 [BasicRepositoryConnector-repo.spring.io-0-1] INFO  o.e.m.c.i.e.AbstractTransferListenerAdapter - Downloading https://repo.spring.io/milestone/org/springframework/spring-core/6.0.0-M6/spring-core-6.0.0-M6.jar
2026-06-23 12:58:02,643 [BasicRepositoryConnector-repo.spring.io-0-4] INFO  o.e.m.c.i.e.AbstractTransferListenerAdapter - Downloaded https://repo.spring.io/milestone/org/springframework/boot/spring-boot-starter-aop/3.0.0-M5/spring-boot-starter-aop-3.0.0-M5.jar
2026-06-23 12:58:02,688 [BasicRepositoryConnector-repo.spring.io-0-2] INFO  o.e.m.c.i.e.AbstractTransferListenerAdapter - Downloaded https://repo.spring.io/milestone/org/aspectj/aspectjweaver/1.9.9.1/aspectjweaver-1.9.9.1.jar
2026-06-23 12:58:02,692 [BasicRepositoryConnector-repo.spring.io-0-0] INFO  o.e.m.c.i.e.AbstractTransferListenerAdapter - Downloading https://repo.spring.io/milestone/org/springframework/spring-test/6.0.0-M6/spring-test-6.0.0-M6.jar
2026-06-23 12:58:02,804 [BasicRepositoryConnector-repo.spring.io-0-4] INFO  o.e.m.c.i.e.AbstractTransferListenerAdapter - Downloading https://repo.spring.io/milestone/org/springframework/boot/spring-boot-starter-jdbc/3.0.0-M5/spring-boot-starter-jdbc-3.0.0-M5.jar
2026-06-23 12:58:02,832 [BasicRepositoryConnector-repo.spring.io-0-2] INFO  o.e.m.c.i.e.AbstractTransferListenerAdapter - Downloaded https://repo.spring.io/milestone/com/zaxxer/HikariCP/5.0.1/HikariCP-5.0.1.jar
2026-06-23 12:58:02,851 [BasicRepositoryConnector-repo.spring.io-0-4] INFO  o.e.m.c.i.e.AbstractTransferListenerAdapter - Downloaded https://repo.spring.io/milestone/org/springframework/boot/spring-boot-starter-jdbc/3.0.0-M5/spring-boot-starter-jdbc-3.0.0-M5.jar
2026-06-23 12:58:02,861 [BasicRepositoryConnector-repo.spring.io-0-3] INFO  o.e.m.c.i.e.AbstractTransferListenerAdapter - Downloaded https://repo.spring.io/milestone/org/springframework/spring-jcl/6.0.0-M6/spring-jcl-6.0.0-M6.jar
2026-06-23 12:58:02,885 [BasicRepositoryConnector-repo.spring.io-0-0] INFO  o.e.m.c.i.e.AbstractTransferListenerAdapter - Downloaded https://repo.spring.io/milestone/org/springframework/spring-test/6.0.0-M6/spring-test-6.0.0-M6.jar
2026-06-23 12:58:02,997 [BasicRepositoryConnector-repo.spring.io-0-4] INFO  o.e.m.c.i.e.AbstractTransferListenerAdapter - Downloaded https://repo.spring.io/milestone/org/hibernate/orm/hibernate-core/6.1.3.Final/hibernate-core-6.1.3.Final.jar
2026-06-23 12:58:03,010 [BasicRepositoryConnector-repo.spring.io-0-3] INFO  o.e.m.c.i.e.AbstractTransferListenerAdapter - Downloaded https://repo.spring.io/milestone/jakarta/persistence/jakarta.persistence-api/3.0.0/jakarta.persistence-api-3.0.0.jar
2026-06-23 12:58:03,032 [BasicRepositoryConnector-repo.spring.io-0-0] INFO  o.e.m.c.i.e.AbstractTransferListenerAdapter - Downloaded https://repo.spring.io/milestone/org/jboss/logging/jboss-logging/3.5.0.Final/jboss-logging-3.5.0.Final.jar
2026-06-23 12:58:03,143 [BasicRepositoryConnector-repo.spring.io-0-4] INFO  o.e.m.c.i.e.AbstractTransferListenerAdapter - Downloaded https://repo.spring.io/milestone/org/hibernate/common/hibernate-commons-annotations/6.0.2.Final/hibernate-commons-annotations-6.0.2.Final.jar
2026-06-23 12:58:03,155 [BasicRepositoryConnector-repo.spring.io-0-3] INFO  o.e.m.c.i.e.AbstractTransferListenerAdapter - Downloaded https://repo.spring.io/milestone/org/jboss/jandex/2.4.2.Final/jandex-2.4.2.Final.jar
2026-06-23 12:58:03,182 [BasicRepositoryConnector-repo.spring.io-0-0] INFO  o.e.m.c.i.e.AbstractTransferListenerAdapter - Downloaded https://repo.spring.io/milestone/org/glassfish/jaxb/jaxb-runtime/3.0.2/jaxb-runtime-3.0.2.jar
2026-06-23 12:58:03,291 [BasicRepositoryConnector-repo.spring.io-0-4] INFO  o.e.m.c.i.e.AbstractTransferListenerAdapter - Downloaded https://repo.spring.io/milestone/org/glassfish/jaxb/jaxb-core/3.0.2/jaxb-core-3.0.2.jar
2026-06-23 12:58:03,304 [BasicRepositoryConnector-repo.spring.io-0-3] INFO  o.e.m.c.i.e.AbstractTransferListenerAdapter - Downloaded https://repo.spring.io/milestone/org/glassfish/jaxb/txw2/3.0.2/txw2-3.0.2.jar
2026-06-23 12:58:03,328 [BasicRepositoryConnector-repo.spring.io-0-0] INFO  o.e.m.c.i.e.AbstractTransferListenerAdapter - Downloaded https://repo.spring.io/milestone/com/sun/istack/istack-commons-runtime/4.0.1/istack-commons-runtime-4.0.1.jar
2026-06-23 12:58:03,343 [BasicRepositoryConnector-repo.spring.io-0-2] INFO  o.e.m.c.i.e.AbstractTransferListenerAdapter - Downloading https://repo.spring.io/milestone/org/springframework/spring-jdbc/6.0.0-M6/spring-jdbc-6.0.0-M6.jar
2026-06-23 12:58:03,383 [BasicRepositoryConnector-repo.spring.io-0-1] INFO  o.e.m.c.i.e.AbstractTransferListenerAdapter - Downloaded https://repo.spring.io/milestone/org/springframework/spring-core/6.0.0-M6/spring-core-6.0.0-M6.jar
2026-06-23 12:58:03,438 [BasicRepositoryConnector-repo.spring.io-0-4] INFO  o.e.m.c.i.e.AbstractTransferListenerAdapter - Downloaded https://repo.spring.io/milestone/jakarta/inject/jakarta.inject-api/2.0.0/jakarta.inject-api-2.0.0.jar
2026-06-23 12:58:03,450 [BasicRepositoryConnector-repo.spring.io-0-3] INFO  o.e.m.c.i.e.AbstractTransferListenerAdapter - Downloaded https://repo.spring.io/milestone/org/antlr/antlr4-runtime/4.10/antlr4-runtime-4.10.jar
2026-06-23 12:58:03,544 [BasicRepositoryConnector-repo.spring.io-0-2] INFO  o.e.m.c.i.e.AbstractTransferListenerAdapter - Downloaded https://repo.spring.io/milestone/org/springframework/spring-jdbc/6.0.0-M6/spring-jdbc-6.0.0-M6.jar
2026-06-23 12:58:03,692 [BasicRepositoryConnector-repo.spring.io-0-2] INFO  o.e.m.c.i.e.AbstractTransferListenerAdapter - Downloading https://repo.spring.io/milestone/org/springframework/spring-aspects/6.0.0-M6/spring-aspects-6.0.0-M6.jar
2026-06-23 12:58:03,757 [BasicRepositoryConnector-repo.spring.io-0-0] INFO  o.e.m.c.i.e.AbstractTransferListenerAdapter - Downloading https://repo.spring.io/milestone/org/springframework/data/spring-data-jpa/3.0.0-M6/spring-data-jpa-3.0.0-M6.jar
2026-06-23 12:58:03,827 [BasicRepositoryConnector-repo.spring.io-0-1] INFO  o.e.m.c.i.e.AbstractTransferListenerAdapter - Downloading https://repo.spring.io/milestone/org/springframework/data/spring-data-commons/3.0.0-M6/spring-data-commons-3.0.0-M6.jar
2026-06-23 12:58:03,940 [BasicRepositoryConnector-repo.spring.io-0-0] INFO  o.e.m.c.i.e.AbstractTransferListenerAdapter - Downloaded https://repo.spring.io/milestone/org/springframework/data/spring-data-jpa/3.0.0-M6/spring-data-jpa-3.0.0-M6.jar
2026-06-23 12:58:03,944 [BasicRepositoryConnector-repo.spring.io-0-4] INFO  o.e.m.c.i.e.AbstractTransferListenerAdapter - Downloading https://repo.spring.io/milestone/org/springframework/spring-orm/6.0.0-M6/spring-orm-6.0.0-M6.jar
2026-06-23 12:58:04,076 [BasicRepositoryConnector-repo.spring.io-0-3] INFO  o.e.m.c.i.e.AbstractTransferListenerAdapter - Downloading https://repo.spring.io/milestone/org/springframework/spring-tx/6.0.0-M6/spring-tx-6.0.0-M6.jar
2026-06-23 12:58:04,100 [BasicRepositoryConnector-repo.spring.io-0-0] INFO  o.e.m.c.i.e.AbstractTransferListenerAdapter - Downloaded https://repo.spring.io/milestone/com/h2database/h2/2.1.214/h2-2.1.214.jar
2026-06-23 12:58:04,108 [BasicRepositoryConnector-repo.spring.io-0-1] INFO  o.e.m.c.i.e.AbstractTransferListenerAdapter - Downloaded https://repo.spring.io/milestone/org/springframework/data/spring-data-commons/3.0.0-M6/spring-data-commons-3.0.0-M6.jar
2026-06-23 12:58:04,269 [BasicRepositoryConnector-repo.spring.io-0-4] INFO  o.e.m.c.i.e.AbstractTransferListenerAdapter - Downloaded https://repo.spring.io/milestone/org/springframework/spring-orm/6.0.0-M6/spring-orm-6.0.0-M6.jar
2026-06-23 12:58:04,292 [BasicRepositoryConnector-repo.spring.io-0-3] INFO  o.e.m.c.i.e.AbstractTransferListenerAdapter - Downloaded https://repo.spring.io/milestone/org/springframework/spring-tx/6.0.0-M6/spring-tx-6.0.0-M6.jar
2026-06-23 12:58:04,331 [BasicRepositoryConnector-repo.spring.io-0-2] INFO  o.e.m.c.i.e.AbstractTransferListenerAdapter - Downloaded https://repo.spring.io/milestone/org/springframework/spring-aspects/6.0.0-M6/spring-aspects-6.0.0-M6.jar
2026-06-23 12:58:04,741 [Worker-0: Building] INFO  o.e.m.c.i.e.AbstractTransferListenerAdapter - Downloading https://repo.maven.apache.org/maven2/ch/qos/logback/logback-classic/1.2.11/logback-classic-1.2.11.jar
2026-06-23 12:58:04,790 [Worker-0: Building] INFO  o.e.m.c.i.e.AbstractTransferListenerAdapter - Downloaded https://repo.maven.apache.org/maven2/ch/qos/logback/logback-classic/1.2.11/logback-classic-1.2.11.jar
2026-06-23 12:58:04,825 [BasicRepositoryConnector-repo.maven.apache.org-1-3] INFO  o.e.m.c.i.e.AbstractTransferListenerAdapter - Downloading https://repo.maven.apache.org/maven2/org/slf4j/jul-to-slf4j/1.7.36/jul-to-slf4j-1.7.36.jar
2026-06-23 12:58:04,866 [BasicRepositoryConnector-repo.maven.apache.org-1-1] INFO  o.e.m.c.i.e.AbstractTransferListenerAdapter - Downloading https://repo.maven.apache.org/maven2/org/apache/logging/log4j/log4j-to-slf4j/2.18.0/log4j-to-slf4j-2.18.0.jar
2026-06-23 12:58:04,868 [BasicRepositoryConnector-repo.maven.apache.org-1-0] INFO  o.e.m.c.i.e.AbstractTransferListenerAdapter - Downloading https://repo.maven.apache.org/maven2/ch/qos/logback/logback-core/1.2.11/logback-core-1.2.11.jar
2026-06-23 12:58:04,870 [BasicRepositoryConnector-repo.maven.apache.org-1-4] INFO  o.e.m.c.i.e.AbstractTransferListenerAdapter - Downloading https://repo.maven.apache.org/maven2/jakarta/annotation/jakarta.annotation-api/2.0.0/jakarta.annotation-api-2.0.0.jar
2026-06-23 12:58:04,873 [BasicRepositoryConnector-repo.maven.apache.org-1-2] INFO  o.e.m.c.i.e.AbstractTransferListenerAdapter - Downloading https://repo.maven.apache.org/maven2/org/apache/logging/log4j/log4j-api/2.18.0/log4j-api-2.18.0.jar
2026-06-23 12:58:04,882 [BasicRepositoryConnector-repo.maven.apache.org-1-3] INFO  o.e.m.c.i.e.AbstractTransferListenerAdapter - Downloaded https://repo.maven.apache.org/maven2/org/slf4j/jul-to-slf4j/1.7.36/jul-to-slf4j-1.7.36.jar
2026-06-23 12:58:04,923 [BasicRepositoryConnector-repo.maven.apache.org-1-3] INFO  o.e.m.c.i.e.AbstractTransferListenerAdapter - Downloading https://repo.maven.apache.org/maven2/org/yaml/snakeyaml/1.32/snakeyaml-1.32.jar
2026-06-23 12:58:04,940 [BasicRepositoryConnector-repo.maven.apache.org-1-2] INFO  o.e.m.c.i.e.AbstractTransferListenerAdapter - Downloaded https://repo.maven.apache.org/maven2/org/apache/logging/log4j/log4j-api/2.18.0/log4j-api-2.18.0.jar
2026-06-23 12:58:04,947 [BasicRepositoryConnector-repo.maven.apache.org-1-0] INFO  o.e.m.c.i.e.AbstractTransferListenerAdapter - Downloaded https://repo.maven.apache.org/maven2/ch/qos/logback/logback-core/1.2.11/logback-core-1.2.11.jar
2026-06-23 12:58:04,970 [BasicRepositoryConnector-repo.maven.apache.org-1-2] INFO  o.e.m.c.i.e.AbstractTransferListenerAdapter - Downloading https://repo.maven.apache.org/maven2/com/fasterxml/jackson/core/jackson-databind/2.13.4/jackson-databind-2.13.4.jar
2026-06-23 12:58:04,980 [BasicRepositoryConnector-repo.maven.apache.org-1-0] INFO  o.e.m.c.i.e.AbstractTransferListenerAdapter - Downloading https://repo.maven.apache.org/maven2/com/fasterxml/jackson/core/jackson-annotations/2.13.4/jackson-annotations-2.13.4.jar
2026-06-23 12:58:04,995 [BasicRepositoryConnector-repo.maven.apache.org-1-3] INFO  o.e.m.c.i.e.AbstractTransferListenerAdapter - Downloaded https://repo.maven.apache.org/maven2/org/yaml/snakeyaml/1.32/snakeyaml-1.32.jar
2026-06-23 12:58:05,017 [BasicRepositoryConnector-repo.maven.apache.org-1-0] INFO  o.e.m.c.i.e.AbstractTransferListenerAdapter - Downloaded https://repo.maven.apache.org/maven2/com/fasterxml/jackson/core/jackson-annotations/2.13.4/jackson-annotations-2.13.4.jar
2026-06-23 12:58:05,110 [BasicRepositoryConnector-repo.maven.apache.org-1-3] INFO  o.e.m.c.i.e.AbstractTransferListenerAdapter - Downloading https://repo.maven.apache.org/maven2/com/fasterxml/jackson/core/jackson-core/2.13.4/jackson-core-2.13.4.jar
2026-06-23 12:58:05,121 [BasicRepositoryConnector-repo.maven.apache.org-1-2] INFO  o.e.m.c.i.e.AbstractTransferListenerAdapter - Downloaded https://repo.maven.apache.org/maven2/com/fasterxml/jackson/core/jackson-databind/2.13.4/jackson-databind-2.13.4.jar
2026-06-23 12:58:05,123 [BasicRepositoryConnector-repo.maven.apache.org-1-0] INFO  o.e.m.c.i.e.AbstractTransferListenerAdapter - Downloading https://repo.maven.apache.org/maven2/com/fasterxml/jackson/datatype/jackson-datatype-jdk8/2.13.4/jackson-datatype-jdk8-2.13.4.jar
2026-06-23 12:58:05,134 [BasicRepositoryConnector-repo.maven.apache.org-1-1] INFO  o.e.m.c.i.e.AbstractTransferListenerAdapter - Downloaded https://repo.maven.apache.org/maven2/org/apache/logging/log4j/log4j-to-slf4j/2.18.0/log4j-to-slf4j-2.18.0.jar
2026-06-23 12:58:05,168 [BasicRepositoryConnector-repo.maven.apache.org-1-2] INFO  o.e.m.c.i.e.AbstractTransferListenerAdapter - Downloading https://repo.maven.apache.org/maven2/com/fasterxml/jackson/datatype/jackson-datatype-jsr310/2.13.4/jackson-datatype-jsr310-2.13.4.jar
2026-06-23 12:58:05,172 [BasicRepositoryConnector-repo.maven.apache.org-1-1] INFO  o.e.m.c.i.e.AbstractTransferListenerAdapter - Downloading https://repo.maven.apache.org/maven2/com/fasterxml/jackson/module/jackson-module-parameter-names/2.13.4/jackson-module-parameter-names-2.13.4.jar
2026-06-23 12:58:05,207 [BasicRepositoryConnector-repo.maven.apache.org-1-2] INFO  o.e.m.c.i.e.AbstractTransferListenerAdapter - Downloaded https://repo.maven.apache.org/maven2/com/fasterxml/jackson/datatype/jackson-datatype-jsr310/2.13.4/jackson-datatype-jsr310-2.13.4.jar
2026-06-23 12:58:05,215 [BasicRepositoryConnector-repo.maven.apache.org-1-4] INFO  o.e.m.c.i.e.AbstractTransferListenerAdapter - Downloaded https://repo.maven.apache.org/maven2/jakarta/annotation/jakarta.annotation-api/2.0.0/jakarta.annotation-api-2.0.0.jar
2026-06-23 12:58:05,240 [BasicRepositoryConnector-repo.maven.apache.org-1-2] INFO  o.e.m.c.i.e.AbstractTransferListenerAdapter - Downloading https://repo.maven.apache.org/maven2/org/apache/tomcat/embed/tomcat-embed-core/10.0.23/tomcat-embed-core-10.0.23.jar
2026-06-23 12:58:05,246 [BasicRepositoryConnector-repo.maven.apache.org-1-3] INFO  o.e.m.c.i.e.AbstractTransferListenerAdapter - Downloaded https://repo.maven.apache.org/maven2/com/fasterxml/jackson/core/jackson-core/2.13.4/jackson-core-2.13.4.jar
2026-06-23 12:58:05,281 [BasicRepositoryConnector-repo.maven.apache.org-1-4] INFO  o.e.m.c.i.e.AbstractTransferListenerAdapter - Downloading https://repo.maven.apache.org/maven2/org/apache/tomcat/embed/tomcat-embed-el/10.0.23/tomcat-embed-el-10.0.23.jar
2026-06-23 12:58:05,320 [BasicRepositoryConnector-repo.maven.apache.org-1-3] INFO  o.e.m.c.i.e.AbstractTransferListenerAdapter - Downloading https://repo.maven.apache.org/maven2/org/apache/tomcat/embed/tomcat-embed-websocket/10.0.23/tomcat-embed-websocket-10.0.23.jar
2026-06-23 12:58:05,362 [BasicRepositoryConnector-repo.maven.apache.org-1-4] INFO  o.e.m.c.i.e.AbstractTransferListenerAdapter - Downloaded https://repo.maven.apache.org/maven2/org/apache/tomcat/embed/tomcat-embed-el/10.0.23/tomcat-embed-el-10.0.23.jar
2026-06-23 12:58:05,396 [BasicRepositoryConnector-repo.maven.apache.org-1-4] INFO  o.e.m.c.i.e.AbstractTransferListenerAdapter - Downloading https://repo.maven.apache.org/maven2/com/jayway/jsonpath/json-path/2.7.0/json-path-2.7.0.jar
2026-06-23 12:58:05,410 [BasicRepositoryConnector-repo.maven.apache.org-1-3] INFO  o.e.m.c.i.e.AbstractTransferListenerAdapter - Downloaded https://repo.maven.apache.org/maven2/org/apache/tomcat/embed/tomcat-embed-websocket/10.0.23/tomcat-embed-websocket-10.0.23.jar
2026-06-23 12:58:05,442 [BasicRepositoryConnector-repo.maven.apache.org-1-3] INFO  o.e.m.c.i.e.AbstractTransferListenerAdapter - Downloading https://repo.maven.apache.org/maven2/net/minidev/json-smart/2.4.8/json-smart-2.4.8.jar
2026-06-23 12:58:05,458 [BasicRepositoryConnector-repo.maven.apache.org-1-4] INFO  o.e.m.c.i.e.AbstractTransferListenerAdapter - Downloaded https://repo.maven.apache.org/maven2/com/jayway/jsonpath/json-path/2.7.0/json-path-2.7.0.jar
2026-06-23 12:58:05,500 [BasicRepositoryConnector-repo.maven.apache.org-1-4] INFO  o.e.m.c.i.e.AbstractTransferListenerAdapter - Downloading https://repo.maven.apache.org/maven2/net/minidev/accessors-smart/2.4.8/accessors-smart-2.4.8.jar
2026-06-23 12:58:05,507 [BasicRepositoryConnector-repo.maven.apache.org-1-1] INFO  o.e.m.c.i.e.AbstractTransferListenerAdapter - Downloaded https://repo.maven.apache.org/maven2/com/fasterxml/jackson/module/jackson-module-parameter-names/2.13.4/jackson-module-parameter-names-2.13.4.jar
2026-06-23 12:58:05,508 [BasicRepositoryConnector-repo.maven.apache.org-1-3] INFO  o.e.m.c.i.e.AbstractTransferListenerAdapter - Downloaded https://repo.maven.apache.org/maven2/net/minidev/json-smart/2.4.8/json-smart-2.4.8.jar
2026-06-23 12:58:05,527 [BasicRepositoryConnector-repo.maven.apache.org-1-2] INFO  o.e.m.c.i.e.AbstractTransferListenerAdapter - Downloaded https://repo.maven.apache.org/maven2/org/apache/tomcat/embed/tomcat-embed-core/10.0.23/tomcat-embed-core-10.0.23.jar
2026-06-23 12:58:05,560 [BasicRepositoryConnector-repo.maven.apache.org-1-1] INFO  o.e.m.c.i.e.AbstractTransferListenerAdapter - Downloading https://repo.maven.apache.org/maven2/org/ow2/asm/asm/9.1/asm-9.1.jar
2026-06-23 12:58:05,624 [BasicRepositoryConnector-repo.maven.apache.org-1-3] INFO  o.e.m.c.i.e.AbstractTransferListenerAdapter - Downloading https://repo.maven.apache.org/maven2/jakarta/xml/bind/jakarta.xml.bind-api/3.0.1/jakarta.xml.bind-api-3.0.1.jar
2026-06-23 12:58:05,632 [BasicRepositoryConnector-repo.maven.apache.org-1-1] INFO  o.e.m.c.i.e.AbstractTransferListenerAdapter - Downloaded https://repo.maven.apache.org/maven2/org/ow2/asm/asm/9.1/asm-9.1.jar
2026-06-23 12:58:05,653 [BasicRepositoryConnector-repo.maven.apache.org-1-2] INFO  o.e.m.c.i.e.AbstractTransferListenerAdapter - Downloading https://repo.maven.apache.org/maven2/com/sun/activation/jakarta.activation/2.0.1/jakarta.activation-2.0.1.jar
2026-06-23 12:58:05,667 [BasicRepositoryConnector-repo.maven.apache.org-1-1] INFO  o.e.m.c.i.e.AbstractTransferListenerAdapter - Downloading https://repo.maven.apache.org/maven2/org/assertj/assertj-core/3.23.1/assertj-core-3.23.1.jar
2026-06-23 12:58:05,690 [BasicRepositoryConnector-repo.maven.apache.org-1-3] INFO  o.e.m.c.i.e.AbstractTransferListenerAdapter - Downloaded https://repo.maven.apache.org/maven2/jakarta/xml/bind/jakarta.xml.bind-api/3.0.1/jakarta.xml.bind-api-3.0.1.jar
2026-06-23 12:58:05,697 [BasicRepositoryConnector-repo.maven.apache.org-1-2] INFO  o.e.m.c.i.e.AbstractTransferListenerAdapter - Downloaded https://repo.maven.apache.org/maven2/com/sun/activation/jakarta.activation/2.0.1/jakarta.activation-2.0.1.jar
2026-06-23 12:58:05,731 [BasicRepositoryConnector-repo.maven.apache.org-1-3] INFO  o.e.m.c.i.e.AbstractTransferListenerAdapter - Downloading https://repo.maven.apache.org/maven2/net/bytebuddy/byte-buddy/1.12.17/byte-buddy-1.12.17.jar
2026-06-23 12:58:05,736 [BasicRepositoryConnector-repo.maven.apache.org-1-2] INFO  o.e.m.c.i.e.AbstractTransferListenerAdapter - Downloading https://repo.maven.apache.org/maven2/org/hamcrest/hamcrest/2.2/hamcrest-2.2.jar
2026-06-23 12:58:05,758 [BasicRepositoryConnector-repo.maven.apache.org-1-1] INFO  o.e.m.c.i.e.AbstractTransferListenerAdapter - Downloaded https://repo.maven.apache.org/maven2/org/assertj/assertj-core/3.23.1/assertj-core-3.23.1.jar
2026-06-23 12:58:05,774 [BasicRepositoryConnector-repo.maven.apache.org-1-2] INFO  o.e.m.c.i.e.AbstractTransferListenerAdapter - Downloaded https://repo.maven.apache.org/maven2/org/hamcrest/hamcrest/2.2/hamcrest-2.2.jar
2026-06-23 12:58:05,790 [BasicRepositoryConnector-repo.maven.apache.org-1-1] INFO  o.e.m.c.i.e.AbstractTransferListenerAdapter - Downloading https://repo.maven.apache.org/maven2/org/junit/jupiter/junit-jupiter/5.9.1/junit-jupiter-5.9.1.jar
2026-06-23 12:58:05,807 [BasicRepositoryConnector-repo.maven.apache.org-1-2] INFO  o.e.m.c.i.e.AbstractTransferListenerAdapter - Downloading https://repo.maven.apache.org/maven2/org/junit/jupiter/junit-jupiter-api/5.9.1/junit-jupiter-api-5.9.1.jar
2026-06-23 12:58:05,840 [BasicRepositoryConnector-repo.maven.apache.org-1-2] INFO  o.e.m.c.i.e.AbstractTransferListenerAdapter - Downloaded https://repo.maven.apache.org/maven2/org/junit/jupiter/junit-jupiter-api/5.9.1/junit-jupiter-api-5.9.1.jar
2026-06-23 12:58:05,847 [BasicRepositoryConnector-repo.maven.apache.org-1-1] INFO  o.e.m.c.i.e.AbstractTransferListenerAdapter - Downloaded https://repo.maven.apache.org/maven2/org/junit/jupiter/junit-jupiter/5.9.1/junit-jupiter-5.9.1.jar
2026-06-23 12:58:05,876 [BasicRepositoryConnector-repo.maven.apache.org-1-2] INFO  o.e.m.c.i.e.AbstractTransferListenerAdapter - Downloading https://repo.maven.apache.org/maven2/org/opentest4j/opentest4j/1.2.0/opentest4j-1.2.0.jar
2026-06-23 12:58:05,879 [BasicRepositoryConnector-repo.maven.apache.org-1-1] INFO  o.e.m.c.i.e.AbstractTransferListenerAdapter - Downloading https://repo.maven.apache.org/maven2/org/junit/platform/junit-platform-commons/1.9.1/junit-platform-commons-1.9.1.jar
2026-06-23 12:58:05,882 [BasicRepositoryConnector-repo.maven.apache.org-1-0] INFO  o.e.m.c.i.e.AbstractTransferListenerAdapter - Downloaded https://repo.maven.apache.org/maven2/com/fasterxml/jackson/datatype/jackson-datatype-jdk8/2.13.4/jackson-datatype-jdk8-2.13.4.jar
2026-06-23 12:58:05,910 [BasicRepositoryConnector-repo.maven.apache.org-1-1] INFO  o.e.m.c.i.e.AbstractTransferListenerAdapter - Downloaded https://repo.maven.apache.org/maven2/org/junit/platform/junit-platform-commons/1.9.1/junit-platform-commons-1.9.1.jar
2026-06-23 12:58:05,912 [BasicRepositoryConnector-repo.maven.apache.org-1-0] INFO  o.e.m.c.i.e.AbstractTransferListenerAdapter - Downloading https://repo.maven.apache.org/maven2/org/junit/jupiter/junit-jupiter-params/5.9.1/junit-jupiter-params-5.9.1.jar
2026-06-23 12:58:05,942 [BasicRepositoryConnector-repo.maven.apache.org-1-1] INFO  o.e.m.c.i.e.AbstractTransferListenerAdapter - Downloading https://repo.maven.apache.org/maven2/org/junit/jupiter/junit-jupiter-engine/5.9.1/junit-jupiter-engine-5.9.1.jar
2026-06-23 12:58:05,954 [BasicRepositoryConnector-repo.maven.apache.org-1-0] INFO  o.e.m.c.i.e.AbstractTransferListenerAdapter - Downloaded https://repo.maven.apache.org/maven2/org/junit/jupiter/junit-jupiter-params/5.9.1/junit-jupiter-params-5.9.1.jar
2026-06-23 12:58:05,973 [BasicRepositoryConnector-repo.maven.apache.org-1-2] INFO  o.e.m.c.i.e.AbstractTransferListenerAdapter - Downloaded https://repo.maven.apache.org/maven2/org/opentest4j/opentest4j/1.2.0/opentest4j-1.2.0.jar
2026-06-23 12:58:05,978 [BasicRepositoryConnector-repo.maven.apache.org-1-1] INFO  o.e.m.c.i.e.AbstractTransferListenerAdapter - Downloaded https://repo.maven.apache.org/maven2/org/junit/jupiter/junit-jupiter-engine/5.9.1/junit-jupiter-engine-5.9.1.jar
2026-06-23 12:58:05,986 [BasicRepositoryConnector-repo.maven.apache.org-1-0] INFO  o.e.m.c.i.e.AbstractTransferListenerAdapter - Downloading https://repo.maven.apache.org/maven2/org/junit/platform/junit-platform-engine/1.9.1/junit-platform-engine-1.9.1.jar
2026-06-23 12:58:05,995 [BasicRepositoryConnector-repo.maven.apache.org-1-4] INFO  o.e.m.c.i.e.AbstractTransferListenerAdapter - Downloaded https://repo.maven.apache.org/maven2/net/minidev/accessors-smart/2.4.8/accessors-smart-2.4.8.jar
2026-06-23 12:58:06,006 [BasicRepositoryConnector-repo.maven.apache.org-1-2] INFO  o.e.m.c.i.e.AbstractTransferListenerAdapter - Downloading https://repo.maven.apache.org/maven2/org/mockito/mockito-core/4.8.0/mockito-core-4.8.0.jar
2026-06-23 12:58:06,016 [BasicRepositoryConnector-repo.maven.apache.org-1-0] INFO  o.e.m.c.i.e.AbstractTransferListenerAdapter - Downloaded https://repo.maven.apache.org/maven2/org/junit/platform/junit-platform-engine/1.9.1/junit-platform-engine-1.9.1.jar
2026-06-23 12:58:06,021 [BasicRepositoryConnector-repo.maven.apache.org-1-1] INFO  o.e.m.c.i.e.AbstractTransferListenerAdapter - Downloading https://repo.maven.apache.org/maven2/net/bytebuddy/byte-buddy-agent/1.12.17/byte-buddy-agent-1.12.17.jar
2026-06-23 12:58:06,026 [BasicRepositoryConnector-repo.maven.apache.org-1-4] INFO  o.e.m.c.i.e.AbstractTransferListenerAdapter - Downloading https://repo.maven.apache.org/maven2/org/objenesis/objenesis/3.2/objenesis-3.2.jar
2026-06-23 12:58:06,053 [BasicRepositoryConnector-repo.maven.apache.org-1-0] INFO  o.e.m.c.i.e.AbstractTransferListenerAdapter - Downloading https://repo.maven.apache.org/maven2/org/mockito/mockito-junit-jupiter/4.8.0/mockito-junit-jupiter-4.8.0.jar
2026-06-23 12:58:06,108 [BasicRepositoryConnector-repo.maven.apache.org-1-3] INFO  o.e.m.c.i.e.AbstractTransferListenerAdapter - Downloaded https://repo.maven.apache.org/maven2/net/bytebuddy/byte-buddy/1.12.17/byte-buddy-1.12.17.jar
2026-06-23 12:58:06,139 [BasicRepositoryConnector-repo.maven.apache.org-1-3] INFO  o.e.m.c.i.e.AbstractTransferListenerAdapter - Downloading https://repo.maven.apache.org/maven2/org/skyscreamer/jsonassert/1.5.1/jsonassert-1.5.1.jar
2026-06-23 12:58:06,139 [BasicRepositoryConnector-repo.maven.apache.org-1-0] INFO  o.e.m.c.i.e.AbstractTransferListenerAdapter - Downloaded https://repo.maven.apache.org/maven2/org/mockito/mockito-junit-jupiter/4.8.0/mockito-junit-jupiter-4.8.0.jar
2026-06-23 12:58:06,174 [BasicRepositoryConnector-repo.maven.apache.org-1-0] INFO  o.e.m.c.i.e.AbstractTransferListenerAdapter - Downloading https://repo.maven.apache.org/maven2/org/xmlunit/xmlunit-core/2.9.0/xmlunit-core-2.9.0.jar
2026-06-23 12:58:06,209 [BasicRepositoryConnector-repo.maven.apache.org-1-0] INFO  o.e.m.c.i.e.AbstractTransferListenerAdapter - Downloaded https://repo.maven.apache.org/maven2/org/xmlunit/xmlunit-core/2.9.0/xmlunit-core-2.9.0.jar
2026-06-23 12:58:06,245 [BasicRepositoryConnector-repo.maven.apache.org-1-0] INFO  o.e.m.c.i.e.AbstractTransferListenerAdapter - Downloading https://repo.maven.apache.org/maven2/org/aspectj/aspectjweaver/1.9.9.1/aspectjweaver-1.9.9.1.jar
2026-06-23 12:58:06,266 [BasicRepositoryConnector-repo.maven.apache.org-1-1] INFO  o.e.m.c.i.e.AbstractTransferListenerAdapter - Downloaded https://repo.maven.apache.org/maven2/net/bytebuddy/byte-buddy-agent/1.12.17/byte-buddy-agent-1.12.17.jar
2026-06-23 12:58:06,302 [BasicRepositoryConnector-repo.maven.apache.org-1-1] INFO  o.e.m.c.i.e.AbstractTransferListenerAdapter - Downloading https://repo.maven.apache.org/maven2/com/zaxxer/HikariCP/5.0.1/HikariCP-5.0.1.jar
2026-06-23 12:58:06,313 [BasicRepositoryConnector-repo.maven.apache.org-1-2] INFO  o.e.m.c.i.e.AbstractTransferListenerAdapter - Downloaded https://repo.maven.apache.org/maven2/org/mockito/mockito-core/4.8.0/mockito-core-4.8.0.jar
2026-06-23 12:58:06,337 [BasicRepositoryConnector-repo.maven.apache.org-1-0] INFO  o.e.m.c.i.e.AbstractTransferListenerAdapter - Downloaded https://repo.maven.apache.org/maven2/org/aspectj/aspectjweaver/1.9.9.1/aspectjweaver-1.9.9.1.jar
2026-06-23 12:58:06,347 [BasicRepositoryConnector-repo.maven.apache.org-1-2] INFO  o.e.m.c.i.e.AbstractTransferListenerAdapter - Downloading https://repo.maven.apache.org/maven2/org/hibernate/orm/hibernate-core/6.1.3.Final/hibernate-core-6.1.3.Final.jar
2026-06-23 12:58:06,386 [BasicRepositoryConnector-repo.maven.apache.org-1-0] INFO  o.e.m.c.i.e.AbstractTransferListenerAdapter - Downloading https://repo.maven.apache.org/maven2/jakarta/persistence/jakarta.persistence-api/3.0.0/jakarta.persistence-api-3.0.0.jar
2026-06-23 12:58:06,418 [BasicRepositoryConnector-repo.maven.apache.org-1-1] INFO  o.e.m.c.i.e.AbstractTransferListenerAdapter - Downloaded https://repo.maven.apache.org/maven2/com/zaxxer/HikariCP/5.0.1/HikariCP-5.0.1.jar
2026-06-23 12:58:06,461 [BasicRepositoryConnector-repo.maven.apache.org-1-1] INFO  o.e.m.c.i.e.AbstractTransferListenerAdapter - Downloading https://repo.maven.apache.org/maven2/org/jboss/logging/jboss-logging/3.5.0.Final/jboss-logging-3.5.0.Final.jar
2026-06-23 12:58:06,523 [BasicRepositoryConnector-repo.maven.apache.org-1-1] INFO  o.e.m.c.i.e.AbstractTransferListenerAdapter - Downloaded https://repo.maven.apache.org/maven2/org/jboss/logging/jboss-logging/3.5.0.Final/jboss-logging-3.5.0.Final.jar
2026-06-23 12:58:06,551 [BasicRepositoryConnector-repo.maven.apache.org-1-3] INFO  o.e.m.c.i.e.AbstractTransferListenerAdapter - Downloaded https://repo.maven.apache.org/maven2/org/skyscreamer/jsonassert/1.5.1/jsonassert-1.5.1.jar
2026-06-23 12:58:06,558 [BasicRepositoryConnector-repo.maven.apache.org-1-1] INFO  o.e.m.c.i.e.AbstractTransferListenerAdapter - Downloading https://repo.maven.apache.org/maven2/org/hibernate/common/hibernate-commons-annotations/6.0.2.Final/hibernate-commons-annotations-6.0.2.Final.jar
2026-06-23 12:58:06,574 [BasicRepositoryConnector-repo.maven.apache.org-1-0] INFO  o.e.m.c.i.e.AbstractTransferListenerAdapter - Downloaded https://repo.maven.apache.org/maven2/jakarta/persistence/jakarta.persistence-api/3.0.0/jakarta.persistence-api-3.0.0.jar
2026-06-23 12:58:06,587 [BasicRepositoryConnector-repo.maven.apache.org-1-3] INFO  o.e.m.c.i.e.AbstractTransferListenerAdapter - Downloading https://repo.maven.apache.org/maven2/org/jboss/jandex/2.4.2.Final/jandex-2.4.2.Final.jar
2026-06-23 12:58:06,612 [BasicRepositoryConnector-repo.maven.apache.org-1-0] INFO  o.e.m.c.i.e.AbstractTransferListenerAdapter - Downloading https://repo.maven.apache.org/maven2/org/glassfish/jaxb/jaxb-runtime/3.0.2/jaxb-runtime-3.0.2.jar
2026-06-23 12:58:06,616 [BasicRepositoryConnector-repo.maven.apache.org-1-1] INFO  o.e.m.c.i.e.AbstractTransferListenerAdapter - Downloaded https://repo.maven.apache.org/maven2/org/hibernate/common/hibernate-commons-annotations/6.0.2.Final/hibernate-commons-annotations-6.0.2.Final.jar
2026-06-23 12:58:06,648 [BasicRepositoryConnector-repo.maven.apache.org-1-1] INFO  o.e.m.c.i.e.AbstractTransferListenerAdapter - Downloading https://repo.maven.apache.org/maven2/org/glassfish/jaxb/jaxb-core/3.0.2/jaxb-core-3.0.2.jar
2026-06-23 12:58:06,706 [BasicRepositoryConnector-repo.maven.apache.org-1-0] INFO  o.e.m.c.i.e.AbstractTransferListenerAdapter - Downloaded https://repo.maven.apache.org/maven2/org/glassfish/jaxb/jaxb-runtime/3.0.2/jaxb-runtime-3.0.2.jar
2026-06-23 12:58:06,740 [BasicRepositoryConnector-repo.maven.apache.org-1-0] INFO  o.e.m.c.i.e.AbstractTransferListenerAdapter - Downloading https://repo.maven.apache.org/maven2/org/glassfish/jaxb/txw2/3.0.2/txw2-3.0.2.jar
2026-06-23 12:58:06,773 [BasicRepositoryConnector-repo.maven.apache.org-1-1] INFO  o.e.m.c.i.e.AbstractTransferListenerAdapter - Downloaded https://repo.maven.apache.org/maven2/org/glassfish/jaxb/jaxb-core/3.0.2/jaxb-core-3.0.2.jar
2026-06-23 12:58:06,776 [BasicRepositoryConnector-repo.maven.apache.org-1-0] INFO  o.e.m.c.i.e.AbstractTransferListenerAdapter - Downloaded https://repo.maven.apache.org/maven2/org/glassfish/jaxb/txw2/3.0.2/txw2-3.0.2.jar
2026-06-23 12:58:06,805 [BasicRepositoryConnector-repo.maven.apache.org-1-1] INFO  o.e.m.c.i.e.AbstractTransferListenerAdapter - Downloading https://repo.maven.apache.org/maven2/com/sun/istack/istack-commons-runtime/4.0.1/istack-commons-runtime-4.0.1.jar
2026-06-23 12:58:06,806 [BasicRepositoryConnector-repo.maven.apache.org-1-3] INFO  o.e.m.c.i.e.AbstractTransferListenerAdapter - Downloaded https://repo.maven.apache.org/maven2/org/jboss/jandex/2.4.2.Final/jandex-2.4.2.Final.jar
2026-06-23 12:58:06,807 [BasicRepositoryConnector-repo.maven.apache.org-1-0] INFO  o.e.m.c.i.e.AbstractTransferListenerAdapter - Downloading https://repo.maven.apache.org/maven2/jakarta/inject/jakarta.inject-api/2.0.0/jakarta.inject-api-2.0.0.jar
2026-06-23 12:58:06,823 [BasicRepositoryConnector-repo.maven.apache.org-1-4] INFO  o.e.m.c.i.e.AbstractTransferListenerAdapter - Downloaded https://repo.maven.apache.org/maven2/org/objenesis/objenesis/3.2/objenesis-3.2.jar
2026-06-23 12:58:06,838 [BasicRepositoryConnector-repo.maven.apache.org-1-3] INFO  o.e.m.c.i.e.AbstractTransferListenerAdapter - Downloading https://repo.maven.apache.org/maven2/org/antlr/antlr4-runtime/4.10/antlr4-runtime-4.10.jar
2026-06-23 12:58:06,866 [BasicRepositoryConnector-repo.maven.apache.org-1-4] INFO  o.e.m.c.i.e.AbstractTransferListenerAdapter - Downloading https://repo.maven.apache.org/maven2/com/h2database/h2/2.1.214/h2-2.1.214.jar
2026-06-23 12:58:06,899 [BasicRepositoryConnector-repo.maven.apache.org-1-2] INFO  o.e.m.c.i.e.AbstractTransferListenerAdapter - Downloaded https://repo.maven.apache.org/maven2/org/hibernate/orm/hibernate-core/6.1.3.Final/hibernate-core-6.1.3.Final.jar
2026-06-23 12:58:06,984 [BasicRepositoryConnector-repo.maven.apache.org-1-0] INFO  o.e.m.c.i.e.AbstractTransferListenerAdapter - Downloaded https://repo.maven.apache.org/maven2/jakarta/inject/jakarta.inject-api/2.0.0/jakarta.inject-api-2.0.0.jar
2026-06-23 12:58:07,007 [BasicRepositoryConnector-repo.maven.apache.org-1-3] INFO  o.e.m.c.i.e.AbstractTransferListenerAdapter - Downloaded https://repo.maven.apache.org/maven2/org/antlr/antlr4-runtime/4.10/antlr4-runtime-4.10.jar
2026-06-23 12:58:07,262 [BasicRepositoryConnector-repo.maven.apache.org-1-1] INFO  o.e.m.c.i.e.AbstractTransferListenerAdapter - Downloaded https://repo.maven.apache.org/maven2/com/sun/istack/istack-commons-runtime/4.0.1/istack-commons-runtime-4.0.1.jar
2026-06-23 12:58:07,528 [BasicRepositoryConnector-repo.maven.apache.org-1-4] INFO  o.e.m.c.i.e.AbstractTransferListenerAdapter - Downloaded https://repo.maven.apache.org/maven2/com/h2database/h2/2.1.214/h2-2.1.214.jar
2026-06-23 12:58:08,720 [Worker-0: Building] INFO  o.e.m.c.i.e.AbstractTransferListenerAdapter - Downloading https://repo.spring.io/milestone/org/springframework/boot/spring-boot-maven-plugin/3.0.0-M5/spring-boot-maven-plugin-3.0.0-M5.pom
2026-06-23 12:58:08,764 [Worker-0: Building] INFO  o.e.m.c.i.e.AbstractTransferListenerAdapter - Downloaded https://repo.spring.io/milestone/org/springframework/boot/spring-boot-maven-plugin/3.0.0-M5/spring-boot-maven-plugin-3.0.0-M5.pom
2026-06-23 12:58:08,926 [Worker-0: Building] INFO  o.e.m.c.i.e.AbstractTransferListenerAdapter - Downloading https://repo.spring.io/milestone/org/springframework/boot/spring-boot-maven-plugin/3.0.0-M5/spring-boot-maven-plugin-3.0.0-M5.jar
2026-06-23 12:58:09,241 [Worker-0: Building] INFO  o.e.m.c.i.e.AbstractTransferListenerAdapter - Downloaded https://repo.spring.io/milestone/org/springframework/boot/spring-boot-maven-plugin/3.0.0-M5/spring-boot-maven-plugin-3.0.0-M5.jar
2026-06-23 12:58:09,610 [Worker-0: Building] INFO  o.e.m.c.i.e.AbstractTransferListenerAdapter - Downloaded https://repo.spring.io/milestone/org/apache/maven/plugins/maven-resources-plugin/3.3.0/maven-resources-plugin-3.3.0.jar
2026-06-23 12:58:09,724 [Worker-0: Building] INFO  o.e.m.c.i.e.AbstractTransferListenerAdapter - Downloading https://repo.maven.apache.org/maven2/org/apache/maven/plugins/maven-resources-plugin/3.3.0/maven-resources-plugin-3.3.0.jar
2026-06-23 12:58:09,976 [Worker-0: Building] INFO  o.e.m.c.i.e.AbstractTransferListenerAdapter - Downloaded https://repo.maven.apache.org/maven2/org/apache/maven/plugins/maven-resources-plugin/3.3.0/maven-resources-plugin-3.3.0.jar
2026-06-23 12:58:10,244 [Worker-0: Building] INFO  o.e.m.c.i.e.AbstractTransferListenerAdapter - Downloaded https://repo.spring.io/milestone/org/apache/maven/plugins/maven-compiler-plugin/3.10.1/maven-compiler-plugin-3.10.1.jar
2026-06-23 12:58:10,302 [Worker-0: Building] INFO  o.e.m.c.i.e.AbstractTransferListenerAdapter - Downloading https://repo.maven.apache.org/maven2/org/apache/maven/plugins/maven-compiler-plugin/3.10.1/maven-compiler-plugin-3.10.1.jar
2026-06-23 12:58:10,328 [Worker-0: Building] INFO  o.e.m.c.i.e.AbstractTransferListenerAdapter - Downloaded https://repo.maven.apache.org/maven2/org/apache/maven/plugins/maven-compiler-plugin/3.10.1/maven-compiler-plugin-3.10.1.jar
2026-06-23 12:58:10,496 [Worker-0: Building] INFO  o.e.m.c.i.e.AbstractTransferListenerAdapter - Downloaded https://repo.spring.io/milestone/org/apache/maven/plugins/maven-surefire-plugin/2.22.2/maven-surefire-plugin-2.22.2.jar
2026-06-23 12:58:10,554 [Worker-0: Building] INFO  o.e.m.c.i.e.AbstractTransferListenerAdapter - Downloading https://repo.maven.apache.org/maven2/org/apache/maven/plugins/maven-surefire-plugin/2.22.2/maven-surefire-plugin-2.22.2.jar
2026-06-23 12:58:10,743 [Worker-0: Building] INFO  o.e.m.c.i.e.AbstractTransferListenerAdapter - Downloaded https://repo.maven.apache.org/maven2/org/apache/maven/plugins/maven-surefire-plugin/2.22.2/maven-surefire-plugin-2.22.2.jar
2026-06-23 12:58:10,981 [Worker-0: Building] INFO  o.e.m.c.i.e.AbstractTransferListenerAdapter - Downloaded https://repo.spring.io/milestone/org/apache/maven/plugins/maven-jar-plugin/3.3.0/maven-jar-plugin-3.3.0.jar
2026-06-23 12:58:11,037 [Worker-0: Building] INFO  o.e.m.c.i.e.AbstractTransferListenerAdapter - Downloading https://repo.maven.apache.org/maven2/org/apache/maven/plugins/maven-jar-plugin/3.3.0/maven-jar-plugin-3.3.0.jar
2026-06-23 12:58:11,246 [Worker-0: Building] INFO  o.e.m.c.i.e.AbstractTransferListenerAdapter - Downloaded https://repo.maven.apache.org/maven2/org/apache/maven/plugins/maven-jar-plugin/3.3.0/maven-jar-plugin-3.3.0.jar
2026-06-23 12:58:11,514 [Worker-0: Building] INFO  o.e.m.c.i.e.AbstractTransferListenerAdapter - Downloaded https://repo.spring.io/milestone/org/apache/maven/plugins/maven-install-plugin/3.0.1/maven-install-plugin-3.0.1.jar
2026-06-23 12:58:11,578 [Worker-0: Building] INFO  o.e.m.c.i.e.AbstractTransferListenerAdapter - Downloading https://repo.maven.apache.org/maven2/org/apache/maven/plugins/maven-install-plugin/3.0.1/maven-install-plugin-3.0.1.jar
2026-06-23 12:58:11,767 [Worker-0: Building] INFO  o.e.m.c.i.e.AbstractTransferListenerAdapter - Downloaded https://repo.maven.apache.org/maven2/org/apache/maven/plugins/maven-install-plugin/3.0.1/maven-install-plugin-3.0.1.jar
2026-06-23 12:58:12,013 [Worker-0: Building] INFO  o.e.m.c.i.e.AbstractTransferListenerAdapter - Downloaded https://repo.spring.io/milestone/org/apache/maven/plugins/maven-deploy-plugin/3.0.0/maven-deploy-plugin-3.0.0.jar
2026-06-23 12:58:12,066 [Worker-0: Building] INFO  o.e.m.c.i.e.AbstractTransferListenerAdapter - Downloading https://repo.maven.apache.org/maven2/org/apache/maven/plugins/maven-deploy-plugin/3.0.0/maven-deploy-plugin-3.0.0.jar
2026-06-23 12:58:12,289 [Worker-0: Building] INFO  o.e.m.c.i.e.AbstractTransferListenerAdapter - Downloaded https://repo.maven.apache.org/maven2/org/apache/maven/plugins/maven-deploy-plugin/3.0.0/maven-deploy-plugin-3.0.0.jar
2026-06-23 12:58:12,558 [Worker-0: Building] INFO  o.e.m.c.i.e.AbstractTransferListenerAdapter - Downloaded https://repo.spring.io/milestone/org/apache/maven/plugins/maven-compiler-plugin/3.10.1/maven-compiler-plugin-3.10.1.pom
2026-06-23 12:58:12,612 [Worker-0: Building] INFO  o.e.m.c.i.e.AbstractTransferListenerAdapter - Downloading https://repo.maven.apache.org/maven2/org/apache/maven/plugins/maven-compiler-plugin/3.10.1/maven-compiler-plugin-3.10.1.pom
2026-06-23 12:58:12,646 [Worker-0: Building] INFO  o.e.m.c.i.e.AbstractTransferListenerAdapter - Downloaded https://repo.maven.apache.org/maven2/org/apache/maven/plugins/maven-compiler-plugin/3.10.1/maven-compiler-plugin-3.10.1.pom
2026-06-23 12:58:12,807 [Worker-0: Building] INFO  o.e.m.c.i.e.AbstractTransferListenerAdapter - Downloaded https://repo.spring.io/milestone/org/apache/maven/plugins/maven-plugins/34/maven-plugins-34.pom
2026-06-23 12:58:12,874 [Worker-0: Building] INFO  o.e.m.c.i.e.AbstractTransferListenerAdapter - Downloading https://repo.maven.apache.org/maven2/org/apache/maven/plugins/maven-plugins/34/maven-plugins-34.pom
2026-06-23 12:58:12,909 [Worker-0: Building] INFO  o.e.m.c.i.e.AbstractTransferListenerAdapter - Downloaded https://repo.maven.apache.org/maven2/org/apache/maven/plugins/maven-plugins/34/maven-plugins-34.pom
2026-06-23 12:58:13,106 [Worker-0: Building] INFO  o.e.m.c.i.e.AbstractTransferListenerAdapter - Downloaded https://repo.spring.io/milestone/org/apache/maven/shared/maven-shared-utils/3.3.4/maven-shared-utils-3.3.4.pom
2026-06-23 12:58:13,151 [Worker-0: Building] INFO  o.e.m.c.i.e.AbstractTransferListenerAdapter - Downloading https://repo.maven.apache.org/maven2/org/apache/maven/shared/maven-shared-utils/3.3.4/maven-shared-utils-3.3.4.pom
2026-06-23 12:58:13,177 [Worker-0: Building] INFO  o.e.m.c.i.e.AbstractTransferListenerAdapter - Downloaded https://repo.maven.apache.org/maven2/org/apache/maven/shared/maven-shared-utils/3.3.4/maven-shared-utils-3.3.4.pom
2026-06-23 12:58:13,353 [Worker-0: Building] INFO  o.e.m.c.i.e.AbstractTransferListenerAdapter - Downloaded https://repo.spring.io/milestone/commons-io/commons-io/2.6/commons-io-2.6.pom
2026-06-23 12:58:13,412 [Worker-0: Building] INFO  o.e.m.c.i.e.AbstractTransferListenerAdapter - Downloading https://repo.maven.apache.org/maven2/commons-io/commons-io/2.6/commons-io-2.6.pom
2026-06-23 12:58:13,446 [Worker-0: Building] INFO  o.e.m.c.i.e.AbstractTransferListenerAdapter - Downloaded https://repo.maven.apache.org/maven2/commons-io/commons-io/2.6/commons-io-2.6.pom
2026-06-23 12:58:13,611 [Worker-0: Building] INFO  o.e.m.c.i.e.AbstractTransferListenerAdapter - Downloaded https://repo.spring.io/milestone/org/apache/commons/commons-parent/42/commons-parent-42.pom
2026-06-23 12:58:13,678 [Worker-0: Building] INFO  o.e.m.c.i.e.AbstractTransferListenerAdapter - Downloading https://repo.maven.apache.org/maven2/org/apache/commons/commons-parent/42/commons-parent-42.pom
2026-06-23 12:58:13,708 [Worker-0: Building] INFO  o.e.m.c.i.e.AbstractTransferListenerAdapter - Downloaded https://repo.maven.apache.org/maven2/org/apache/commons/commons-parent/42/commons-parent-42.pom
2026-06-23 12:58:13,943 [Worker-0: Building] INFO  o.e.m.c.i.e.AbstractTransferListenerAdapter - Downloaded https://repo.spring.io/milestone/org/codehaus/plexus/plexus-java/1.1.1/plexus-java-1.1.1.pom
2026-06-23 12:58:14,001 [Worker-0: Building] INFO  o.e.m.c.i.e.AbstractTransferListenerAdapter - Downloading https://repo.maven.apache.org/maven2/org/codehaus/plexus/plexus-java/1.1.1/plexus-java-1.1.1.pom
2026-06-23 12:58:14,030 [Worker-0: Building] INFO  o.e.m.c.i.e.AbstractTransferListenerAdapter - Downloaded https://repo.maven.apache.org/maven2/org/codehaus/plexus/plexus-java/1.1.1/plexus-java-1.1.1.pom
2026-06-23 12:58:14,192 [Worker-0: Building] INFO  o.e.m.c.i.e.AbstractTransferListenerAdapter - Downloaded https://repo.spring.io/milestone/org/codehaus/plexus/plexus-languages/1.1.1/plexus-languages-1.1.1.pom
2026-06-23 12:58:14,246 [Worker-0: Building] INFO  o.e.m.c.i.e.AbstractTransferListenerAdapter - Downloading https://repo.maven.apache.org/maven2/org/codehaus/plexus/plexus-languages/1.1.1/plexus-languages-1.1.1.pom
2026-06-23 12:58:14,271 [Worker-0: Building] INFO  o.e.m.c.i.e.AbstractTransferListenerAdapter - Downloaded https://repo.maven.apache.org/maven2/org/codehaus/plexus/plexus-languages/1.1.1/plexus-languages-1.1.1.pom
2026-06-23 12:58:14,423 [Worker-0: Building] INFO  o.e.m.c.i.e.AbstractTransferListenerAdapter - Downloaded https://repo.spring.io/milestone/org/codehaus/plexus/plexus/8/plexus-8.pom
2026-06-23 12:58:14,484 [Worker-0: Building] INFO  o.e.m.c.i.e.AbstractTransferListenerAdapter - Downloading https://repo.maven.apache.org/maven2/org/codehaus/plexus/plexus/8/plexus-8.pom
2026-06-23 12:58:14,527 [Worker-0: Building] INFO  o.e.m.c.i.e.AbstractTransferListenerAdapter - Downloaded https://repo.maven.apache.org/maven2/org/codehaus/plexus/plexus/8/plexus-8.pom
2026-06-23 12:58:14,688 [Worker-0: Building] INFO  o.e.m.c.i.e.AbstractTransferListenerAdapter - Downloaded https://repo.spring.io/milestone/org/ow2/asm/asm/9.2/asm-9.2.pom
2026-06-23 12:58:14,749 [Worker-0: Building] INFO  o.e.m.c.i.e.AbstractTransferListenerAdapter - Downloading https://repo.maven.apache.org/maven2/org/ow2/asm/asm/9.2/asm-9.2.pom
2026-06-23 12:58:14,778 [Worker-0: Building] INFO  o.e.m.c.i.e.AbstractTransferListenerAdapter - Downloaded https://repo.maven.apache.org/maven2/org/ow2/asm/asm/9.2/asm-9.2.pom
2026-06-23 12:58:14,933 [Worker-0: Building] INFO  o.e.m.c.i.e.AbstractTransferListenerAdapter - Downloaded https://repo.spring.io/milestone/com/thoughtworks/qdox/qdox/2.0.1/qdox-2.0.1.pom
2026-06-23 12:58:15,010 [Worker-0: Building] INFO  o.e.m.c.i.e.AbstractTransferListenerAdapter - Downloading https://repo.maven.apache.org/maven2/com/thoughtworks/qdox/qdox/2.0.1/qdox-2.0.1.pom
2026-06-23 12:58:15,037 [Worker-0: Building] INFO  o.e.m.c.i.e.AbstractTransferListenerAdapter - Downloaded https://repo.maven.apache.org/maven2/com/thoughtworks/qdox/qdox/2.0.1/qdox-2.0.1.pom
2026-06-23 12:58:15,202 [Worker-0: Building] INFO  o.e.m.c.i.e.AbstractTransferListenerAdapter - Downloaded https://repo.spring.io/milestone/org/codehaus/plexus/plexus-compiler-api/2.11.1/plexus-compiler-api-2.11.1.pom
2026-06-23 12:58:15,255 [Worker-0: Building] INFO  o.e.m.c.i.e.AbstractTransferListenerAdapter - Downloading https://repo.maven.apache.org/maven2/org/codehaus/plexus/plexus-compiler-api/2.11.1/plexus-compiler-api-2.11.1.pom
2026-06-23 12:58:15,288 [Worker-0: Building] INFO  o.e.m.c.i.e.AbstractTransferListenerAdapter - Downloaded https://repo.maven.apache.org/maven2/org/codehaus/plexus/plexus-compiler-api/2.11.1/plexus-compiler-api-2.11.1.pom
2026-06-23 12:58:15,441 [Worker-0: Building] INFO  o.e.m.c.i.e.AbstractTransferListenerAdapter - Downloaded https://repo.spring.io/milestone/org/codehaus/plexus/plexus-compiler/2.11.1/plexus-compiler-2.11.1.pom
2026-06-23 12:58:15,495 [Worker-0: Building] INFO  o.e.m.c.i.e.AbstractTransferListenerAdapter - Downloading https://repo.maven.apache.org/maven2/org/codehaus/plexus/plexus-compiler/2.11.1/plexus-compiler-2.11.1.pom
2026-06-23 12:58:15,528 [Worker-0: Building] INFO  o.e.m.c.i.e.AbstractTransferListenerAdapter - Downloaded https://repo.maven.apache.org/maven2/org/codehaus/plexus/plexus-compiler/2.11.1/plexus-compiler-2.11.1.pom
2026-06-23 12:58:15,693 [Worker-0: Building] INFO  o.e.m.c.i.e.AbstractTransferListenerAdapter - Downloaded https://repo.spring.io/milestone/org/codehaus/plexus/plexus-components/6.6/plexus-components-6.6.pom
2026-06-23 12:58:15,754 [Worker-0: Building] INFO  o.e.m.c.i.e.AbstractTransferListenerAdapter - Downloading https://repo.maven.apache.org/maven2/org/codehaus/plexus/plexus-components/6.6/plexus-components-6.6.pom
2026-06-23 12:58:15,792 [Worker-0: Building] INFO  o.e.m.c.i.e.AbstractTransferListenerAdapter - Downloaded https://repo.maven.apache.org/maven2/org/codehaus/plexus/plexus-components/6.6/plexus-components-6.6.pom
2026-06-23 12:58:15,952 [Worker-0: Building] INFO  o.e.m.c.i.e.AbstractTransferListenerAdapter - Downloaded https://repo.spring.io/milestone/org/codehaus/plexus/plexus-utils/3.4.1/plexus-utils-3.4.1.pom
2026-06-23 12:58:16,038 [Worker-0: Building] INFO  o.e.m.c.i.e.AbstractTransferListenerAdapter - Downloading https://repo.maven.apache.org/maven2/org/codehaus/plexus/plexus-utils/3.4.1/plexus-utils-3.4.1.pom
2026-06-23 12:58:16,079 [Worker-0: Building] INFO  o.e.m.c.i.e.AbstractTransferListenerAdapter - Downloaded https://repo.maven.apache.org/maven2/org/codehaus/plexus/plexus-utils/3.4.1/plexus-utils-3.4.1.pom
2026-06-23 12:58:16,233 [Worker-0: Building] INFO  o.e.m.c.i.e.AbstractTransferListenerAdapter - Downloaded https://repo.spring.io/milestone/org/codehaus/plexus/plexus-compiler-manager/2.11.1/plexus-compiler-manager-2.11.1.pom
2026-06-23 12:58:16,295 [Worker-0: Building] INFO  o.e.m.c.i.e.AbstractTransferListenerAdapter - Downloading https://repo.maven.apache.org/maven2/org/codehaus/plexus/plexus-compiler-manager/2.11.1/plexus-compiler-manager-2.11.1.pom
2026-06-23 12:58:16,323 [Worker-0: Building] INFO  o.e.m.c.i.e.AbstractTransferListenerAdapter - Downloaded https://repo.maven.apache.org/maven2/org/codehaus/plexus/plexus-compiler-manager/2.11.1/plexus-compiler-manager-2.11.1.pom
2026-06-23 12:58:16,480 [Worker-0: Building] INFO  o.e.m.c.i.e.AbstractTransferListenerAdapter - Downloaded https://repo.spring.io/milestone/org/codehaus/plexus/plexus-compiler-javac/2.11.1/plexus-compiler-javac-2.11.1.pom
2026-06-23 12:58:16,534 [Worker-0: Building] INFO  o.e.m.c.i.e.AbstractTransferListenerAdapter - Downloading https://repo.maven.apache.org/maven2/org/codehaus/plexus/plexus-compiler-javac/2.11.1/plexus-compiler-javac-2.11.1.pom
2026-06-23 12:58:16,559 [Worker-0: Building] INFO  o.e.m.c.i.e.AbstractTransferListenerAdapter - Downloaded https://repo.maven.apache.org/maven2/org/codehaus/plexus/plexus-compiler-javac/2.11.1/plexus-compiler-javac-2.11.1.pom
2026-06-23 12:58:16,711 [Worker-0: Building] INFO  o.e.m.c.i.e.AbstractTransferListenerAdapter - Downloaded https://repo.spring.io/milestone/org/codehaus/plexus/plexus-compilers/2.11.1/plexus-compilers-2.11.1.pom
2026-06-23 12:58:16,760 [Worker-0: Building] INFO  o.e.m.c.i.e.AbstractTransferListenerAdapter - Downloading https://repo.maven.apache.org/maven2/org/codehaus/plexus/plexus-compilers/2.11.1/plexus-compilers-2.11.1.pom
2026-06-23 12:58:16,784 [Worker-0: Building] INFO  o.e.m.c.i.e.AbstractTransferListenerAdapter - Downloaded https://repo.maven.apache.org/maven2/org/codehaus/plexus/plexus-compilers/2.11.1/plexus-compilers-2.11.1.pom
2026-06-23 12:58:16,950 [Worker-0: Building] INFO  o.e.m.c.i.e.AbstractTransferListenerAdapter - Downloaded https://repo.spring.io/milestone/org/apache/maven/shared/maven-shared-utils/3.3.4/maven-shared-utils-3.3.4.jar
2026-06-23 12:58:17,097 [BasicRepositoryConnector-repo.spring.io-2-1] INFO  o.e.m.c.i.e.AbstractTransferListenerAdapter - Downloaded https://repo.spring.io/milestone/org/codehaus/plexus/plexus-java/1.1.1/plexus-java-1.1.1.jar
2026-06-23 12:58:17,244 [BasicRepositoryConnector-repo.spring.io-2-1] INFO  o.e.m.c.i.e.AbstractTransferListenerAdapter - Downloaded https://repo.spring.io/milestone/org/codehaus/plexus/plexus-utils/3.4.1/plexus-utils-3.4.1.jar
2026-06-23 12:58:17,391 [BasicRepositoryConnector-repo.spring.io-2-1] INFO  o.e.m.c.i.e.AbstractTransferListenerAdapter - Downloaded https://repo.spring.io/milestone/org/codehaus/plexus/plexus-compiler-manager/2.11.1/plexus-compiler-manager-2.11.1.jar
2026-06-23 12:58:17,529 [BasicRepositoryConnector-repo.spring.io-2-4] INFO  o.e.m.c.i.e.AbstractTransferListenerAdapter - Downloaded https://repo.spring.io/milestone/org/codehaus/plexus/plexus-compiler-api/2.11.1/plexus-compiler-api-2.11.1.jar
2026-06-23 12:58:17,530 [BasicRepositoryConnector-repo.spring.io-2-3] INFO  o.e.m.c.i.e.AbstractTransferListenerAdapter - Downloaded https://repo.spring.io/milestone/com/thoughtworks/qdox/qdox/2.0.1/qdox-2.0.1.jar
2026-06-23 12:58:17,532 [BasicRepositoryConnector-repo.spring.io-2-0] INFO  o.e.m.c.i.e.AbstractTransferListenerAdapter - Downloaded https://repo.spring.io/milestone/commons-io/commons-io/2.6/commons-io-2.6.jar
2026-06-23 12:58:17,536 [BasicRepositoryConnector-repo.spring.io-2-2] INFO  o.e.m.c.i.e.AbstractTransferListenerAdapter - Downloaded https://repo.spring.io/milestone/org/ow2/asm/asm/9.2/asm-9.2.jar
2026-06-23 12:58:17,537 [BasicRepositoryConnector-repo.spring.io-2-1] INFO  o.e.m.c.i.e.AbstractTransferListenerAdapter - Downloaded https://repo.spring.io/milestone/org/codehaus/plexus/plexus-compiler-javac/2.11.1/plexus-compiler-javac-2.11.1.jar
2026-06-23 12:58:17,616 [Worker-0: Building] INFO  o.e.m.c.i.e.AbstractTransferListenerAdapter - Downloading https://repo.maven.apache.org/maven2/org/apache/maven/shared/maven-shared-utils/3.3.4/maven-shared-utils-3.3.4.jar
2026-06-23 12:58:17,649 [Worker-0: Building] INFO  o.e.m.c.i.e.AbstractTransferListenerAdapter - Downloaded https://repo.maven.apache.org/maven2/org/apache/maven/shared/maven-shared-utils/3.3.4/maven-shared-utils-3.3.4.jar
2026-06-23 12:58:17,691 [BasicRepositoryConnector-repo.maven.apache.org-3-1] INFO  o.e.m.c.i.e.AbstractTransferListenerAdapter - Downloading https://repo.maven.apache.org/maven2/org/codehaus/plexus/plexus-java/1.1.1/plexus-java-1.1.1.jar
2026-06-23 12:58:17,716 [BasicRepositoryConnector-repo.maven.apache.org-3-1] INFO  o.e.m.c.i.e.AbstractTransferListenerAdapter - Downloaded https://repo.maven.apache.org/maven2/org/codehaus/plexus/plexus-java/1.1.1/plexus-java-1.1.1.jar
2026-06-23 12:58:17,719 [BasicRepositoryConnector-repo.maven.apache.org-3-0] INFO  o.e.m.c.i.e.AbstractTransferListenerAdapter - Downloading https://repo.maven.apache.org/maven2/commons-io/commons-io/2.6/commons-io-2.6.jar
2026-06-23 12:58:17,723 [BasicRepositoryConnector-repo.maven.apache.org-3-4] INFO  o.e.m.c.i.e.AbstractTransferListenerAdapter - Downloading https://repo.maven.apache.org/maven2/org/codehaus/plexus/plexus-compiler-api/2.11.1/plexus-compiler-api-2.11.1.jar
2026-06-23 12:58:17,724 [BasicRepositoryConnector-repo.maven.apache.org-3-3] INFO  o.e.m.c.i.e.AbstractTransferListenerAdapter - Downloading https://repo.maven.apache.org/maven2/com/thoughtworks/qdox/qdox/2.0.1/qdox-2.0.1.jar
2026-06-23 12:58:17,748 [BasicRepositoryConnector-repo.maven.apache.org-3-2] INFO  o.e.m.c.i.e.AbstractTransferListenerAdapter - Downloading https://repo.maven.apache.org/maven2/org/ow2/asm/asm/9.2/asm-9.2.jar
2026-06-23 12:58:17,838 [BasicRepositoryConnector-repo.maven.apache.org-3-1] INFO  o.e.m.c.i.e.AbstractTransferListenerAdapter - Downloading https://repo.maven.apache.org/maven2/org/codehaus/plexus/plexus-utils/3.4.1/plexus-utils-3.4.1.jar
2026-06-23 12:58:17,869 [BasicRepositoryConnector-repo.maven.apache.org-3-0] INFO  o.e.m.c.i.e.AbstractTransferListenerAdapter - Downloaded https://repo.maven.apache.org/maven2/commons-io/commons-io/2.6/commons-io-2.6.jar
2026-06-23 12:58:17,870 [BasicRepositoryConnector-repo.maven.apache.org-3-2] INFO  o.e.m.c.i.e.AbstractTransferListenerAdapter - Downloaded https://repo.maven.apache.org/maven2/org/ow2/asm/asm/9.2/asm-9.2.jar
2026-06-23 12:58:17,883 [BasicRepositoryConnector-repo.maven.apache.org-3-1] INFO  o.e.m.c.i.e.AbstractTransferListenerAdapter - Downloaded https://repo.maven.apache.org/maven2/org/codehaus/plexus/plexus-utils/3.4.1/plexus-utils-3.4.1.jar
2026-06-23 12:58:17,894 [BasicRepositoryConnector-repo.maven.apache.org-3-3] INFO  o.e.m.c.i.e.AbstractTransferListenerAdapter - Downloaded https://repo.maven.apache.org/maven2/com/thoughtworks/qdox/qdox/2.0.1/qdox-2.0.1.jar
2026-06-23 12:58:17,905 [BasicRepositoryConnector-repo.maven.apache.org-3-0] INFO  o.e.m.c.i.e.AbstractTransferListenerAdapter - Downloading https://repo.maven.apache.org/maven2/org/codehaus/plexus/plexus-compiler-manager/2.11.1/plexus-compiler-manager-2.11.1.jar
2026-06-23 12:58:17,921 [BasicRepositoryConnector-repo.maven.apache.org-3-2] INFO  o.e.m.c.i.e.AbstractTransferListenerAdapter - Downloading https://repo.maven.apache.org/maven2/org/codehaus/plexus/plexus-compiler-javac/2.11.1/plexus-compiler-javac-2.11.1.jar
2026-06-23 12:58:17,965 [BasicRepositoryConnector-repo.maven.apache.org-3-0] INFO  o.e.m.c.i.e.AbstractTransferListenerAdapter - Downloaded https://repo.maven.apache.org/maven2/org/codehaus/plexus/plexus-compiler-manager/2.11.1/plexus-compiler-manager-2.11.1.jar
2026-06-23 12:58:18,037 [BasicRepositoryConnector-repo.maven.apache.org-3-4] INFO  o.e.m.c.i.e.AbstractTransferListenerAdapter - Downloaded https://repo.maven.apache.org/maven2/org/codehaus/plexus/plexus-compiler-api/2.11.1/plexus-compiler-api-2.11.1.jar
2026-06-23 12:58:18,093 [BasicRepositoryConnector-repo.maven.apache.org-3-2] INFO  o.e.m.c.i.e.AbstractTransferListenerAdapter - Downloaded https://repo.maven.apache.org/maven2/org/codehaus/plexus/plexus-compiler-javac/2.11.1/plexus-compiler-javac-2.11.1.jar
2026-06-23 12:58:18,279 [Worker-0: Building] INFO  o.e.m.c.i.l.LifecycleMappingFactory - Using org.eclipse.m2e.jdt.JarLifecycleMapping lifecycle mapping for MavenProject: com.educandoweb:course:0.0.1-SNAPSHOT @ C:\Users\USUARIO\Documents\Cursos\04. JAVA - Orientação à Objeto\Curso - Java\019. Project Web Services\workshop-springboot4-jpa\pom.xml.
2026-06-23 12:58:19,507 [Worker-0: Building] INFO  o.e.m.c.i.e.AbstractTransferListenerAdapter - Downloaded https://repo.spring.io/milestone/org/apache/maven/plugins/maven-resources-plugin/3.3.0/maven-resources-plugin-3.3.0.pom
2026-06-23 12:58:19,556 [Worker-0: Building] INFO  o.e.m.c.i.e.AbstractTransferListenerAdapter - Downloading https://repo.maven.apache.org/maven2/org/apache/maven/plugins/maven-resources-plugin/3.3.0/maven-resources-plugin-3.3.0.pom
2026-06-23 12:58:19,585 [Worker-0: Building] INFO  o.e.m.c.i.e.AbstractTransferListenerAdapter - Downloaded https://repo.maven.apache.org/maven2/org/apache/maven/plugins/maven-resources-plugin/3.3.0/maven-resources-plugin-3.3.0.pom
2026-06-23 12:58:19,744 [Worker-0: Building] INFO  o.e.m.c.i.e.AbstractTransferListenerAdapter - Downloaded https://repo.spring.io/milestone/org/apache/maven/plugins/maven-plugins/36/maven-plugins-36.pom
2026-06-23 12:58:19,798 [Worker-0: Building] INFO  o.e.m.c.i.e.AbstractTransferListenerAdapter - Downloading https://repo.maven.apache.org/maven2/org/apache/maven/plugins/maven-plugins/36/maven-plugins-36.pom
2026-06-23 12:58:19,834 [Worker-0: Building] INFO  o.e.m.c.i.e.AbstractTransferListenerAdapter - Downloaded https://repo.maven.apache.org/maven2/org/apache/maven/plugins/maven-plugins/36/maven-plugins-36.pom
2026-06-23 12:58:20,042 [Worker-0: Building] INFO  o.e.m.c.i.e.AbstractTransferListenerAdapter - Downloaded https://repo.spring.io/milestone/org/apache/maven/plugins/maven-jar-plugin/3.3.0/maven-jar-plugin-3.3.0.pom
2026-06-23 12:58:20,095 [Worker-0: Building] INFO  o.e.m.c.i.e.AbstractTransferListenerAdapter - Downloading https://repo.maven.apache.org/maven2/org/apache/maven/plugins/maven-jar-plugin/3.3.0/maven-jar-plugin-3.3.0.pom
2026-06-23 12:58:20,126 [Worker-0: Building] INFO  o.e.m.c.i.e.AbstractTransferListenerAdapter - Downloaded https://repo.maven.apache.org/maven2/org/apache/maven/plugins/maven-jar-plugin/3.3.0/maven-jar-plugin-3.3.0.pom
2026-06-23 12:58:20,278 [Worker-0: Building] INFO  o.e.m.c.i.e.AbstractTransferListenerAdapter - Downloaded https://repo.spring.io/milestone/org/apache/maven/plugins/maven-plugins/37/maven-plugins-37.pom
2026-06-23 12:58:20,346 [Worker-0: Building] INFO  o.e.m.c.i.e.AbstractTransferListenerAdapter - Downloading https://repo.maven.apache.org/maven2/org/apache/maven/plugins/maven-plugins/37/maven-plugins-37.pom
2026-06-23 12:58:20,383 [Worker-0: Building] INFO  o.e.m.c.i.e.AbstractTransferListenerAdapter - Downloaded https://repo.maven.apache.org/maven2/org/apache/maven/plugins/maven-plugins/37/maven-plugins-37.pom
2026-06-23 12:58:20,542 [Worker-0: Building] INFO  o.e.m.c.i.e.AbstractTransferListenerAdapter - Downloaded https://repo.spring.io/milestone/org/apache/maven/maven-parent/37/maven-parent-37.pom
2026-06-23 12:58:20,601 [Worker-0: Building] INFO  o.e.m.c.i.e.AbstractTransferListenerAdapter - Downloading https://repo.maven.apache.org/maven2/org/apache/maven/maven-parent/37/maven-parent-37.pom
2026-06-23 12:58:20,611 [Worker-7: Download sources and javadoc] INFO  o.e.m.c.i.e.AbstractTransferListenerAdapter - Downloading https://repo.spring.io/milestone/org/springframework/boot/spring-boot-starter-web/3.0.0-M5/spring-boot-starter-web-3.0.0-M5-sources.jar
2026-06-23 12:58:20,629 [Worker-0: Building] INFO  o.e.m.c.i.e.AbstractTransferListenerAdapter - Downloaded https://repo.maven.apache.org/maven2/org/apache/maven/maven-parent/37/maven-parent-37.pom
2026-06-23 12:58:20,653 [Worker-7: Download sources and javadoc] INFO  o.e.m.c.i.e.AbstractTransferListenerAdapter - Downloaded https://repo.spring.io/milestone/org/springframework/boot/spring-boot-starter-web/3.0.0-M5/spring-boot-starter-web-3.0.0-M5-sources.jar
2026-06-23 12:58:20,658 [Worker-7: Download sources and javadoc] INFO  o.e.m.j.internal.DownloadSourcesJob - Downloaded sources for org.springframework.boot:spring-boot-starter-web:3.0.0-M5
2026-06-23 12:58:20,833 [Worker-0: Building] INFO  o.e.m.c.i.e.AbstractTransferListenerAdapter - Downloaded https://repo.spring.io/milestone/org/apache/maven/shared/maven-filtering/3.3.0/maven-filtering-3.3.0.pom
2026-06-23 12:58:20,899 [Worker-0: Building] INFO  o.e.m.c.i.e.AbstractTransferListenerAdapter - Downloading https://repo.maven.apache.org/maven2/org/apache/maven/shared/maven-filtering/3.3.0/maven-filtering-3.3.0.pom
2026-06-23 12:58:20,925 [Worker-0: Building] INFO  o.e.m.c.i.e.AbstractTransferListenerAdapter - Downloaded https://repo.maven.apache.org/maven2/org/apache/maven/shared/maven-filtering/3.3.0/maven-filtering-3.3.0.pom
2026-06-23 12:58:21,091 [Worker-0: Building] INFO  o.e.m.c.i.e.AbstractTransferListenerAdapter - Downloaded https://repo.spring.io/milestone/org/codehaus/plexus/plexus-utils/3.3.0/plexus-utils-3.3.0.pom
2026-06-23 12:58:21,097 [Worker-7: Download sources and javadoc] INFO  o.e.m.c.i.e.AbstractTransferListenerAdapter - Downloading https://repo.spring.io/milestone/org/springframework/boot/spring-boot-starter/3.0.0-M5/spring-boot-starter-3.0.0-M5-sources.jar
2026-06-23 12:58:21,137 [Worker-7: Download sources and javadoc] INFO  o.e.m.c.i.e.AbstractTransferListenerAdapter - Downloaded https://repo.spring.io/milestone/org/springframework/boot/spring-boot-starter/3.0.0-M5/spring-boot-starter-3.0.0-M5-sources.jar
2026-06-23 12:58:21,142 [Worker-7: Download sources and javadoc] INFO  o.e.m.j.internal.DownloadSourcesJob - Downloaded sources for org.springframework.boot:spring-boot-starter:3.0.0-M5
2026-06-23 12:58:21,144 [Worker-0: Building] INFO  o.e.m.c.i.e.AbstractTransferListenerAdapter - Downloading https://repo.maven.apache.org/maven2/org/codehaus/plexus/plexus-utils/3.3.0/plexus-utils-3.3.0.pom
2026-06-23 12:58:21,170 [Worker-0: Building] INFO  o.e.m.c.i.e.AbstractTransferListenerAdapter - Downloaded https://repo.maven.apache.org/maven2/org/codehaus/plexus/plexus-utils/3.3.0/plexus-utils-3.3.0.pom
2026-06-23 12:58:21,352 [Worker-0: Building] INFO  o.e.m.c.i.e.AbstractTransferListenerAdapter - Downloaded https://repo.spring.io/milestone/org/apache/maven/shared/maven-filtering/3.3.0/maven-filtering-3.3.0.jar
2026-06-23 12:58:21,498 [BasicRepositoryConnector-repo.spring.io-4-0] INFO  o.e.m.c.i.e.AbstractTransferListenerAdapter - Downloaded https://repo.spring.io/milestone/org/codehaus/plexus/plexus-utils/3.3.0/plexus-utils-3.3.0.jar
2026-06-23 12:58:21,556 [Worker-0: Building] INFO  o.e.m.c.i.e.AbstractTransferListenerAdapter - Downloading https://repo.maven.apache.org/maven2/org/apache/maven/shared/maven-filtering/3.3.0/maven-filtering-3.3.0.jar
2026-06-23 12:58:21,586 [Worker-0: Building] INFO  o.e.m.c.i.e.AbstractTransferListenerAdapter - Downloaded https://repo.maven.apache.org/maven2/org/apache/maven/shared/maven-filtering/3.3.0/maven-filtering-3.3.0.jar
2026-06-23 12:58:21,621 [BasicRepositoryConnector-repo.maven.apache.org-5-0] INFO  o.e.m.c.i.e.AbstractTransferListenerAdapter - Downloading https://repo.maven.apache.org/maven2/org/codehaus/plexus/plexus-utils/3.3.0/plexus-utils-3.3.0.jar
2026-06-23 12:58:21,661 [BasicRepositoryConnector-repo.maven.apache.org-5-0] INFO  o.e.m.c.i.e.AbstractTransferListenerAdapter - Downloaded https://repo.maven.apache.org/maven2/org/codehaus/plexus/plexus-utils/3.3.0/plexus-utils-3.3.0.jar
2026-06-23 12:58:21,716 [Worker-0: Building] INFO  o.a.m.s.f.DefaultMavenResourcesFiltering - Copying 4 resources
2026-06-23 12:58:21,722 [Worker-0: Building] INFO  o.a.m.s.f.DefaultMavenResourcesFiltering - skip non existing resourceDirectory C:\Users\USUARIO\Documents\Cursos\04. JAVA - Orientação à Objeto\Curso - Java\019. Project Web Services\workshop-springboot4-jpa\src\test\resources
2026-06-23 12:58:21,875 [Worker-0: Building] INFO  o.e.m.c.i.e.AbstractTransferListenerAdapter - Downloaded https://repo.spring.io/milestone/org/apache/maven/plugins/maven-surefire-plugin/2.22.2/maven-surefire-plugin-2.22.2.pom
2026-06-23 12:58:21,939 [Worker-0: Building] INFO  o.e.m.c.i.e.AbstractTransferListenerAdapter - Downloading https://repo.maven.apache.org/maven2/org/apache/maven/plugins/maven-surefire-plugin/2.22.2/maven-surefire-plugin-2.22.2.pom
2026-06-23 12:58:21,966 [Worker-0: Building] INFO  o.e.m.c.i.e.AbstractTransferListenerAdapter - Downloaded https://repo.maven.apache.org/maven2/org/apache/maven/plugins/maven-surefire-plugin/2.22.2/maven-surefire-plugin-2.22.2.pom
2026-06-23 12:58:22,118 [Worker-0: Building] INFO  o.e.m.c.i.e.AbstractTransferListenerAdapter - Downloaded https://repo.spring.io/milestone/org/apache/maven/surefire/surefire/2.22.2/surefire-2.22.2.pom
2026-06-23 12:58:22,171 [Worker-0: Building] INFO  o.e.m.c.i.e.AbstractTransferListenerAdapter - Downloading https://repo.maven.apache.org/maven2/org/apache/maven/surefire/surefire/2.22.2/surefire-2.22.2.pom
2026-06-23 12:58:22,202 [Worker-0: Building] INFO  o.e.m.c.i.e.AbstractTransferListenerAdapter - Downloaded https://repo.maven.apache.org/maven2/org/apache/maven/surefire/surefire/2.22.2/surefire-2.22.2.pom
2026-06-23 12:58:22,315 [Worker-7: Download sources and javadoc] INFO  o.e.m.c.i.e.AbstractTransferListenerAdapter - Downloading https://repo.spring.io/milestone/org/springframework/boot/spring-boot/3.0.0-M5/spring-boot-3.0.0-M5-sources.jar
2026-06-23 12:58:22,421 [Worker-0: Building] INFO  o.e.m.c.i.e.AbstractTransferListenerAdapter - Downloaded https://repo.spring.io/milestone/org/apache/maven/maven-archiver/3.6.0/maven-archiver-3.6.0.pom
2026-06-23 12:58:22,476 [Worker-0: Building] INFO  o.e.m.c.i.e.AbstractTransferListenerAdapter - Downloading https://repo.maven.apache.org/maven2/org/apache/maven/maven-archiver/3.6.0/maven-archiver-3.6.0.pom
2026-06-23 12:58:22,505 [Worker-0: Building] INFO  o.e.m.c.i.e.AbstractTransferListenerAdapter - Downloaded https://repo.maven.apache.org/maven2/org/apache/maven/maven-archiver/3.6.0/maven-archiver-3.6.0.pom
2026-06-23 12:58:22,659 [Worker-0: Building] INFO  o.e.m.c.i.e.AbstractTransferListenerAdapter - Downloaded https://repo.spring.io/milestone/org/codehaus/plexus/plexus-io/3.4.0/plexus-io-3.4.0.pom
2026-06-23 12:58:22,714 [Worker-0: Building] INFO  o.e.m.c.i.e.AbstractTransferListenerAdapter - Downloading https://repo.maven.apache.org/maven2/org/codehaus/plexus/plexus-io/3.4.0/plexus-io-3.4.0.pom
2026-06-23 12:58:22,739 [Worker-0: Building] INFO  o.e.m.c.i.e.AbstractTransferListenerAdapter - Downloaded https://repo.maven.apache.org/maven2/org/codehaus/plexus/plexus-io/3.4.0/plexus-io-3.4.0.pom
2026-06-23 12:58:22,894 [Worker-0: Building] INFO  o.e.m.c.i.e.AbstractTransferListenerAdapter - Downloaded https://repo.spring.io/milestone/org/codehaus/plexus/plexus-archiver/4.4.0/plexus-archiver-4.4.0.pom
2026-06-23 12:58:22,952 [Worker-0: Building] INFO  o.e.m.c.i.e.AbstractTransferListenerAdapter - Downloading https://repo.maven.apache.org/maven2/org/codehaus/plexus/plexus-archiver/4.4.0/plexus-archiver-4.4.0.pom
2026-06-23 12:58:22,982 [Worker-0: Building] INFO  o.e.m.c.i.e.AbstractTransferListenerAdapter - Downloaded https://repo.maven.apache.org/maven2/org/codehaus/plexus/plexus-archiver/4.4.0/plexus-archiver-4.4.0.pom
2026-06-23 12:58:23,134 [Worker-0: Building] INFO  o.e.m.c.i.e.AbstractTransferListenerAdapter - Downloaded https://repo.spring.io/milestone/org/apache/commons/commons-compress/1.21/commons-compress-1.21.pom
2026-06-23 12:58:23,197 [Worker-0: Building] INFO  o.e.m.c.i.e.AbstractTransferListenerAdapter - Downloading https://repo.maven.apache.org/maven2/org/apache/commons/commons-compress/1.21/commons-compress-1.21.pom
2026-06-23 12:58:23,225 [Worker-0: Building] INFO  o.e.m.c.i.e.AbstractTransferListenerAdapter - Downloaded https://repo.maven.apache.org/maven2/org/apache/commons/commons-compress/1.21/commons-compress-1.21.pom
2026-06-23 12:58:23,345 [Worker-7: Download sources and javadoc] INFO  o.e.m.c.i.e.AbstractTransferListenerAdapter - Downloaded https://repo.spring.io/milestone/org/springframework/boot/spring-boot/3.0.0-M5/spring-boot-3.0.0-M5-sources.jar
2026-06-23 12:58:23,352 [Worker-7: Download sources and javadoc] INFO  o.e.m.j.internal.DownloadSourcesJob - Downloaded sources for org.springframework.boot:spring-boot:3.0.0-M5
2026-06-23 12:58:23,394 [Worker-0: Building] INFO  o.e.m.c.i.e.AbstractTransferListenerAdapter - Downloaded https://repo.spring.io/milestone/org/codehaus/plexus/plexus-utils/3.4.2/plexus-utils-3.4.2.pom
2026-06-23 12:58:23,443 [Worker-0: Building] INFO  o.e.m.c.i.e.AbstractTransferListenerAdapter - Downloading https://repo.maven.apache.org/maven2/org/codehaus/plexus/plexus-utils/3.4.2/plexus-utils-3.4.2.pom
2026-06-23 12:58:23,474 [Worker-0: Building] INFO  o.e.m.c.i.e.AbstractTransferListenerAdapter - Downloaded https://repo.maven.apache.org/maven2/org/codehaus/plexus/plexus-utils/3.4.2/plexus-utils-3.4.2.pom
2026-06-23 12:58:23,656 [Worker-0: Building] INFO  o.e.m.c.i.e.AbstractTransferListenerAdapter - Downloaded https://repo.spring.io/milestone/org/apache/maven/maven-archiver/3.6.0/maven-archiver-3.6.0.jar
2026-06-23 12:58:23,804 [BasicRepositoryConnector-repo.spring.io-6-0] INFO  o.e.m.c.i.e.AbstractTransferListenerAdapter - Downloaded https://repo.spring.io/milestone/org/codehaus/plexus/plexus-io/3.4.0/plexus-io-3.4.0.jar
2026-06-23 12:58:23,807 [BasicRepositoryConnector-repo.spring.io-6-1] INFO  o.e.m.c.i.e.AbstractTransferListenerAdapter - Downloaded https://repo.spring.io/milestone/org/codehaus/plexus/plexus-archiver/4.4.0/plexus-archiver-4.4.0.jar
2026-06-23 12:58:23,807 [BasicRepositoryConnector-repo.spring.io-6-3] INFO  o.e.m.c.i.e.AbstractTransferListenerAdapter - Downloaded https://repo.spring.io/milestone/org/codehaus/plexus/plexus-utils/3.4.2/plexus-utils-3.4.2.jar
2026-06-23 12:58:23,808 [BasicRepositoryConnector-repo.spring.io-6-2] INFO  o.e.m.c.i.e.AbstractTransferListenerAdapter - Downloaded https://repo.spring.io/milestone/org/apache/commons/commons-compress/1.21/commons-compress-1.21.jar
2026-06-23 12:58:23,867 [Worker-0: Building] INFO  o.e.m.c.i.e.AbstractTransferListenerAdapter - Downloading https://repo.maven.apache.org/maven2/org/apache/maven/maven-archiver/3.6.0/maven-archiver-3.6.0.jar
2026-06-23 12:58:24,051 [Worker-0: Building] INFO  o.e.m.c.i.e.AbstractTransferListenerAdapter - Downloaded https://repo.maven.apache.org/maven2/org/apache/maven/maven-archiver/3.6.0/maven-archiver-3.6.0.jar
2026-06-23 12:58:24,084 [BasicRepositoryConnector-repo.maven.apache.org-7-2] INFO  o.e.m.c.i.e.AbstractTransferListenerAdapter - Downloading https://repo.maven.apache.org/maven2/org/apache/commons/commons-compress/1.21/commons-compress-1.21.jar
2026-06-23 12:58:24,084 [BasicRepositoryConnector-repo.maven.apache.org-7-3] INFO  o.e.m.c.i.e.AbstractTransferListenerAdapter - Downloading https://repo.maven.apache.org/maven2/org/codehaus/plexus/plexus-utils/3.4.2/plexus-utils-3.4.2.jar
2026-06-23 12:58:24,084 [BasicRepositoryConnector-repo.maven.apache.org-7-1] INFO  o.e.m.c.i.e.AbstractTransferListenerAdapter - Downloading https://repo.maven.apache.org/maven2/org/codehaus/plexus/plexus-archiver/4.4.0/plexus-archiver-4.4.0.jar
2026-06-23 12:58:24,086 [BasicRepositoryConnector-repo.maven.apache.org-7-0] INFO  o.e.m.c.i.e.AbstractTransferListenerAdapter - Downloading https://repo.maven.apache.org/maven2/org/codehaus/plexus/plexus-io/3.4.0/plexus-io-3.4.0.jar
2026-06-23 12:58:24,120 [BasicRepositoryConnector-repo.maven.apache.org-7-1] INFO  o.e.m.c.i.e.AbstractTransferListenerAdapter - Downloaded https://repo.maven.apache.org/maven2/org/codehaus/plexus/plexus-archiver/4.4.0/plexus-archiver-4.4.0.jar
2026-06-23 12:58:24,123 [BasicRepositoryConnector-repo.maven.apache.org-7-0] INFO  o.e.m.c.i.e.AbstractTransferListenerAdapter - Downloaded https://repo.maven.apache.org/maven2/org/codehaus/plexus/plexus-io/3.4.0/plexus-io-3.4.0.jar
2026-06-23 12:58:24,139 [BasicRepositoryConnector-repo.maven.apache.org-7-3] INFO  o.e.m.c.i.e.AbstractTransferListenerAdapter - Downloaded https://repo.maven.apache.org/maven2/org/codehaus/plexus/plexus-utils/3.4.2/plexus-utils-3.4.2.jar
2026-06-23 12:58:24,175 [BasicRepositoryConnector-repo.maven.apache.org-7-2] INFO  o.e.m.c.i.e.AbstractTransferListenerAdapter - Downloaded https://repo.maven.apache.org/maven2/org/apache/commons/commons-compress/1.21/commons-compress-1.21.jar
2026-06-23 12:58:24,421 [Worker-0: Building] WARN  o.apache.maven.project.MavenProject - Direct modification of compileSourceRoots through clear() is deprecated and will not work in Maven 4.0.0. Please use the add/remove methods instead. If you're using a plugin that causes this warning, please upgrade to the latest version and report an issue if the warning persists. To disable these warnings, set -Dmaven.project.sourceRoots.warningsDisabled=true on the command line, in the .mvn/maven.config file, or in project POM properties.
2026-06-23 12:58:24,423 [Worker-0: Building] WARN  o.apache.maven.project.MavenProject - Direct modification of compileSourceRoots through add() is deprecated and will not work in Maven 4.0.0. Please use the add/remove methods instead. If you're using a plugin that causes this warning, please upgrade to the latest version and report an issue if the warning persists. To disable these warnings, set -Dmaven.project.sourceRoots.warningsDisabled=true on the command line, in the .mvn/maven.config file, or in project POM properties.
2026-06-23 12:58:24,425 [Worker-0: Building] WARN  o.apache.maven.project.MavenProject - Direct modification of testCompileSourceRoots through clear() is deprecated and will not work in Maven 4.0.0. Please use the add/remove methods instead. If you're using a plugin that causes this warning, please upgrade to the latest version and report an issue if the warning persists. To disable these warnings, set -Dmaven.project.sourceRoots.warningsDisabled=true on the command line, in the .mvn/maven.config file, or in project POM properties.
2026-06-23 12:58:24,426 [Worker-0: Building] WARN  o.apache.maven.project.MavenProject - Direct modification of testCompileSourceRoots through add() is deprecated and will not work in Maven 4.0.0. Please use the add/remove methods instead. If you're using a plugin that causes this warning, please upgrade to the latest version and report an issue if the warning persists. To disable these warnings, set -Dmaven.project.sourceRoots.warningsDisabled=true on the command line, in the .mvn/maven.config file, or in project POM properties.
2026-06-23 12:58:24,510 [Worker-7: Download sources and javadoc] INFO  o.e.m.c.i.e.AbstractTransferListenerAdapter - Downloading https://repo.spring.io/milestone/org/springframework/boot/spring-boot-autoconfigure/3.0.0-M5/spring-boot-autoconfigure-3.0.0-M5-sources.jar
2026-06-23 12:58:25,086 [Worker-6: Updating Maven Project] INFO  o.e.m.c.i.p.ProjectConfigurationManager - Update started
2026-06-23 12:58:25,580 [Worker-7: Download sources and javadoc] INFO  o.e.m.c.i.e.AbstractTransferListenerAdapter - Downloaded https://repo.spring.io/milestone/org/springframework/boot/spring-boot-autoconfigure/3.0.0-M5/spring-boot-autoconfigure-3.0.0-M5-sources.jar
2026-06-23 12:58:25,589 [Worker-7: Download sources and javadoc] INFO  o.e.m.j.internal.DownloadSourcesJob - Downloaded sources for org.springframework.boot:spring-boot-autoconfigure:3.0.0-M5
2026-06-23 12:58:47,139 [Worker-1: Loading available Gradle versions] INFO  o.e.b.c.i.u.g.PublishedGradleVersions - Gradle version information cache is up-to-date. Trying to read.
2026-06-23 12:59:04,497 [Worker-2: Launching workshop-springboot4-jpa - CourseApplication] INFO  o.a.m.s.f.DefaultMavenResourcesFiltering - Copying 2 resources
2026-06-23 12:59:04,514 [Worker-2: Launching workshop-springboot4-jpa - CourseApplication] INFO  o.a.m.s.f.DefaultMavenResourcesFiltering - Copying 0 resource
2026-06-23 12:59:04,521 [Worker-2: Launching workshop-springboot4-jpa - CourseApplication] INFO  o.a.m.s.f.DefaultMavenResourcesFiltering - skip non existing resourceDirectory C:\Users\USUARIO\Documents\Cursos\04. JAVA - Orientação à Objeto\Curso - Java\019. Project Web Services\workshop-springboot4-jpa\src\test\resources
2026-06-23 12:59:04,780 [Worker-2: Launching workshop-springboot4-jpa - CourseApplication] WARN  o.apache.maven.project.MavenProject - Direct modification of compileSourceRoots through clear() is deprecated and will not work in Maven 4.0.0. Please use the add/remove methods instead. If you're using a plugin that causes this warning, please upgrade to the latest version and report an issue if the warning persists. To disable these warnings, set -Dmaven.project.sourceRoots.warningsDisabled=true on the command line, in the .mvn/maven.config file, or in project POM properties.
2026-06-23 12:59:04,782 [Worker-2: Launching workshop-springboot4-jpa - CourseApplication] WARN  o.apache.maven.project.MavenProject - Direct modification of compileSourceRoots through add() is deprecated and will not work in Maven 4.0.0. Please use the add/remove methods instead. If you're using a plugin that causes this warning, please upgrade to the latest version and report an issue if the warning persists. To disable these warnings, set -Dmaven.project.sourceRoots.warningsDisabled=true on the command line, in the .mvn/maven.config file, or in project POM properties.
2026-06-23 12:59:04,782 [Worker-2: Launching workshop-springboot4-jpa - CourseApplication] WARN  o.apache.maven.project.MavenProject - Direct modification of testCompileSourceRoots through clear() is deprecated and will not work in Maven 4.0.0. Please use the add/remove methods instead. If you're using a plugin that causes this warning, please upgrade to the latest version and report an issue if the warning persists. To disable these warnings, set -Dmaven.project.sourceRoots.warningsDisabled=true on the command line, in the .mvn/maven.config file, or in project POM properties.
2026-06-23 12:59:04,783 [Worker-2: Launching workshop-springboot4-jpa - CourseApplication] WARN  o.apache.maven.project.MavenProject - Direct modification of testCompileSourceRoots through add() is deprecated and will not work in Maven 4.0.0. Please use the add/remove methods instead. If you're using a plugin that causes this warning, please upgrade to the latest version and report an issue if the warning persists. To disable these warnings, set -Dmaven.project.sourceRoots.warningsDisabled=true on the command line, in the .mvn/maven.config file, or in project POM properties.
2026-06-23 12:59:07,091 [Worker-6: Download sources and javadoc] INFO  o.e.m.c.i.e.AbstractTransferListenerAdapter - Downloading https://repo.spring.io/milestone/org/springframework/boot/spring-boot-starter-logging/3.0.0-M5/spring-boot-starter-logging-3.0.0-M5-sources.jar
2026-06-23 12:59:07,162 [Worker-6: Download sources and javadoc] INFO  o.e.m.c.i.e.AbstractTransferListenerAdapter - Downloaded https://repo.spring.io/milestone/org/springframework/boot/spring-boot-starter-logging/3.0.0-M5/spring-boot-starter-logging-3.0.0-M5-sources.jar
2026-06-23 12:59:07,173 [Worker-6: Download sources and javadoc] INFO  o.e.m.j.internal.DownloadSourcesJob - Downloaded sources for org.springframework.boot:spring-boot-starter-logging:3.0.0-M5
2026-06-23 12:59:07,772 [Worker-6: Download sources and javadoc] INFO  o.e.m.c.i.e.AbstractTransferListenerAdapter - Downloaded https://repo.spring.io/milestone/ch/qos/logback/logback-classic/1.2.11/logback-classic-1.2.11-sources.jar
2026-06-23 12:59:07,946 [Worker-6: Download sources and javadoc] INFO  o.e.m.c.i.e.AbstractTransferListenerAdapter - Downloading https://repo.maven.apache.org/maven2/ch/qos/logback/logback-classic/1.2.11/logback-classic-1.2.11-sources.jar
2026-06-23 12:59:08,001 [Worker-6: Download sources and javadoc] INFO  o.e.m.c.i.e.AbstractTransferListenerAdapter - Downloaded https://repo.maven.apache.org/maven2/ch/qos/logback/logback-classic/1.2.11/logback-classic-1.2.11-sources.jar
2026-06-23 12:59:08,008 [Worker-6: Download sources and javadoc] INFO  o.e.m.j.internal.DownloadSourcesJob - Downloaded sources for ch.qos.logback:logback-classic:1.2.11
2026-06-23 12:59:08,457 [Worker-6: Download sources and javadoc] INFO  o.e.m.c.i.e.AbstractTransferListenerAdapter - Downloaded https://repo.spring.io/milestone/ch/qos/logback/logback-core/1.2.11/logback-core-1.2.11-sources.jar
2026-06-23 12:59:08,556 [Worker-6: Download sources and javadoc] INFO  o.e.m.c.i.e.AbstractTransferListenerAdapter - Downloading https://repo.maven.apache.org/maven2/ch/qos/logback/logback-core/1.2.11/logback-core-1.2.11-sources.jar
2026-06-23 12:59:08,617 [Worker-6: Download sources and javadoc] INFO  o.e.m.c.i.e.AbstractTransferListenerAdapter - Downloaded https://repo.maven.apache.org/maven2/ch/qos/logback/logback-core/1.2.11/logback-core-1.2.11-sources.jar
2026-06-23 12:59:08,622 [Worker-6: Download sources and javadoc] INFO  o.e.m.j.internal.DownloadSourcesJob - Downloaded sources for ch.qos.logback:logback-core:1.2.11
2026-06-23 12:59:09,066 [Worker-6: Download sources and javadoc] INFO  o.e.m.c.i.e.AbstractTransferListenerAdapter - Downloaded https://repo.spring.io/milestone/org/apache/logging/log4j/log4j-to-slf4j/2.18.0/log4j-to-slf4j-2.18.0-sources.jar
2026-06-23 12:59:09,168 [Worker-6: Download sources and javadoc] INFO  o.e.m.c.i.e.AbstractTransferListenerAdapter - Downloading https://repo.maven.apache.org/maven2/org/apache/logging/log4j/log4j-to-slf4j/2.18.0/log4j-to-slf4j-2.18.0-sources.jar
2026-06-23 12:59:09,376 [Worker-6: Download sources and javadoc] INFO  o.e.m.c.i.e.AbstractTransferListenerAdapter - Downloaded https://repo.maven.apache.org/maven2/org/apache/logging/log4j/log4j-to-slf4j/2.18.0/log4j-to-slf4j-2.18.0-sources.jar
2026-06-23 12:59:09,381 [Worker-6: Download sources and javadoc] INFO  o.e.m.j.internal.DownloadSourcesJob - Downloaded sources for org.apache.logging.log4j:log4j-to-slf4j:2.18.0
2026-06-23 12:59:09,983 [Worker-6: Download sources and javadoc] INFO  o.e.m.c.i.e.AbstractTransferListenerAdapter - Downloaded https://repo.spring.io/milestone/org/apache/logging/log4j/log4j-api/2.18.0/log4j-api-2.18.0-sources.jar
2026-06-23 12:59:10,117 [Worker-6: Download sources and javadoc] INFO  o.e.m.c.i.e.AbstractTransferListenerAdapter - Downloading https://repo.maven.apache.org/maven2/org/apache/logging/log4j/log4j-api/2.18.0/log4j-api-2.18.0-sources.jar
2026-06-23 12:59:10,172 [Worker-6: Download sources and javadoc] INFO  o.e.m.c.i.e.AbstractTransferListenerAdapter - Downloaded https://repo.maven.apache.org/maven2/org/apache/logging/log4j/log4j-api/2.18.0/log4j-api-2.18.0-sources.jar
2026-06-23 12:59:10,178 [Worker-6: Download sources and javadoc] INFO  o.e.m.j.internal.DownloadSourcesJob - Downloaded sources for org.apache.logging.log4j:log4j-api:2.18.0
2026-06-23 12:59:10,769 [Worker-6: Download sources and javadoc] INFO  o.e.m.c.i.e.AbstractTransferListenerAdapter - Downloaded https://repo.spring.io/milestone/org/slf4j/jul-to-slf4j/1.7.36/jul-to-slf4j-1.7.36-sources.jar
2026-06-23 12:59:10,856 [Worker-6: Download sources and javadoc] INFO  o.e.m.c.i.e.AbstractTransferListenerAdapter - Downloading https://repo.maven.apache.org/maven2/org/slf4j/jul-to-slf4j/1.7.36/jul-to-slf4j-1.7.36-sources.jar
2026-06-23 12:59:10,918 [Worker-6: Download sources and javadoc] INFO  o.e.m.c.i.e.AbstractTransferListenerAdapter - Downloaded https://repo.maven.apache.org/maven2/org/slf4j/jul-to-slf4j/1.7.36/jul-to-slf4j-1.7.36-sources.jar
2026-06-23 12:59:10,925 [Worker-6: Download sources and javadoc] INFO  o.e.m.j.internal.DownloadSourcesJob - Downloaded sources for org.slf4j:jul-to-slf4j:1.7.36
2026-06-23 12:59:11,519 [Worker-6: Download sources and javadoc] INFO  o.e.m.c.i.e.AbstractTransferListenerAdapter - Downloaded https://repo.spring.io/milestone/jakarta/annotation/jakarta.annotation-api/2.0.0/jakarta.annotation-api-2.0.0-sources.jar
2026-06-23 12:59:11,621 [Worker-6: Download sources and javadoc] INFO  o.e.m.c.i.e.AbstractTransferListenerAdapter - Downloading https://repo.maven.apache.org/maven2/jakarta/annotation/jakarta.annotation-api/2.0.0/jakarta.annotation-api-2.0.0-sources.jar
2026-06-23 12:59:11,943 [Worker-6: Download sources and javadoc] INFO  o.e.m.c.i.e.AbstractTransferListenerAdapter - Downloaded https://repo.maven.apache.org/maven2/jakarta/annotation/jakarta.annotation-api/2.0.0/jakarta.annotation-api-2.0.0-sources.jar
2026-06-23 12:59:11,948 [Worker-6: Download sources and javadoc] INFO  o.e.m.j.internal.DownloadSourcesJob - Downloaded sources for jakarta.annotation:jakarta.annotation-api:2.0.0
2026-06-23 12:59:12,536 [Worker-6: Download sources and javadoc] INFO  o.e.m.c.i.e.AbstractTransferListenerAdapter - Downloaded https://repo.spring.io/milestone/org/yaml/snakeyaml/1.32/snakeyaml-1.32-sources.jar
2026-06-23 12:59:12,623 [Worker-6: Download sources and javadoc] INFO  o.e.m.c.i.e.AbstractTransferListenerAdapter - Downloading https://repo.maven.apache.org/maven2/org/yaml/snakeyaml/1.32/snakeyaml-1.32-sources.jar
2026-06-23 12:59:12,678 [Worker-6: Download sources and javadoc] INFO  o.e.m.c.i.e.AbstractTransferListenerAdapter - Downloaded https://repo.maven.apache.org/maven2/org/yaml/snakeyaml/1.32/snakeyaml-1.32-sources.jar
2026-06-23 12:59:12,683 [Worker-6: Download sources and javadoc] INFO  o.e.m.j.internal.DownloadSourcesJob - Downloaded sources for org.yaml:snakeyaml:1.32
2026-06-23 12:59:13,203 [Worker-6: Download sources and javadoc] INFO  o.e.m.c.i.e.AbstractTransferListenerAdapter - Downloading https://repo.spring.io/milestone/org/springframework/boot/spring-boot-starter-json/3.0.0-M5/spring-boot-starter-json-3.0.0-M5-sources.jar
2026-06-23 12:59:13,242 [Worker-6: Download sources and javadoc] INFO  o.e.m.c.i.e.AbstractTransferListenerAdapter - Downloaded https://repo.spring.io/milestone/org/springframework/boot/spring-boot-starter-json/3.0.0-M5/spring-boot-starter-json-3.0.0-M5-sources.jar
2026-06-23 12:59:13,248 [Worker-6: Download sources and javadoc] INFO  o.e.m.j.internal.DownloadSourcesJob - Downloaded sources for org.springframework.boot:spring-boot-starter-json:3.0.0-M5
2026-06-23 12:59:13,833 [Worker-6: Download sources and javadoc] INFO  o.e.m.c.i.e.AbstractTransferListenerAdapter - Downloaded https://repo.spring.io/milestone/com/fasterxml/jackson/core/jackson-databind/2.13.4/jackson-databind-2.13.4-sources.jar
2026-06-23 12:59:13,942 [Worker-6: Download sources and javadoc] INFO  o.e.m.c.i.e.AbstractTransferListenerAdapter - Downloading https://repo.maven.apache.org/maven2/com/fasterxml/jackson/core/jackson-databind/2.13.4/jackson-databind-2.13.4-sources.jar
2026-06-23 12:59:14,040 [Worker-6: Download sources and javadoc] INFO  o.e.m.c.i.e.AbstractTransferListenerAdapter - Downloaded https://repo.maven.apache.org/maven2/com/fasterxml/jackson/core/jackson-databind/2.13.4/jackson-databind-2.13.4-sources.jar
2026-06-23 12:59:14,045 [Worker-6: Download sources and javadoc] INFO  o.e.m.j.internal.DownloadSourcesJob - Downloaded sources for com.fasterxml.jackson.core:jackson-databind:2.13.4
2026-06-23 12:59:14,639 [Worker-6: Download sources and javadoc] INFO  o.e.m.c.i.e.AbstractTransferListenerAdapter - Downloaded https://repo.spring.io/milestone/com/fasterxml/jackson/core/jackson-annotations/2.13.4/jackson-annotations-2.13.4-sources.jar
2026-06-23 12:59:14,769 [Worker-6: Download sources and javadoc] INFO  o.e.m.c.i.e.AbstractTransferListenerAdapter - Downloading https://repo.maven.apache.org/maven2/com/fasterxml/jackson/core/jackson-annotations/2.13.4/jackson-annotations-2.13.4-sources.jar
2026-06-23 12:59:14,816 [Worker-6: Download sources and javadoc] INFO  o.e.m.c.i.e.AbstractTransferListenerAdapter - Downloaded https://repo.maven.apache.org/maven2/com/fasterxml/jackson/core/jackson-annotations/2.13.4/jackson-annotations-2.13.4-sources.jar
2026-06-23 12:59:14,821 [Worker-6: Download sources and javadoc] INFO  o.e.m.j.internal.DownloadSourcesJob - Downloaded sources for com.fasterxml.jackson.core:jackson-annotations:2.13.4
2026-06-23 12:59:15,409 [Worker-6: Download sources and javadoc] INFO  o.e.m.c.i.e.AbstractTransferListenerAdapter - Downloaded https://repo.spring.io/milestone/com/fasterxml/jackson/core/jackson-core/2.13.4/jackson-core-2.13.4-sources.jar
2026-06-23 12:59:15,506 [Worker-6: Download sources and javadoc] INFO  o.e.m.c.i.e.AbstractTransferListenerAdapter - Downloading https://repo.maven.apache.org/maven2/com/fasterxml/jackson/core/jackson-core/2.13.4/jackson-core-2.13.4-sources.jar
2026-06-23 12:59:15,568 [Worker-6: Download sources and javadoc] INFO  o.e.m.c.i.e.AbstractTransferListenerAdapter - Downloaded https://repo.maven.apache.org/maven2/com/fasterxml/jackson/core/jackson-core/2.13.4/jackson-core-2.13.4-sources.jar
2026-06-23 12:59:15,574 [Worker-6: Download sources and javadoc] INFO  o.e.m.j.internal.DownloadSourcesJob - Downloaded sources for com.fasterxml.jackson.core:jackson-core:2.13.4
2026-06-23 12:59:16,011 [Worker-6: Download sources and javadoc] INFO  o.e.m.c.i.e.AbstractTransferListenerAdapter - Downloaded https://repo.spring.io/milestone/com/fasterxml/jackson/datatype/jackson-datatype-jdk8/2.13.4/jackson-datatype-jdk8-2.13.4-sources.jar
2026-06-23 12:59:16,105 [Worker-6: Download sources and javadoc] INFO  o.e.m.c.i.e.AbstractTransferListenerAdapter - Downloading https://repo.maven.apache.org/maven2/com/fasterxml/jackson/datatype/jackson-datatype-jdk8/2.13.4/jackson-datatype-jdk8-2.13.4-sources.jar
2026-06-23 12:59:16,468 [Worker-6: Download sources and javadoc] INFO  o.e.m.c.i.e.AbstractTransferListenerAdapter - Downloaded https://repo.maven.apache.org/maven2/com/fasterxml/jackson/datatype/jackson-datatype-jdk8/2.13.4/jackson-datatype-jdk8-2.13.4-sources.jar
2026-06-23 12:59:16,474 [Worker-6: Download sources and javadoc] INFO  o.e.m.j.internal.DownloadSourcesJob - Downloaded sources for com.fasterxml.jackson.datatype:jackson-datatype-jdk8:2.13.4
2026-06-23 12:59:17,060 [Worker-6: Download sources and javadoc] INFO  o.e.m.c.i.e.AbstractTransferListenerAdapter - Downloaded https://repo.spring.io/milestone/com/fasterxml/jackson/datatype/jackson-datatype-jsr310/2.13.4/jackson-datatype-jsr310-2.13.4-sources.jar
2026-06-23 12:59:17,138 [Worker-6: Download sources and javadoc] INFO  o.e.m.c.i.e.AbstractTransferListenerAdapter - Downloading https://repo.maven.apache.org/maven2/com/fasterxml/jackson/datatype/jackson-datatype-jsr310/2.13.4/jackson-datatype-jsr310-2.13.4-sources.jar
2026-06-23 12:59:17,177 [Worker-6: Download sources and javadoc] INFO  o.e.m.c.i.e.AbstractTransferListenerAdapter - Downloaded https://repo.maven.apache.org/maven2/com/fasterxml/jackson/datatype/jackson-datatype-jsr310/2.13.4/jackson-datatype-jsr310-2.13.4-sources.jar
2026-06-23 12:59:17,183 [Worker-6: Download sources and javadoc] INFO  o.e.m.j.internal.DownloadSourcesJob - Downloaded sources for com.fasterxml.jackson.datatype:jackson-datatype-jsr310:2.13.4
2026-06-23 12:59:17,771 [Worker-6: Download sources and javadoc] INFO  o.e.m.c.i.e.AbstractTransferListenerAdapter - Downloaded https://repo.spring.io/milestone/com/fasterxml/jackson/module/jackson-module-parameter-names/2.13.4/jackson-module-parameter-names-2.13.4-sources.jar
2026-06-23 12:59:17,885 [Worker-6: Download sources and javadoc] INFO  o.e.m.c.i.e.AbstractTransferListenerAdapter - Downloading https://repo.maven.apache.org/maven2/com/fasterxml/jackson/module/jackson-module-parameter-names/2.13.4/jackson-module-parameter-names-2.13.4-sources.jar
2026-06-23 12:59:17,964 [Worker-6: Download sources and javadoc] INFO  o.e.m.c.i.e.AbstractTransferListenerAdapter - Downloaded https://repo.maven.apache.org/maven2/com/fasterxml/jackson/module/jackson-module-parameter-names/2.13.4/jackson-module-parameter-names-2.13.4-sources.jar
2026-06-23 12:59:17,970 [Worker-6: Download sources and javadoc] INFO  o.e.m.j.internal.DownloadSourcesJob - Downloaded sources for com.fasterxml.jackson.module:jackson-module-parameter-names:2.13.4
2026-06-23 12:59:18,622 [Worker-6: Download sources and javadoc] INFO  o.e.m.c.i.e.AbstractTransferListenerAdapter - Downloading https://repo.spring.io/milestone/org/springframework/boot/spring-boot-starter-tomcat/3.0.0-M5/spring-boot-starter-tomcat-3.0.0-M5-sources.jar
2026-06-23 12:59:18,665 [Worker-6: Download sources and javadoc] INFO  o.e.m.c.i.e.AbstractTransferListenerAdapter - Downloaded https://repo.spring.io/milestone/org/springframework/boot/spring-boot-starter-tomcat/3.0.0-M5/spring-boot-starter-tomcat-3.0.0-M5-sources.jar
2026-06-23 12:59:18,672 [Worker-6: Download sources and javadoc] INFO  o.e.m.j.internal.DownloadSourcesJob - Downloaded sources for org.springframework.boot:spring-boot-starter-tomcat:3.0.0-M5
2026-06-23 12:59:19,255 [Worker-6: Download sources and javadoc] INFO  o.e.m.c.i.e.AbstractTransferListenerAdapter - Downloaded https://repo.spring.io/milestone/org/apache/tomcat/embed/tomcat-embed-core/10.0.23/tomcat-embed-core-10.0.23-sources.jar
2026-06-23 12:59:19,346 [Worker-6: Download sources and javadoc] INFO  o.e.m.c.i.e.AbstractTransferListenerAdapter - Downloading https://repo.maven.apache.org/maven2/org/apache/tomcat/embed/tomcat-embed-core/10.0.23/tomcat-embed-core-10.0.23-sources.jar
2026-06-23 12:59:19,500 [Worker-6: Download sources and javadoc] INFO  o.e.m.c.i.e.AbstractTransferListenerAdapter - Downloaded https://repo.maven.apache.org/maven2/org/apache/tomcat/embed/tomcat-embed-core/10.0.23/tomcat-embed-core-10.0.23-sources.jar
2026-06-23 12:59:19,506 [Worker-6: Download sources and javadoc] INFO  o.e.m.j.internal.DownloadSourcesJob - Downloaded sources for org.apache.tomcat.embed:tomcat-embed-core:10.0.23
2026-06-23 12:59:20,085 [Worker-6: Download sources and javadoc] INFO  o.e.m.c.i.e.AbstractTransferListenerAdapter - Downloaded https://repo.spring.io/milestone/org/apache/tomcat/embed/tomcat-embed-el/10.0.23/tomcat-embed-el-10.0.23-sources.jar
2026-06-23 12:59:20,177 [Worker-6: Download sources and javadoc] INFO  o.e.m.c.i.e.AbstractTransferListenerAdapter - Downloading https://repo.maven.apache.org/maven2/org/apache/tomcat/embed/tomcat-embed-el/10.0.23/tomcat-embed-el-10.0.23-sources.jar
2026-06-23 12:59:20,237 [Worker-6: Download sources and javadoc] INFO  o.e.m.c.i.e.AbstractTransferListenerAdapter - Downloaded https://repo.maven.apache.org/maven2/org/apache/tomcat/embed/tomcat-embed-el/10.0.23/tomcat-embed-el-10.0.23-sources.jar
2026-06-23 12:59:20,243 [Worker-6: Download sources and javadoc] INFO  o.e.m.j.internal.DownloadSourcesJob - Downloaded sources for org.apache.tomcat.embed:tomcat-embed-el:10.0.23
2026-06-23 12:59:20,827 [Worker-6: Download sources and javadoc] INFO  o.e.m.c.i.e.AbstractTransferListenerAdapter - Downloaded https://repo.spring.io/milestone/org/apache/tomcat/embed/tomcat-embed-websocket/10.0.23/tomcat-embed-websocket-10.0.23-sources.jar
2026-06-23 12:59:20,915 [Worker-6: Download sources and javadoc] INFO  o.e.m.c.i.e.AbstractTransferListenerAdapter - Downloading https://repo.maven.apache.org/maven2/org/apache/tomcat/embed/tomcat-embed-websocket/10.0.23/tomcat-embed-websocket-10.0.23-sources.jar
2026-06-23 12:59:20,979 [Worker-6: Download sources and javadoc] INFO  o.e.m.c.i.e.AbstractTransferListenerAdapter - Downloaded https://repo.maven.apache.org/maven2/org/apache/tomcat/embed/tomcat-embed-websocket/10.0.23/tomcat-embed-websocket-10.0.23-sources.jar
2026-06-23 12:59:20,991 [Worker-6: Download sources and javadoc] INFO  o.e.m.j.internal.DownloadSourcesJob - Downloaded sources for org.apache.tomcat.embed:tomcat-embed-websocket:10.0.23
2026-06-23 12:59:22,257 [Worker-6: Download sources and javadoc] INFO  o.e.m.c.i.e.AbstractTransferListenerAdapter - Downloading https://repo.spring.io/milestone/org/springframework/spring-web/6.0.0-M6/spring-web-6.0.0-M6-sources.jar
2026-06-23 12:59:23,349 [Worker-6: Download sources and javadoc] INFO  o.e.m.c.i.e.AbstractTransferListenerAdapter - Downloaded https://repo.spring.io/milestone/org/springframework/spring-web/6.0.0-M6/spring-web-6.0.0-M6-sources.jar
2026-06-23 12:59:23,362 [Worker-6: Download sources and javadoc] INFO  o.e.m.j.internal.DownloadSourcesJob - Downloaded sources for org.springframework:spring-web:6.0.0-M6
2026-06-23 12:59:24,551 [Worker-6: Download sources and javadoc] INFO  o.e.m.c.i.e.AbstractTransferListenerAdapter - Downloading https://repo.spring.io/milestone/org/springframework/spring-beans/6.0.0-M6/spring-beans-6.0.0-M6-sources.jar
2026-06-23 12:59:25,430 [Worker-6: Download sources and javadoc] INFO  o.e.m.c.i.e.AbstractTransferListenerAdapter - Downloaded https://repo.spring.io/milestone/org/springframework/spring-beans/6.0.0-M6/spring-beans-6.0.0-M6-sources.jar
2026-06-23 12:59:25,437 [Worker-6: Download sources and javadoc] INFO  o.e.m.j.internal.DownloadSourcesJob - Downloaded sources for org.springframework:spring-beans:6.0.0-M6
2026-06-23 12:59:26,029 [Worker-6: Download sources and javadoc] INFO  o.e.m.c.i.e.AbstractTransferListenerAdapter - Downloading https://repo.spring.io/milestone/io/micrometer/micrometer-observation/1.10.0-M6/micrometer-observation-1.10.0-M6-sources.jar
2026-06-23 12:59:27,096 [Worker-6: Download sources and javadoc] INFO  o.e.m.c.i.e.AbstractTransferListenerAdapter - Downloaded https://repo.spring.io/milestone/io/micrometer/micrometer-observation/1.10.0-M6/micrometer-observation-1.10.0-M6-sources.jar
2026-06-23 12:59:27,122 [Worker-6: Download sources and javadoc] INFO  o.e.m.j.internal.DownloadSourcesJob - Downloaded sources for io.micrometer:micrometer-observation:1.10.0-M6
2026-06-23 12:59:27,630 [Worker-6: Download sources and javadoc] INFO  o.e.m.c.i.e.AbstractTransferListenerAdapter - Downloading https://repo.spring.io/milestone/io/micrometer/micrometer-commons/1.10.0-M6/micrometer-commons-1.10.0-M6-sources.jar
2026-06-23 12:59:28,581 [Worker-6: Download sources and javadoc] INFO  o.e.m.c.i.e.AbstractTransferListenerAdapter - Downloaded https://repo.spring.io/milestone/io/micrometer/micrometer-commons/1.10.0-M6/micrometer-commons-1.10.0-M6-sources.jar
2026-06-23 12:59:28,588 [Worker-6: Download sources and javadoc] INFO  o.e.m.j.internal.DownloadSourcesJob - Downloaded sources for io.micrometer:micrometer-commons:1.10.0-M6
2026-06-23 12:59:29,845 [Worker-6: Download sources and javadoc] INFO  o.e.m.c.i.e.AbstractTransferListenerAdapter - Downloading https://repo.spring.io/milestone/org/springframework/spring-webmvc/6.0.0-M6/spring-webmvc-6.0.0-M6-sources.jar
2026-06-23 12:59:30,735 [Worker-6: Download sources and javadoc] INFO  o.e.m.c.i.e.AbstractTransferListenerAdapter - Downloaded https://repo.spring.io/milestone/org/springframework/spring-webmvc/6.0.0-M6/spring-webmvc-6.0.0-M6-sources.jar
2026-06-23 12:59:30,743 [Worker-6: Download sources and javadoc] INFO  o.e.m.j.internal.DownloadSourcesJob - Downloaded sources for org.springframework:spring-webmvc:6.0.0-M6
2026-06-23 12:59:31,980 [Worker-6: Download sources and javadoc] INFO  o.e.m.c.i.e.AbstractTransferListenerAdapter - Downloading https://repo.spring.io/milestone/org/springframework/spring-aop/6.0.0-M6/spring-aop-6.0.0-M6-sources.jar
2026-06-23 12:59:32,737 [Worker-6: Download sources and javadoc] INFO  o.e.m.c.i.e.AbstractTransferListenerAdapter - Downloaded https://repo.spring.io/milestone/org/springframework/spring-aop/6.0.0-M6/spring-aop-6.0.0-M6-sources.jar
2026-06-23 12:59:32,744 [Worker-6: Download sources and javadoc] INFO  o.e.m.j.internal.DownloadSourcesJob - Downloaded sources for org.springframework:spring-aop:6.0.0-M6
2026-06-23 12:59:34,002 [Worker-6: Download sources and javadoc] INFO  o.e.m.c.i.e.AbstractTransferListenerAdapter - Downloading https://repo.spring.io/milestone/org/springframework/spring-context/6.0.0-M6/spring-context-6.0.0-M6-sources.jar
2026-06-23 12:59:34,886 [Worker-6: Download sources and javadoc] INFO  o.e.m.c.i.e.AbstractTransferListenerAdapter - Downloaded https://repo.spring.io/milestone/org/springframework/spring-context/6.0.0-M6/spring-context-6.0.0-M6-sources.jar
2026-06-23 12:59:34,894 [Worker-6: Download sources and javadoc] INFO  o.e.m.j.internal.DownloadSourcesJob - Downloaded sources for org.springframework:spring-context:6.0.0-M6
2026-06-23 12:59:36,026 [Worker-6: Download sources and javadoc] INFO  o.e.m.c.i.e.AbstractTransferListenerAdapter - Downloading https://repo.spring.io/milestone/org/springframework/spring-expression/6.0.0-M6/spring-expression-6.0.0-M6-sources.jar
2026-06-23 12:59:36,627 [Worker-6: Download sources and javadoc] INFO  o.e.m.c.i.e.AbstractTransferListenerAdapter - Downloaded https://repo.spring.io/milestone/org/springframework/spring-expression/6.0.0-M6/spring-expression-6.0.0-M6-sources.jar
2026-06-23 12:59:36,634 [Worker-6: Download sources and javadoc] INFO  o.e.m.j.internal.DownloadSourcesJob - Downloaded sources for org.springframework:spring-expression:6.0.0-M6
2026-06-23 12:59:37,219 [Worker-6: Download sources and javadoc] INFO  o.e.m.c.i.e.AbstractTransferListenerAdapter - Downloaded https://repo.spring.io/milestone/org/slf4j/slf4j-api/1.7.36/slf4j-api-1.7.36-sources.jar
2026-06-23 12:59:37,312 [Worker-6: Download sources and javadoc] INFO  o.e.m.c.i.e.AbstractTransferListenerAdapter - Downloading https://repo.maven.apache.org/maven2/org/slf4j/slf4j-api/1.7.36/slf4j-api-1.7.36-sources.jar
2026-06-23 12:59:37,350 [Worker-6: Download sources and javadoc] INFO  o.e.m.c.i.e.AbstractTransferListenerAdapter - Downloaded https://repo.maven.apache.org/maven2/org/slf4j/slf4j-api/1.7.36/slf4j-api-1.7.36-sources.jar
2026-06-23 12:59:37,357 [Worker-6: Download sources and javadoc] INFO  o.e.m.j.internal.DownloadSourcesJob - Downloaded sources for org.slf4j:slf4j-api:1.7.36
2026-06-23 12:59:37,950 [Worker-6: Download sources and javadoc] INFO  o.e.m.c.i.e.AbstractTransferListenerAdapter - Downloaded https://repo.spring.io/milestone/jakarta/xml/bind/jakarta.xml.bind-api/3.0.1/jakarta.xml.bind-api-3.0.1-sources.jar
2026-06-23 12:59:38,074 [Worker-6: Download sources and javadoc] INFO  o.e.m.c.i.e.AbstractTransferListenerAdapter - Downloading https://repo.maven.apache.org/maven2/jakarta/xml/bind/jakarta.xml.bind-api/3.0.1/jakarta.xml.bind-api-3.0.1-sources.jar
2026-06-23 12:59:38,136 [Worker-6: Download sources and javadoc] INFO  o.e.m.c.i.e.AbstractTransferListenerAdapter - Downloaded https://repo.maven.apache.org/maven2/jakarta/xml/bind/jakarta.xml.bind-api/3.0.1/jakarta.xml.bind-api-3.0.1-sources.jar
2026-06-23 12:59:38,142 [Worker-6: Download sources and javadoc] INFO  o.e.m.j.internal.DownloadSourcesJob - Downloaded sources for jakarta.xml.bind:jakarta.xml.bind-api:3.0.1
2026-06-23 12:59:38,731 [Worker-6: Download sources and javadoc] INFO  o.e.m.c.i.e.AbstractTransferListenerAdapter - Downloaded https://repo.spring.io/milestone/com/sun/activation/jakarta.activation/2.0.1/jakarta.activation-2.0.1-sources.jar
2026-06-23 12:59:38,844 [Worker-6: Download sources and javadoc] INFO  o.e.m.c.i.e.AbstractTransferListenerAdapter - Downloading https://repo.maven.apache.org/maven2/com/sun/activation/jakarta.activation/2.0.1/jakarta.activation-2.0.1-sources.jar
2026-06-23 12:59:38,878 [Worker-6: Download sources and javadoc] INFO  o.e.m.c.i.e.AbstractTransferListenerAdapter - Downloaded https://repo.maven.apache.org/maven2/com/sun/activation/jakarta.activation/2.0.1/jakarta.activation-2.0.1-sources.jar
2026-06-23 12:59:38,886 [Worker-6: Download sources and javadoc] INFO  o.e.m.j.internal.DownloadSourcesJob - Downloaded sources for com.sun.activation:jakarta.activation:2.0.1
2026-06-23 12:59:39,340 [Worker-6: Download sources and javadoc] INFO  o.e.m.c.i.e.AbstractTransferListenerAdapter - Downloaded https://repo.spring.io/milestone/net/bytebuddy/byte-buddy/1.12.17/byte-buddy-1.12.17-sources.jar
2026-06-23 12:59:39,445 [Worker-6: Download sources and javadoc] INFO  o.e.m.c.i.e.AbstractTransferListenerAdapter - Downloading https://repo.maven.apache.org/maven2/net/bytebuddy/byte-buddy/1.12.17/byte-buddy-1.12.17-sources.jar
2026-06-23 12:59:39,574 [Worker-6: Download sources and javadoc] INFO  o.e.m.c.i.e.AbstractTransferListenerAdapter - Downloaded https://repo.maven.apache.org/maven2/net/bytebuddy/byte-buddy/1.12.17/byte-buddy-1.12.17-sources.jar
2026-06-23 12:59:39,583 [Worker-6: Download sources and javadoc] INFO  o.e.m.j.internal.DownloadSourcesJob - Downloaded sources for net.bytebuddy:byte-buddy:1.12.17
2026-06-23 12:59:40,886 [Worker-6: Download sources and javadoc] INFO  o.e.m.c.i.e.AbstractTransferListenerAdapter - Downloading https://repo.spring.io/milestone/org/springframework/spring-core/6.0.0-M6/spring-core-6.0.0-M6-sources.jar
2026-06-23 12:59:41,908 [Worker-6: Download sources and javadoc] INFO  o.e.m.c.i.e.AbstractTransferListenerAdapter - Downloaded https://repo.spring.io/milestone/org/springframework/spring-core/6.0.0-M6/spring-core-6.0.0-M6-sources.jar
2026-06-23 12:59:41,919 [Worker-6: Download sources and javadoc] INFO  o.e.m.j.internal.DownloadSourcesJob - Downloaded sources for org.springframework:spring-core:6.0.0-M6
2026-06-23 12:59:42,624 [Worker-6: Download sources and javadoc] INFO  o.e.m.c.i.e.AbstractTransferListenerAdapter - Downloading https://repo.spring.io/milestone/org/springframework/spring-jcl/6.0.0-M6/spring-jcl-6.0.0-M6-sources.jar
2026-06-23 12:59:42,956 [Worker-6: Download sources and javadoc] INFO  o.e.m.c.i.e.AbstractTransferListenerAdapter - Downloaded https://repo.spring.io/milestone/org/springframework/spring-jcl/6.0.0-M6/spring-jcl-6.0.0-M6-sources.jar
2026-06-23 12:59:42,970 [Worker-6: Download sources and javadoc] INFO  o.e.m.j.internal.DownloadSourcesJob - Downloaded sources for org.springframework:spring-jcl:6.0.0-M6
2026-06-23 12:59:43,614 [Worker-6: Download sources and javadoc] INFO  o.e.m.c.i.e.AbstractTransferListenerAdapter - Downloading https://repo.spring.io/milestone/org/springframework/boot/spring-boot-starter-data-jpa/3.0.0-M5/spring-boot-starter-data-jpa-3.0.0-M5-sources.jar
2026-06-23 12:59:43,661 [Worker-6: Download sources and javadoc] INFO  o.e.m.c.i.e.AbstractTransferListenerAdapter - Downloaded https://repo.spring.io/milestone/org/springframework/boot/spring-boot-starter-data-jpa/3.0.0-M5/spring-boot-starter-data-jpa-3.0.0-M5-sources.jar
2026-06-23 12:59:43,669 [Worker-6: Download sources and javadoc] INFO  o.e.m.j.internal.DownloadSourcesJob - Downloaded sources for org.springframework.boot:spring-boot-starter-data-jpa:3.0.0-M5
2026-06-23 12:59:44,104 [Worker-6: Download sources and javadoc] INFO  o.e.m.c.i.e.AbstractTransferListenerAdapter - Downloading https://repo.spring.io/milestone/org/springframework/boot/spring-boot-starter-aop/3.0.0-M5/spring-boot-starter-aop-3.0.0-M5-sources.jar
2026-06-23 12:59:44,160 [Worker-6: Download sources and javadoc] INFO  o.e.m.c.i.e.AbstractTransferListenerAdapter - Downloaded https://repo.spring.io/milestone/org/springframework/boot/spring-boot-starter-aop/3.0.0-M5/spring-boot-starter-aop-3.0.0-M5-sources.jar
2026-06-23 12:59:44,167 [Worker-6: Download sources and javadoc] INFO  o.e.m.j.internal.DownloadSourcesJob - Downloaded sources for org.springframework.boot:spring-boot-starter-aop:3.0.0-M5
2026-06-23 12:59:44,754 [Worker-6: Download sources and javadoc] INFO  o.e.m.c.i.e.AbstractTransferListenerAdapter - Downloaded https://repo.spring.io/milestone/org/aspectj/aspectjweaver/1.9.9.1/aspectjweaver-1.9.9.1-sources.jar
2026-06-23 12:59:44,855 [Worker-6: Download sources and javadoc] INFO  o.e.m.c.i.e.AbstractTransferListenerAdapter - Downloading https://repo.maven.apache.org/maven2/org/aspectj/aspectjweaver/1.9.9.1/aspectjweaver-1.9.9.1-sources.jar
2026-06-23 12:59:44,973 [Worker-6: Download sources and javadoc] INFO  o.e.m.c.i.e.AbstractTransferListenerAdapter - Downloaded https://repo.maven.apache.org/maven2/org/aspectj/aspectjweaver/1.9.9.1/aspectjweaver-1.9.9.1-sources.jar
2026-06-23 12:59:44,979 [Worker-6: Download sources and javadoc] INFO  o.e.m.j.internal.DownloadSourcesJob - Downloaded sources for org.aspectj:aspectjweaver:1.9.9.1
2026-06-23 12:59:45,589 [Worker-6: Download sources and javadoc] INFO  o.e.m.c.i.e.AbstractTransferListenerAdapter - Downloading https://repo.spring.io/milestone/org/springframework/boot/spring-boot-starter-jdbc/3.0.0-M5/spring-boot-starter-jdbc-3.0.0-M5-sources.jar
2026-06-23 12:59:45,682 [Worker-6: Download sources and javadoc] INFO  o.e.m.c.i.e.AbstractTransferListenerAdapter - Downloaded https://repo.spring.io/milestone/org/springframework/boot/spring-boot-starter-jdbc/3.0.0-M5/spring-boot-starter-jdbc-3.0.0-M5-sources.jar
2026-06-23 12:59:45,690 [Worker-6: Download sources and javadoc] INFO  o.e.m.j.internal.DownloadSourcesJob - Downloaded sources for org.springframework.boot:spring-boot-starter-jdbc:3.0.0-M5
2026-06-23 12:59:46,287 [Worker-6: Download sources and javadoc] INFO  o.e.m.c.i.e.AbstractTransferListenerAdapter - Downloaded https://repo.spring.io/milestone/com/zaxxer/HikariCP/5.0.1/HikariCP-5.0.1-sources.jar
2026-06-23 12:59:46,387 [Worker-6: Download sources and javadoc] INFO  o.e.m.c.i.e.AbstractTransferListenerAdapter - Downloading https://repo.maven.apache.org/maven2/com/zaxxer/HikariCP/5.0.1/HikariCP-5.0.1-sources.jar
2026-06-23 12:59:46,487 [Worker-6: Download sources and javadoc] INFO  o.e.m.c.i.e.AbstractTransferListenerAdapter - Downloaded https://repo.maven.apache.org/maven2/com/zaxxer/HikariCP/5.0.1/HikariCP-5.0.1-sources.jar
2026-06-23 12:59:46,500 [Worker-6: Download sources and javadoc] INFO  o.e.m.j.internal.DownloadSourcesJob - Downloaded sources for com.zaxxer:HikariCP:5.0.1
2026-06-23 12:59:47,695 [Worker-6: Download sources and javadoc] INFO  o.e.m.c.i.e.AbstractTransferListenerAdapter - Downloading https://repo.spring.io/milestone/org/springframework/spring-jdbc/6.0.0-M6/spring-jdbc-6.0.0-M6-sources.jar
2026-06-23 12:59:48,460 [Worker-6: Download sources and javadoc] INFO  o.e.m.c.i.e.AbstractTransferListenerAdapter - Downloaded https://repo.spring.io/milestone/org/springframework/spring-jdbc/6.0.0-M6/spring-jdbc-6.0.0-M6-sources.jar
2026-06-23 12:59:48,475 [Worker-6: Download sources and javadoc] INFO  o.e.m.j.internal.DownloadSourcesJob - Downloaded sources for org.springframework:spring-jdbc:6.0.0-M6
2026-06-23 12:59:49,088 [Worker-6: Download sources and javadoc] INFO  o.e.m.c.i.e.AbstractTransferListenerAdapter - Downloaded https://repo.spring.io/milestone/org/hibernate/orm/hibernate-core/6.1.3.Final/hibernate-core-6.1.3.Final-sources.jar
2026-06-23 12:59:49,190 [Worker-6: Download sources and javadoc] INFO  o.e.m.c.i.e.AbstractTransferListenerAdapter - Downloading https://repo.maven.apache.org/maven2/org/hibernate/orm/hibernate-core/6.1.3.Final/hibernate-core-6.1.3.Final-sources.jar
2026-06-23 12:59:49,470 [Worker-6: Download sources and javadoc] INFO  o.e.m.c.i.e.AbstractTransferListenerAdapter - Downloaded https://repo.maven.apache.org/maven2/org/hibernate/orm/hibernate-core/6.1.3.Final/hibernate-core-6.1.3.Final-sources.jar
2026-06-23 12:59:49,478 [Worker-6: Download sources and javadoc] INFO  o.e.m.j.internal.DownloadSourcesJob - Downloaded sources for org.hibernate.orm:hibernate-core:6.1.3.Final
2026-06-23 12:59:50,077 [Worker-6: Download sources and javadoc] INFO  o.e.m.c.i.e.AbstractTransferListenerAdapter - Downloaded https://repo.spring.io/milestone/jakarta/persistence/jakarta.persistence-api/3.0.0/jakarta.persistence-api-3.0.0-sources.jar
2026-06-23 12:59:50,175 [Worker-6: Download sources and javadoc] INFO  o.e.m.c.i.e.AbstractTransferListenerAdapter - Downloading https://repo.maven.apache.org/maven2/jakarta/persistence/jakarta.persistence-api/3.0.0/jakarta.persistence-api-3.0.0-sources.jar
2026-06-23 12:59:50,259 [Worker-6: Download sources and javadoc] INFO  o.e.m.c.i.e.AbstractTransferListenerAdapter - Downloaded https://repo.maven.apache.org/maven2/jakarta/persistence/jakarta.persistence-api/3.0.0/jakarta.persistence-api-3.0.0-sources.jar
2026-06-23 12:59:50,267 [Worker-6: Download sources and javadoc] INFO  o.e.m.j.internal.DownloadSourcesJob - Downloaded sources for jakarta.persistence:jakarta.persistence-api:3.0.0
2026-06-23 12:59:50,722 [Worker-6: Download sources and javadoc] INFO  o.e.m.c.i.e.AbstractTransferListenerAdapter - Downloaded https://repo.spring.io/milestone/org/jboss/logging/jboss-logging/3.5.0.Final/jboss-logging-3.5.0.Final-sources.jar
2026-06-23 12:59:50,829 [Worker-6: Download sources and javadoc] INFO  o.e.m.c.i.e.AbstractTransferListenerAdapter - Downloading https://repo.maven.apache.org/maven2/org/jboss/logging/jboss-logging/3.5.0.Final/jboss-logging-3.5.0.Final-sources.jar
2026-06-23 12:59:51,645 [Worker-6: Download sources and javadoc] INFO  o.e.m.c.i.e.AbstractTransferListenerAdapter - Downloaded https://repo.maven.apache.org/maven2/org/jboss/logging/jboss-logging/3.5.0.Final/jboss-logging-3.5.0.Final-sources.jar
2026-06-23 12:59:51,653 [Worker-6: Download sources and javadoc] INFO  o.e.m.j.internal.DownloadSourcesJob - Downloaded sources for org.jboss.logging:jboss-logging:3.5.0.Final
2026-06-23 12:59:52,094 [Worker-6: Download sources and javadoc] INFO  o.e.m.c.i.e.AbstractTransferListenerAdapter - Downloaded https://repo.spring.io/milestone/org/hibernate/common/hibernate-commons-annotations/6.0.2.Final/hibernate-commons-annotations-6.0.2.Final-sources.jar
2026-06-23 12:59:52,174 [Worker-6: Download sources and javadoc] INFO  o.e.m.c.i.e.AbstractTransferListenerAdapter - Downloading https://repo.maven.apache.org/maven2/org/hibernate/common/hibernate-commons-annotations/6.0.2.Final/hibernate-commons-annotations-6.0.2.Final-sources.jar
2026-06-23 12:59:52,966 [Worker-6: Download sources and javadoc] INFO  o.e.m.c.i.e.AbstractTransferListenerAdapter - Downloaded https://repo.maven.apache.org/maven2/org/hibernate/common/hibernate-commons-annotations/6.0.2.Final/hibernate-commons-annotations-6.0.2.Final-sources.jar
2026-06-23 12:59:52,970 [Worker-6: Download sources and javadoc] INFO  o.e.m.j.internal.DownloadSourcesJob - Downloaded sources for org.hibernate.common:hibernate-commons-annotations:6.0.2.Final
2026-06-23 12:59:53,560 [Worker-6: Download sources and javadoc] INFO  o.e.m.c.i.e.AbstractTransferListenerAdapter - Downloaded https://repo.spring.io/milestone/org/jboss/jandex/2.4.2.Final/jandex-2.4.2.Final-sources.jar
2026-06-23 12:59:53,654 [Worker-6: Download sources and javadoc] INFO  o.e.m.c.i.e.AbstractTransferListenerAdapter - Downloading https://repo.maven.apache.org/maven2/org/jboss/jandex/2.4.2.Final/jandex-2.4.2.Final-sources.jar
2026-06-23 12:59:53,701 [Worker-6: Download sources and javadoc] INFO  o.e.m.c.i.e.AbstractTransferListenerAdapter - Downloaded https://repo.maven.apache.org/maven2/org/jboss/jandex/2.4.2.Final/jandex-2.4.2.Final-sources.jar
2026-06-23 12:59:53,707 [Worker-6: Download sources and javadoc] INFO  o.e.m.j.internal.DownloadSourcesJob - Downloaded sources for org.jboss:jandex:2.4.2.Final
2026-06-23 12:59:54,291 [Worker-6: Download sources and javadoc] INFO  o.e.m.c.i.e.AbstractTransferListenerAdapter - Downloaded https://repo.spring.io/milestone/org/glassfish/jaxb/jaxb-runtime/3.0.2/jaxb-runtime-3.0.2-sources.jar
2026-06-23 12:59:54,405 [Worker-6: Download sources and javadoc] INFO  o.e.m.c.i.e.AbstractTransferListenerAdapter - Downloading https://repo.maven.apache.org/maven2/org/glassfish/jaxb/jaxb-runtime/3.0.2/jaxb-runtime-3.0.2-sources.jar
2026-06-23 12:59:54,497 [Worker-6: Download sources and javadoc] INFO  o.e.m.c.i.e.AbstractTransferListenerAdapter - Downloaded https://repo.maven.apache.org/maven2/org/glassfish/jaxb/jaxb-runtime/3.0.2/jaxb-runtime-3.0.2-sources.jar
2026-06-23 12:59:54,502 [Worker-6: Download sources and javadoc] INFO  o.e.m.j.internal.DownloadSourcesJob - Downloaded sources for org.glassfish.jaxb:jaxb-runtime:3.0.2
2026-06-23 12:59:54,941 [Worker-6: Download sources and javadoc] INFO  o.e.m.c.i.e.AbstractTransferListenerAdapter - Downloaded https://repo.spring.io/milestone/org/glassfish/jaxb/jaxb-core/3.0.2/jaxb-core-3.0.2-sources.jar
2026-06-23 12:59:55,043 [Worker-6: Download sources and javadoc] INFO  o.e.m.c.i.e.AbstractTransferListenerAdapter - Downloading https://repo.maven.apache.org/maven2/org/glassfish/jaxb/jaxb-core/3.0.2/jaxb-core-3.0.2-sources.jar
2026-06-23 12:59:55,096 [Worker-6: Download sources and javadoc] INFO  o.e.m.c.i.e.AbstractTransferListenerAdapter - Downloaded https://repo.maven.apache.org/maven2/org/glassfish/jaxb/jaxb-core/3.0.2/jaxb-core-3.0.2-sources.jar
2026-06-23 12:59:55,103 [Worker-6: Download sources and javadoc] INFO  o.e.m.j.internal.DownloadSourcesJob - Downloaded sources for org.glassfish.jaxb:jaxb-core:3.0.2
2026-06-23 12:59:55,691 [Worker-6: Download sources and javadoc] INFO  o.e.m.c.i.e.AbstractTransferListenerAdapter - Downloaded https://repo.spring.io/milestone/org/glassfish/jaxb/txw2/3.0.2/txw2-3.0.2-sources.jar
2026-06-23 12:59:55,776 [Worker-6: Download sources and javadoc] INFO  o.e.m.c.i.e.AbstractTransferListenerAdapter - Downloading https://repo.maven.apache.org/maven2/org/glassfish/jaxb/txw2/3.0.2/txw2-3.0.2-sources.jar
2026-06-23 12:59:55,813 [Worker-6: Download sources and javadoc] INFO  o.e.m.c.i.e.AbstractTransferListenerAdapter - Downloaded https://repo.maven.apache.org/maven2/org/glassfish/jaxb/txw2/3.0.2/txw2-3.0.2-sources.jar
2026-06-23 12:59:55,821 [Worker-6: Download sources and javadoc] INFO  o.e.m.j.internal.DownloadSourcesJob - Downloaded sources for org.glassfish.jaxb:txw2:3.0.2
2026-06-23 12:59:56,406 [Worker-6: Download sources and javadoc] INFO  o.e.m.c.i.e.AbstractTransferListenerAdapter - Downloaded https://repo.spring.io/milestone/com/sun/istack/istack-commons-runtime/4.0.1/istack-commons-runtime-4.0.1-sources.jar
2026-06-23 12:59:56,508 [Worker-6: Download sources and javadoc] INFO  o.e.m.c.i.e.AbstractTransferListenerAdapter - Downloading https://repo.maven.apache.org/maven2/com/sun/istack/istack-commons-runtime/4.0.1/istack-commons-runtime-4.0.1-sources.jar
2026-06-23 12:59:57,067 [Worker-6: Download sources and javadoc] INFO  o.e.m.c.i.e.AbstractTransferListenerAdapter - Downloaded https://repo.maven.apache.org/maven2/com/sun/istack/istack-commons-runtime/4.0.1/istack-commons-runtime-4.0.1-sources.jar
2026-06-23 12:59:57,072 [Worker-6: Download sources and javadoc] INFO  o.e.m.j.internal.DownloadSourcesJob - Downloaded sources for com.sun.istack:istack-commons-runtime:4.0.1
2026-06-23 12:59:57,657 [Worker-6: Download sources and javadoc] INFO  o.e.m.c.i.e.AbstractTransferListenerAdapter - Downloaded https://repo.spring.io/milestone/jakarta/inject/jakarta.inject-api/2.0.0/jakarta.inject-api-2.0.0-sources.jar
2026-06-23 12:59:57,751 [Worker-6: Download sources and javadoc] INFO  o.e.m.c.i.e.AbstractTransferListenerAdapter - Downloading https://repo.maven.apache.org/maven2/jakarta/inject/jakarta.inject-api/2.0.0/jakarta.inject-api-2.0.0-sources.jar
2026-06-23 12:59:57,987 [Worker-6: Download sources and javadoc] INFO  o.e.m.c.i.e.AbstractTransferListenerAdapter - Downloaded https://repo.maven.apache.org/maven2/jakarta/inject/jakarta.inject-api/2.0.0/jakarta.inject-api-2.0.0-sources.jar
2026-06-23 12:59:57,994 [Worker-6: Download sources and javadoc] INFO  o.e.m.j.internal.DownloadSourcesJob - Downloaded sources for jakarta.inject:jakarta.inject-api:2.0.0
2026-06-23 12:59:58,597 [Worker-6: Download sources and javadoc] INFO  o.e.m.c.i.e.AbstractTransferListenerAdapter - Downloaded https://repo.spring.io/milestone/org/antlr/antlr4-runtime/4.10/antlr4-runtime-4.10-sources.jar
2026-06-23 12:59:58,691 [Worker-6: Download sources and javadoc] INFO  o.e.m.c.i.e.AbstractTransferListenerAdapter - Downloading https://repo.maven.apache.org/maven2/org/antlr/antlr4-runtime/4.10/antlr4-runtime-4.10-sources.jar
2026-06-23 12:59:58,757 [Worker-6: Download sources and javadoc] INFO  o.e.m.c.i.e.AbstractTransferListenerAdapter - Downloaded https://repo.maven.apache.org/maven2/org/antlr/antlr4-runtime/4.10/antlr4-runtime-4.10-sources.jar
2026-06-23 12:59:58,764 [Worker-6: Download sources and javadoc] INFO  o.e.m.j.internal.DownloadSourcesJob - Downloaded sources for org.antlr:antlr4-runtime:4.10
2026-06-23 13:00:00,051 [Worker-6: Download sources and javadoc] INFO  o.e.m.c.i.e.AbstractTransferListenerAdapter - Downloading https://repo.spring.io/milestone/org/springframework/data/spring-data-jpa/3.0.0-M6/spring-data-jpa-3.0.0-M6-sources.jar
2026-06-23 13:00:00,654 [Worker-6: Download sources and javadoc] INFO  o.e.m.c.i.e.AbstractTransferListenerAdapter - Downloaded https://repo.spring.io/milestone/org/springframework/data/spring-data-jpa/3.0.0-M6/spring-data-jpa-3.0.0-M6-sources.jar
2026-06-23 13:00:00,662 [Worker-6: Download sources and javadoc] INFO  o.e.m.j.internal.DownloadSourcesJob - Downloaded sources for org.springframework.data:spring-data-jpa:3.0.0-M6
2026-06-23 13:00:01,985 [Worker-6: Download sources and javadoc] INFO  o.e.m.c.i.e.AbstractTransferListenerAdapter - Downloading https://repo.spring.io/milestone/org/springframework/data/spring-data-commons/3.0.0-M6/spring-data-commons-3.0.0-M6-sources.jar
2026-06-23 13:00:02,915 [Worker-6: Download sources and javadoc] INFO  o.e.m.c.i.e.AbstractTransferListenerAdapter - Downloaded https://repo.spring.io/milestone/org/springframework/data/spring-data-commons/3.0.0-M6/spring-data-commons-3.0.0-M6-sources.jar
2026-06-23 13:00:02,922 [Worker-6: Download sources and javadoc] INFO  o.e.m.j.internal.DownloadSourcesJob - Downloaded sources for org.springframework.data:spring-data-commons:3.0.0-M6
2026-06-23 13:00:03,524 [Worker-6: Download sources and javadoc] INFO  o.e.m.c.i.e.AbstractTransferListenerAdapter - Downloading https://repo.spring.io/milestone/org/springframework/spring-orm/6.0.0-M6/spring-orm-6.0.0-M6-sources.jar
2026-06-23 13:00:03,990 [Worker-6: Download sources and javadoc] INFO  o.e.m.c.i.e.AbstractTransferListenerAdapter - Downloaded https://repo.spring.io/milestone/org/springframework/spring-orm/6.0.0-M6/spring-orm-6.0.0-M6-sources.jar
2026-06-23 13:00:04,001 [Worker-6: Download sources and javadoc] INFO  o.e.m.j.internal.DownloadSourcesJob - Downloaded sources for org.springframework:spring-orm:6.0.0-M6
2026-06-23 13:00:05,218 [Worker-6: Download sources and javadoc] INFO  o.e.m.c.i.e.AbstractTransferListenerAdapter - Downloading https://repo.spring.io/milestone/org/springframework/spring-tx/6.0.0-M6/spring-tx-6.0.0-M6-sources.jar
2026-06-23 13:00:05,850 [Worker-6: Download sources and javadoc] INFO  o.e.m.c.i.e.AbstractTransferListenerAdapter - Downloaded https://repo.spring.io/milestone/org/springframework/spring-tx/6.0.0-M6/spring-tx-6.0.0-M6-sources.jar
2026-06-23 13:00:05,856 [Worker-6: Download sources and javadoc] INFO  o.e.m.j.internal.DownloadSourcesJob - Downloaded sources for org.springframework:spring-tx:6.0.0-M6
2026-06-23 13:00:06,448 [Worker-6: Download sources and javadoc] INFO  o.e.m.c.i.e.AbstractTransferListenerAdapter - Downloading https://repo.spring.io/milestone/org/springframework/spring-aspects/6.0.0-M6/spring-aspects-6.0.0-M6-sources.jar
2026-06-23 13:00:07,138 [Worker-6: Download sources and javadoc] INFO  o.e.m.c.i.e.AbstractTransferListenerAdapter - Downloaded https://repo.spring.io/milestone/org/springframework/spring-aspects/6.0.0-M6/spring-aspects-6.0.0-M6-sources.jar
2026-06-23 13:00:07,150 [Worker-6: Download sources and javadoc] INFO  o.e.m.j.internal.DownloadSourcesJob - Downloaded sources for org.springframework:spring-aspects:6.0.0-M6
2026-06-23 13:00:07,840 [Worker-6: Download sources and javadoc] INFO  o.e.m.c.i.e.AbstractTransferListenerAdapter - Downloaded https://repo.spring.io/milestone/com/h2database/h2/2.1.214/h2-2.1.214-sources.jar
2026-06-23 13:00:07,939 [Worker-6: Download sources and javadoc] INFO  o.e.m.c.i.e.AbstractTransferListenerAdapter - Downloading https://repo.maven.apache.org/maven2/com/h2database/h2/2.1.214/h2-2.1.214-sources.jar
2026-06-23 13:00:08,086 [Worker-6: Download sources and javadoc] INFO  o.e.m.c.i.e.AbstractTransferListenerAdapter - Downloaded https://repo.maven.apache.org/maven2/com/h2database/h2/2.1.214/h2-2.1.214-sources.jar
2026-06-23 13:00:08,094 [Worker-6: Download sources and javadoc] INFO  o.e.m.j.internal.DownloadSourcesJob - Downloaded sources for com.h2database:h2:2.1.214
2026-06-23 13:00:10,665 [Worker-0: Download sources and javadoc] INFO  o.e.m.c.i.e.AbstractTransferListenerAdapter - Downloading https://repo.spring.io/milestone/org/springframework/boot/spring-boot-starter-test/3.0.0-M5/spring-boot-starter-test-3.0.0-M5-sources.jar
2026-06-23 13:00:10,734 [Worker-0: Download sources and javadoc] INFO  o.e.m.c.i.e.AbstractTransferListenerAdapter - Downloaded https://repo.spring.io/milestone/org/springframework/boot/spring-boot-starter-test/3.0.0-M5/spring-boot-starter-test-3.0.0-M5-sources.jar
2026-06-23 13:00:10,745 [Worker-0: Download sources and javadoc] INFO  o.e.m.j.internal.DownloadSourcesJob - Downloaded sources for org.springframework.boot:spring-boot-starter-test:3.0.0-M5
2026-06-23 13:00:11,333 [Worker-0: Download sources and javadoc] INFO  o.e.m.c.i.e.AbstractTransferListenerAdapter - Downloading https://repo.spring.io/milestone/org/springframework/boot/spring-boot-test/3.0.0-M5/spring-boot-test-3.0.0-M5-sources.jar
2026-06-23 13:00:11,787 [Worker-0: Download sources and javadoc] INFO  o.e.m.c.i.e.AbstractTransferListenerAdapter - Downloaded https://repo.spring.io/milestone/org/springframework/boot/spring-boot-test/3.0.0-M5/spring-boot-test-3.0.0-M5-sources.jar
2026-06-23 13:00:11,796 [Worker-0: Download sources and javadoc] INFO  o.e.m.j.internal.DownloadSourcesJob - Downloaded sources for org.springframework.boot:spring-boot-test:3.0.0-M5
2026-06-23 13:00:13,014 [Worker-0: Download sources and javadoc] INFO  o.e.m.c.i.e.AbstractTransferListenerAdapter - Downloading https://repo.spring.io/milestone/org/springframework/boot/spring-boot-test-autoconfigure/3.0.0-M5/spring-boot-test-autoconfigure-3.0.0-M5-sources.jar
2026-06-23 13:00:13,638 [Worker-0: Download sources and javadoc] INFO  o.e.m.c.i.e.AbstractTransferListenerAdapter - Downloaded https://repo.spring.io/milestone/org/springframework/boot/spring-boot-test-autoconfigure/3.0.0-M5/spring-boot-test-autoconfigure-3.0.0-M5-sources.jar
2026-06-23 13:00:13,651 [Worker-0: Download sources and javadoc] INFO  o.e.m.j.internal.DownloadSourcesJob - Downloaded sources for org.springframework.boot:spring-boot-test-autoconfigure:3.0.0-M5
2026-06-23 13:00:14,238 [Worker-0: Download sources and javadoc] INFO  o.e.m.c.i.e.AbstractTransferListenerAdapter - Downloaded https://repo.spring.io/milestone/com/jayway/jsonpath/json-path/2.7.0/json-path-2.7.0-sources.jar
2026-06-23 13:00:14,343 [Worker-0: Download sources and javadoc] INFO  o.e.m.c.i.e.AbstractTransferListenerAdapter - Downloading https://repo.maven.apache.org/maven2/com/jayway/jsonpath/json-path/2.7.0/json-path-2.7.0-sources.jar
2026-06-23 13:00:14,394 [Worker-0: Download sources and javadoc] INFO  o.e.m.c.i.e.AbstractTransferListenerAdapter - Downloaded https://repo.maven.apache.org/maven2/com/jayway/jsonpath/json-path/2.7.0/json-path-2.7.0-sources.jar
2026-06-23 13:00:14,402 [Worker-0: Download sources and javadoc] INFO  o.e.m.j.internal.DownloadSourcesJob - Downloaded sources for com.jayway.jsonpath:json-path:2.7.0
2026-06-23 13:00:14,993 [Worker-0: Download sources and javadoc] INFO  o.e.m.c.i.e.AbstractTransferListenerAdapter - Downloaded https://repo.spring.io/milestone/net/minidev/json-smart/2.4.8/json-smart-2.4.8-sources.jar
2026-06-23 13:00:15,078 [Worker-0: Download sources and javadoc] INFO  o.e.m.c.i.e.AbstractTransferListenerAdapter - Downloading https://repo.maven.apache.org/maven2/net/minidev/json-smart/2.4.8/json-smart-2.4.8-sources.jar
2026-06-23 13:00:15,112 [Worker-0: Download sources and javadoc] INFO  o.e.m.c.i.e.AbstractTransferListenerAdapter - Downloaded https://repo.maven.apache.org/maven2/net/minidev/json-smart/2.4.8/json-smart-2.4.8-sources.jar
2026-06-23 13:00:15,118 [Worker-0: Download sources and javadoc] INFO  o.e.m.j.internal.DownloadSourcesJob - Downloaded sources for net.minidev:json-smart:2.4.8
2026-06-23 13:00:15,560 [Worker-0: Download sources and javadoc] INFO  o.e.m.c.i.e.AbstractTransferListenerAdapter - Downloaded https://repo.spring.io/milestone/net/minidev/accessors-smart/2.4.8/accessors-smart-2.4.8-sources.jar
2026-06-23 13:00:15,651 [Worker-0: Download sources and javadoc] INFO  o.e.m.c.i.e.AbstractTransferListenerAdapter - Downloading https://repo.maven.apache.org/maven2/net/minidev/accessors-smart/2.4.8/accessors-smart-2.4.8-sources.jar
2026-06-23 13:00:15,926 [Worker-0: Download sources and javadoc] INFO  o.e.m.c.i.e.AbstractTransferListenerAdapter - Downloaded https://repo.maven.apache.org/maven2/net/minidev/accessors-smart/2.4.8/accessors-smart-2.4.8-sources.jar
2026-06-23 13:00:15,932 [Worker-0: Download sources and javadoc] INFO  o.e.m.j.internal.DownloadSourcesJob - Downloaded sources for net.minidev:accessors-smart:2.4.8
2026-06-23 13:00:16,513 [Worker-0: Download sources and javadoc] INFO  o.e.m.c.i.e.AbstractTransferListenerAdapter - Downloaded https://repo.spring.io/milestone/org/ow2/asm/asm/9.1/asm-9.1-sources.jar
2026-06-23 13:00:16,608 [Worker-0: Download sources and javadoc] INFO  o.e.m.c.i.e.AbstractTransferListenerAdapter - Downloading https://repo.maven.apache.org/maven2/org/ow2/asm/asm/9.1/asm-9.1-sources.jar
2026-06-23 13:00:16,659 [Worker-0: Download sources and javadoc] INFO  o.e.m.c.i.e.AbstractTransferListenerAdapter - Downloaded https://repo.maven.apache.org/maven2/org/ow2/asm/asm/9.1/asm-9.1-sources.jar
2026-06-23 13:00:16,665 [Worker-0: Download sources and javadoc] INFO  o.e.m.j.internal.DownloadSourcesJob - Downloaded sources for org.ow2.asm:asm:9.1
2026-06-23 13:00:17,106 [Worker-0: Download sources and javadoc] INFO  o.e.m.c.i.e.AbstractTransferListenerAdapter - Downloaded https://repo.spring.io/milestone/org/assertj/assertj-core/3.23.1/assertj-core-3.23.1-sources.jar
2026-06-23 13:00:17,192 [Worker-0: Download sources and javadoc] INFO  o.e.m.c.i.e.AbstractTransferListenerAdapter - Downloading https://repo.maven.apache.org/maven2/org/assertj/assertj-core/3.23.1/assertj-core-3.23.1-sources.jar
2026-06-23 13:00:17,303 [Worker-0: Download sources and javadoc] INFO  o.e.m.c.i.e.AbstractTransferListenerAdapter - Downloaded https://repo.maven.apache.org/maven2/org/assertj/assertj-core/3.23.1/assertj-core-3.23.1-sources.jar
2026-06-23 13:00:17,312 [Worker-0: Download sources and javadoc] INFO  o.e.m.j.internal.DownloadSourcesJob - Downloaded sources for org.assertj:assertj-core:3.23.1
2026-06-23 13:00:17,901 [Worker-0: Download sources and javadoc] INFO  o.e.m.c.i.e.AbstractTransferListenerAdapter - Downloaded https://repo.spring.io/milestone/org/hamcrest/hamcrest/2.2/hamcrest-2.2-sources.jar
2026-06-23 13:00:17,983 [Worker-0: Download sources and javadoc] INFO  o.e.m.c.i.e.AbstractTransferListenerAdapter - Downloading https://repo.maven.apache.org/maven2/org/hamcrest/hamcrest/2.2/hamcrest-2.2-sources.jar
2026-06-23 13:00:18,038 [Worker-0: Download sources and javadoc] INFO  o.e.m.c.i.e.AbstractTransferListenerAdapter - Downloaded https://repo.maven.apache.org/maven2/org/hamcrest/hamcrest/2.2/hamcrest-2.2-sources.jar
2026-06-23 13:00:18,048 [Worker-0: Download sources and javadoc] INFO  o.e.m.j.internal.DownloadSourcesJob - Downloaded sources for org.hamcrest:hamcrest:2.2
2026-06-23 13:00:18,502 [Worker-0: Download sources and javadoc] INFO  o.e.m.c.i.e.AbstractTransferListenerAdapter - Downloaded https://repo.spring.io/milestone/org/junit/jupiter/junit-jupiter/5.9.1/junit-jupiter-5.9.1-sources.jar
2026-06-23 13:00:18,598 [Worker-0: Download sources and javadoc] INFO  o.e.m.c.i.e.AbstractTransferListenerAdapter - Downloading https://repo.maven.apache.org/maven2/org/junit/jupiter/junit-jupiter/5.9.1/junit-jupiter-5.9.1-sources.jar
2026-06-23 13:00:18,648 [Worker-0: Download sources and javadoc] INFO  o.e.m.c.i.e.AbstractTransferListenerAdapter - Downloaded https://repo.maven.apache.org/maven2/org/junit/jupiter/junit-jupiter/5.9.1/junit-jupiter-5.9.1-sources.jar
2026-06-23 13:00:18,653 [Worker-0: Download sources and javadoc] INFO  o.e.m.j.internal.DownloadSourcesJob - Downloaded sources for org.junit.jupiter:junit-jupiter:5.9.1
2026-06-23 13:00:19,245 [Worker-0: Download sources and javadoc] INFO  o.e.m.c.i.e.AbstractTransferListenerAdapter - Downloaded https://repo.spring.io/milestone/org/junit/jupiter/junit-jupiter-api/5.9.1/junit-jupiter-api-5.9.1-sources.jar
2026-06-23 13:00:19,330 [Worker-0: Download sources and javadoc] INFO  o.e.m.c.i.e.AbstractTransferListenerAdapter - Downloading https://repo.maven.apache.org/maven2/org/junit/jupiter/junit-jupiter-api/5.9.1/junit-jupiter-api-5.9.1-sources.jar
2026-06-23 13:00:19,386 [Worker-0: Download sources and javadoc] INFO  o.e.m.c.i.e.AbstractTransferListenerAdapter - Downloaded https://repo.maven.apache.org/maven2/org/junit/jupiter/junit-jupiter-api/5.9.1/junit-jupiter-api-5.9.1-sources.jar
2026-06-23 13:00:19,393 [Worker-0: Download sources and javadoc] INFO  o.e.m.j.internal.DownloadSourcesJob - Downloaded sources for org.junit.jupiter:junit-jupiter-api:5.9.1
2026-06-23 13:00:19,978 [Worker-0: Download sources and javadoc] INFO  o.e.m.c.i.e.AbstractTransferListenerAdapter - Downloaded https://repo.spring.io/milestone/org/opentest4j/opentest4j/1.2.0/opentest4j-1.2.0-sources.jar
2026-06-23 13:00:20,106 [Worker-0: Download sources and javadoc] INFO  o.e.m.c.i.e.AbstractTransferListenerAdapter - Downloading https://repo.maven.apache.org/maven2/org/opentest4j/opentest4j/1.2.0/opentest4j-1.2.0-sources.jar
2026-06-23 13:00:20,448 [Worker-0: Download sources and javadoc] INFO  o.e.m.c.i.e.AbstractTransferListenerAdapter - Downloaded https://repo.maven.apache.org/maven2/org/opentest4j/opentest4j/1.2.0/opentest4j-1.2.0-sources.jar
2026-06-23 13:00:20,475 [Worker-0: Download sources and javadoc] INFO  o.e.m.j.internal.DownloadSourcesJob - Downloaded sources for org.opentest4j:opentest4j:1.2.0
2026-06-23 13:00:21,088 [Worker-0: Download sources and javadoc] INFO  o.e.m.c.i.e.AbstractTransferListenerAdapter - Downloaded https://repo.spring.io/milestone/org/junit/platform/junit-platform-commons/1.9.1/junit-platform-commons-1.9.1-sources.jar
2026-06-23 13:00:21,182 [Worker-0: Download sources and javadoc] INFO  o.e.m.c.i.e.AbstractTransferListenerAdapter - Downloading https://repo.maven.apache.org/maven2/org/junit/platform/junit-platform-commons/1.9.1/junit-platform-commons-1.9.1-sources.jar
2026-06-23 13:00:21,253 [Worker-0: Download sources and javadoc] INFO  o.e.m.c.i.e.AbstractTransferListenerAdapter - Downloaded https://repo.maven.apache.org/maven2/org/junit/platform/junit-platform-commons/1.9.1/junit-platform-commons-1.9.1-sources.jar
2026-06-23 13:00:21,266 [Worker-0: Download sources and javadoc] INFO  o.e.m.j.internal.DownloadSourcesJob - Downloaded sources for org.junit.platform:junit-platform-commons:1.9.1
2026-06-23 13:00:21,721 [Worker-0: Download sources and javadoc] INFO  o.e.m.c.i.e.AbstractTransferListenerAdapter - Downloaded https://repo.spring.io/milestone/org/junit/jupiter/junit-jupiter-params/5.9.1/junit-jupiter-params-5.9.1-sources.jar
2026-06-23 13:00:21,820 [Worker-0: Download sources and javadoc] INFO  o.e.m.c.i.e.AbstractTransferListenerAdapter - Downloading https://repo.maven.apache.org/maven2/org/junit/jupiter/junit-jupiter-params/5.9.1/junit-jupiter-params-5.9.1-sources.jar
2026-06-23 13:00:21,869 [Worker-0: Download sources and javadoc] INFO  o.e.m.c.i.e.AbstractTransferListenerAdapter - Downloaded https://repo.maven.apache.org/maven2/org/junit/jupiter/junit-jupiter-params/5.9.1/junit-jupiter-params-5.9.1-sources.jar
2026-06-23 13:00:21,878 [Worker-0: Download sources and javadoc] INFO  o.e.m.j.internal.DownloadSourcesJob - Downloaded sources for org.junit.jupiter:junit-jupiter-params:5.9.1
2026-06-23 13:00:22,470 [Worker-0: Download sources and javadoc] INFO  o.e.m.c.i.e.AbstractTransferListenerAdapter - Downloaded https://repo.spring.io/milestone/org/junit/jupiter/junit-jupiter-engine/5.9.1/junit-jupiter-engine-5.9.1-sources.jar
2026-06-23 13:00:22,559 [Worker-0: Download sources and javadoc] INFO  o.e.m.c.i.e.AbstractTransferListenerAdapter - Downloading https://repo.maven.apache.org/maven2/org/junit/jupiter/junit-jupiter-engine/5.9.1/junit-jupiter-engine-5.9.1-sources.jar
2026-06-23 13:00:22,604 [Worker-0: Download sources and javadoc] INFO  o.e.m.c.i.e.AbstractTransferListenerAdapter - Downloaded https://repo.maven.apache.org/maven2/org/junit/jupiter/junit-jupiter-engine/5.9.1/junit-jupiter-engine-5.9.1-sources.jar
2026-06-23 13:00:22,609 [Worker-0: Download sources and javadoc] INFO  o.e.m.j.internal.DownloadSourcesJob - Downloaded sources for org.junit.jupiter:junit-jupiter-engine:5.9.1
2026-06-23 13:00:23,193 [Worker-0: Download sources and javadoc] INFO  o.e.m.c.i.e.AbstractTransferListenerAdapter - Downloaded https://repo.spring.io/milestone/org/junit/platform/junit-platform-engine/1.9.1/junit-platform-engine-1.9.1-sources.jar
2026-06-23 13:00:23,305 [Worker-0: Download sources and javadoc] INFO  o.e.m.c.i.e.AbstractTransferListenerAdapter - Downloading https://repo.maven.apache.org/maven2/org/junit/platform/junit-platform-engine/1.9.1/junit-platform-engine-1.9.1-sources.jar
2026-06-23 13:00:23,348 [Worker-0: Download sources and javadoc] INFO  o.e.m.c.i.e.AbstractTransferListenerAdapter - Downloaded https://repo.maven.apache.org/maven2/org/junit/platform/junit-platform-engine/1.9.1/junit-platform-engine-1.9.1-sources.jar
2026-06-23 13:00:23,356 [Worker-0: Download sources and javadoc] INFO  o.e.m.j.internal.DownloadSourcesJob - Downloaded sources for org.junit.platform:junit-platform-engine:1.9.1
2026-06-23 13:00:23,936 [Worker-0: Download sources and javadoc] INFO  o.e.m.c.i.e.AbstractTransferListenerAdapter - Downloaded https://repo.spring.io/milestone/org/mockito/mockito-core/4.8.0/mockito-core-4.8.0-sources.jar
2026-06-23 13:00:24,028 [Worker-0: Download sources and javadoc] INFO  o.e.m.c.i.e.AbstractTransferListenerAdapter - Downloading https://repo.maven.apache.org/maven2/org/mockito/mockito-core/4.8.0/mockito-core-4.8.0-sources.jar
2026-06-23 13:00:24,098 [Worker-0: Download sources and javadoc] INFO  o.e.m.c.i.e.AbstractTransferListenerAdapter - Downloaded https://repo.maven.apache.org/maven2/org/mockito/mockito-core/4.8.0/mockito-core-4.8.0-sources.jar
2026-06-23 13:00:24,103 [Worker-0: Download sources and javadoc] INFO  o.e.m.j.internal.DownloadSourcesJob - Downloaded sources for org.mockito:mockito-core:4.8.0
2026-06-23 13:00:24,540 [Worker-0: Download sources and javadoc] INFO  o.e.m.c.i.e.AbstractTransferListenerAdapter - Downloaded https://repo.spring.io/milestone/net/bytebuddy/byte-buddy-agent/1.12.17/byte-buddy-agent-1.12.17-sources.jar
2026-06-23 13:00:24,639 [Worker-0: Download sources and javadoc] INFO  o.e.m.c.i.e.AbstractTransferListenerAdapter - Downloading https://repo.maven.apache.org/maven2/net/bytebuddy/byte-buddy-agent/1.12.17/byte-buddy-agent-1.12.17-sources.jar
2026-06-23 13:00:24,685 [Worker-0: Download sources and javadoc] INFO  o.e.m.c.i.e.AbstractTransferListenerAdapter - Downloaded https://repo.maven.apache.org/maven2/net/bytebuddy/byte-buddy-agent/1.12.17/byte-buddy-agent-1.12.17-sources.jar
2026-06-23 13:00:24,690 [Worker-0: Download sources and javadoc] INFO  o.e.m.j.internal.DownloadSourcesJob - Downloaded sources for net.bytebuddy:byte-buddy-agent:1.12.17
2026-06-23 13:00:25,128 [Worker-0: Download sources and javadoc] INFO  o.e.m.c.i.e.AbstractTransferListenerAdapter - Downloaded https://repo.spring.io/milestone/org/objenesis/objenesis/3.2/objenesis-3.2-sources.jar
2026-06-23 13:00:25,213 [Worker-0: Download sources and javadoc] INFO  o.e.m.c.i.e.AbstractTransferListenerAdapter - Downloading https://repo.maven.apache.org/maven2/org/objenesis/objenesis/3.2/objenesis-3.2-sources.jar
2026-06-23 13:00:25,239 [Worker-0: Download sources and javadoc] INFO  o.e.m.c.i.e.AbstractTransferListenerAdapter - Downloaded https://repo.maven.apache.org/maven2/org/objenesis/objenesis/3.2/objenesis-3.2-sources.jar
2026-06-23 13:00:25,244 [Worker-0: Download sources and javadoc] INFO  o.e.m.j.internal.DownloadSourcesJob - Downloaded sources for org.objenesis:objenesis:3.2
2026-06-23 13:00:25,828 [Worker-0: Download sources and javadoc] INFO  o.e.m.c.i.e.AbstractTransferListenerAdapter - Downloaded https://repo.spring.io/milestone/org/mockito/mockito-junit-jupiter/4.8.0/mockito-junit-jupiter-4.8.0-sources.jar
2026-06-23 13:00:25,932 [Worker-0: Download sources and javadoc] INFO  o.e.m.c.i.e.AbstractTransferListenerAdapter - Downloading https://repo.maven.apache.org/maven2/org/mockito/mockito-junit-jupiter/4.8.0/mockito-junit-jupiter-4.8.0-sources.jar
2026-06-23 13:00:25,987 [Worker-0: Download sources and javadoc] INFO  o.e.m.c.i.e.AbstractTransferListenerAdapter - Downloaded https://repo.maven.apache.org/maven2/org/mockito/mockito-junit-jupiter/4.8.0/mockito-junit-jupiter-4.8.0-sources.jar
2026-06-23 13:00:25,992 [Worker-0: Download sources and javadoc] INFO  o.e.m.j.internal.DownloadSourcesJob - Downloaded sources for org.mockito:mockito-junit-jupiter:4.8.0
2026-06-23 13:00:26,573 [Worker-0: Download sources and javadoc] INFO  o.e.m.c.i.e.AbstractTransferListenerAdapter - Downloaded https://repo.spring.io/milestone/org/skyscreamer/jsonassert/1.5.1/jsonassert-1.5.1-sources.jar
2026-06-23 13:00:26,669 [Worker-0: Download sources and javadoc] INFO  o.e.m.c.i.e.AbstractTransferListenerAdapter - Downloading https://repo.maven.apache.org/maven2/org/skyscreamer/jsonassert/1.5.1/jsonassert-1.5.1-sources.jar
2026-06-23 13:00:27,012 [Worker-0: Download sources and javadoc] INFO  o.e.m.c.i.e.AbstractTransferListenerAdapter - Downloaded https://repo.maven.apache.org/maven2/org/skyscreamer/jsonassert/1.5.1/jsonassert-1.5.1-sources.jar
2026-06-23 13:00:27,017 [Worker-0: Download sources and javadoc] INFO  o.e.m.j.internal.DownloadSourcesJob - Downloaded sources for org.skyscreamer:jsonassert:1.5.1
2026-06-23 13:00:28,236 [Worker-0: Download sources and javadoc] INFO  o.e.m.c.i.e.AbstractTransferListenerAdapter - Downloading https://repo.spring.io/milestone/org/springframework/spring-test/6.0.0-M6/spring-test-6.0.0-M6-sources.jar
2026-06-23 13:00:29,129 [Worker-0: Download sources and javadoc] INFO  o.e.m.c.i.e.AbstractTransferListenerAdapter - Downloaded https://repo.spring.io/milestone/org/springframework/spring-test/6.0.0-M6/spring-test-6.0.0-M6-sources.jar
2026-06-23 13:00:29,134 [Worker-0: Download sources and javadoc] INFO  o.e.m.j.internal.DownloadSourcesJob - Downloaded sources for org.springframework:spring-test:6.0.0-M6
2026-06-23 13:00:29,716 [Worker-0: Download sources and javadoc] INFO  o.e.m.c.i.e.AbstractTransferListenerAdapter - Downloaded https://repo.spring.io/milestone/org/xmlunit/xmlunit-core/2.9.0/xmlunit-core-2.9.0-sources.jar
2026-06-23 13:00:29,799 [Worker-0: Download sources and javadoc] INFO  o.e.m.c.i.e.AbstractTransferListenerAdapter - Downloading https://repo.maven.apache.org/maven2/org/xmlunit/xmlunit-core/2.9.0/xmlunit-core-2.9.0-sources.jar
2026-06-23 13:00:29,843 [Worker-0: Download sources and javadoc] INFO  o.e.m.c.i.e.AbstractTransferListenerAdapter - Downloaded https://repo.maven.apache.org/maven2/org/xmlunit/xmlunit-core/2.9.0/xmlunit-core-2.9.0-sources.jar
2026-06-23 13:00:29,848 [Worker-0: Download sources and javadoc] INFO  o.e.m.j.internal.DownloadSourcesJob - Downloaded sources for org.xmlunit:xmlunit-core:2.9.0
